tweet,tweet_tokenized,tweet_translated,tweet_translated_tokenized
Los primeros 25 a√±os de la infancia son los mejores.  ¬°Feliz d√≠a del ni√±o!,"['primeros', 'a√±os', 'infancia', 'mejores', '¬°feliz', 'd√≠a', 'ni√±o']",The first 25 years of childhood are the best. Happy Children's Day!,"['first', 'years', 'childhood', 'best', 'happy', 'children', 'day']"
De aqu√≠ en adelante a pensar en los nuevos retos y experiencias que se vienen üí™üèΩ,"['aqu√≠', 'adelante', 'pensar', 'nuevos', 'retos', 'experiencias', 'vienen', 'üí™üèΩ']",From now on to think about the new challenges and experiences to come üí™üèΩ,"['think', 'new', 'challenges', 'experiences', 'come', 'üí™üèΩ']"
"Me dicen: ""Mano, vuelve al crossfit. Est√°s m√°s pendiente de no morir que de otra cosa. Te ayuda a drenar y te vas a sentir mejor"".  Cu√°nta raz√≥n.","['dicen', 'mano', 'vuelve', 'crossfit', 'pendiente', 'morir', 'cosa', 'ayuda', 'drenar', 'vas', 'sentir', 'mejor', 'cu√°nta', 'raz√≥n']","They tell me: ""Mano, go back to crossfit. You are more aware of not dying than of anything else. It helps you drain and you will feel better."" How right","['tell', 'mano', 'go', 'back', 'crossfit', 'aware', 'dying', 'anything', 'else', 'helps', 'drain', 'feel', 'better', 'right']"
Guten Morgen a todos. Que sea una gran semana,"['guten', 'morgen', 'gran', 'semana']",Guten Morgen to everyone. Make it a great week,"['guten', 'morgen', 'everyone', 'make', 'great', 'week']"
@francisbels @edgarramirez25 @MicroTDH @LuisitoComunica @AlexTienda @Dayanamendoza @MaiteDelgadoVV @LOSMESONEROS @lamusublog @Rawayana @deynac18 @luissilvatwitt @edgarramirez25 @MicroTDH @luisitocomunica @alextienda @dayanamendoza @maitedelgadoVV @LOSMESONEROS @lamusublog @rawayana @deynac18 @luissilvatwitt,"['francisbels', 'edgarramirez', 'microtdh', 'luisitocomunica', 'alextienda', 'dayanamendoza', 'maitedelgadovv', 'losmesoneros', 'lamusublog', 'rawayana', 'deynac', 'luissilvatwitt', 'edgarramirez', 'microtdh', 'luisitocomunica', 'alextienda', 'dayanamendoza', 'maitedelgadovv', 'losmesoneros', 'lamusublog', 'rawayana', 'deynac', 'luissilvatwitt']",@francisbels @edgarramirez25 @MicroTDH @LuisitoComunica @AlexTienda @Dayanamendoza @MaiteDelgadoVV @LOSMESONEROS @lamusublog @Rawayana @deynac18 @luissilvatwitt @edgarramirez25 @MicroTDH @luisitocomadodelva @dayanamenva @dayanamenado @d,"['francisbels', 'edgarramirez', 'microtdh', 'luisitocomunica', 'alextienda', 'dayanamendoza', 'maitedelgadovv', 'losmesoneros', 'lamusublog', 'rawayana', 'deynac', 'luissilvatwitt', 'edgarramirez', 'microtdh', 'luisitocomadodelva', 'dayanamenva', 'dayanamenado']"
"@miguelromero97_ Jajajaja mano, no le pares. Sube la foto con la camisa y con esta mueca  https://t.co/OlJI1xuZHQ","['miguelromero', 'jajajaja', 'mano', 'pares', 'sube', 'foto', 'camisa', 'mueca']","@ miguelromero97_ Hahahaha hand, don't stop him. Upload the photo with the shirt and with this grimace https://t.co/OlJI1xuZHQ","['miguelromero', 'hahahaha', 'hand', 'stop', 'upload', 'photo', 'shirt', 'grimace']"
"En todo caso, creo que una ""SuperLiga"" tendr√≠a m√°s valor si se hiciera cada 4 a√±os, por ejm. Pero si se convierte en una competici√≥n regular va a perder emoci√≥n y algunos de los ""grandes clubes"" van a terminar siendo los peque√±os de ese torneo.","['caso', 'creo', 'superliga', 'valor', 'si', 'hiciera', 'cada', 'a√±os', 'ejm', 'si', 'convierte', 'competici√≥n', 'regular', 'va', 'perder', 'emoci√≥n', 'grandes', 'clubes', 'van', 'terminar', 'siendo', 'peque√±os', 'torneo']","In any case, I think that a ""SuperLiga"" would have more value if it were done every 4 years, for example. But if it becomes a regular competition it will lose its excitement and some of the ""big clubs"" will end up being the small ones in that tournament.","['case', 'think', 'superliga', 'would', 'value', 'done', 'every', 'years', 'example', 'becomes', 'regular', 'competition', 'lose', 'excitement', 'big', 'clubs', 'end', 'small', 'ones', 'tournament']"
La crisis de los 25...,['crisis'],The crisis of 25 ...,['crisis']
"Desde que tengo 10 a√±os el f√∫tbol me encanta. Pero en a√±os recientes ya no veo el f√∫tbol de la misma forma, ya no con la intensidad de antes.   Cada d√≠a que pasa me confirma lo que pienso, que todo es por y para la plata üíî","['a√±os', 'f√∫tbol', 'encanta', 'a√±os', 'recientes', 'veo', 'f√∫tbol', 'misma', 'forma', 'intensidad', 'cada', 'd√≠a', 'pasa', 'confirma', 'pienso', 'plata']","I've loved soccer since I was 10 years old. But in recent years I no longer see football in the same way, no longer with the intensity of before. Every day that passes confirms what I think, that everything is for and for money üíî","['loved', 'soccer', 'since', 'years', 'old', 'recent', 'years', 'longer', 'see', 'football', 'way', 'longer', 'intensity', 'every', 'day', 'passes', 'confirms', 'think', 'everything', 'money']"
Nunca es tarde para reconstruir tu vida y hacer las cosas bien ‚úåÔ∏è,"['nunca', 'tarde', 'reconstruir', 'vida', 'hacer', 'cosas', 'bien', '‚úåÔ∏è']",It is never too late to rebuild your life and do things right ‚úåÔ∏è,"['never', 'late', 'rebuild', 'life', 'things', 'right', '‚úåÔ∏è']"
"""Tan pronto se interrumpe o se obstaculiza la habilidad humana de relacionarse, se prepara el terreno para la opresi√≥n"".  What does it mean to be masculine?, DW Documentary.","['tan', 'pronto', 'interrumpe', 'obstaculiza', 'habilidad', 'humana', 'relacionarse', 'prepara', 'terreno', 'opresi√≥n', 'what', 'does', 'it', 'mean', 'to', 'be', 'masculine', 'dw', 'documentary']","""As soon as the human ability to relate is interrupted or hampered, the ground is set for oppression."" What does it mean to be masculine ?, DW Documentary.","['soon', 'human', 'ability', 'relate', 'interrupted', 'hampered', 'ground', 'set', 'oppression', 'mean', 'masculine', 'dw', 'documentary']"
"Qu√© bien se debe sentir experimentar la paz, alegr√≠a y confort que es estar en ""el lugar"".  All√≠ donde lo que hacemos tiene un valor para alguien, soluciona un problema y nos sentimos a gusto.  Eso que algunos llaman ""nuestro lugar en el mundo"".","['bien', 'debe', 'sentir', 'experimentar', 'paz', 'alegr√≠a', 'confort', 'lugar', 'all√≠', 'hacemos', 'valor', 'alguien', 'soluciona', 'problema', 'sentimos', 'gusto', 'llaman', 'lugar', 'mundo']","How good it must feel to experience the peace, joy and comfort that it is to be in ""the place"". Wherever what we do has a value for someone, it solves a problem and we feel comfortable. What some call ""our place in the world.""","['good', 'must', 'feel', 'experience', 'peace', 'joy', 'comfort', 'place', 'wherever', 'value', 'someone', 'solves', 'problem', 'feel', 'comfortable', 'call', 'place', 'world']"
"Hay personas que aparentan serlo, pero la verdad es que son √°ngeles disfrazados de humanos.   Mi m√°s sincero y c√°lido abrazo a todos esos √°ngeles que me han hecho llegar su mensaje de apoyo.","['personas', 'aparentan', 'serlo', 'verdad', '√°ngeles', 'disfrazados', 'humanos', 'sincero', 'c√°lido', 'abrazo', '√°ngeles', 'hecho', 'llegar', 'mensaje', 'apoyo']","There are people who appear to be, but the truth is that they are angels disguised as humans. My most sincere and warm hug to all those angels who have sent me their message of support.","['people', 'appear', 'truth', 'angels', 'disguised', 'humans', 'sincere', 'warm', 'hug', 'angels', 'sent', 'message', 'support']"
"@oguevaras @jmpuentec Buenas tardes, agradezco mucho su apoyo. Trato de escribirle al DM pero no me aparece para contactarle por all√≠","['oguevaras', 'jmpuentec', 'buenas', 'tardes', 'agradezco', 'apoyo', 'trato', 'escribirle', 'dm', 'aparece', 'contactarle', 'all√≠']","@oguevaras @jmpuentec Good afternoon, I really appreciate your support. I try to write to the DM but he does not appear to contact him there","['oguevaras', 'jmpuentec', 'good', 'afternoon', 'really', 'appreciate', 'support', 'try', 'write', 'dm', 'appear', 'contact']"
"@pulidobelkys1 @VinzorSky @UrijiJami Muy buenos d√≠as, sra Belkys. Muchas gracias por sus √°nimos y sus recomendaciones. C√≥mo puedo contactar a su hijo? Muchas bendiciones.","['pulidobelkys', 'vinzorsky', 'urijijami', 'buenos', 'd√≠as', 'sra', 'belkys', 'muchas', 'gracias', '√°nimos', 'recomendaciones', 'c√≥mo', 'puedo', 'contactar', 'hijo', 'muchas', 'bendiciones']","@polishedbelkys1 @VinzorSky @UrijiJami Good morning, Ms. Belkys. Thank you very much for your encouragement and your recommendations. How can I contact your child? Many blessings.","['polishedbelkys', 'vinzorsky', 'urijijami', 'good', 'morning', 'ms', 'belkys', 'thank', 'much', 'encouragement', 'recommendations', 'contact', 'child', 'many', 'blessings']"
"@pulidobelkys1 Muy buenos d√≠as, ya no tengo palabras para saber c√≥mo agradecer la difusi√≥n que han dado a mi mensaje y su inter√©s por ayudarme. Vivo y estudio en la sede de UCAB en Puerto Ordaz. Muchas bendiciones","['pulidobelkys', 'buenos', 'd√≠as', 'palabras', 'saber', 'c√≥mo', 'agradecer', 'difusi√≥n', 'dado', 'mensaje', 'inter√©s', 'ayudarme', 'vivo', 'estudio', 'sede', 'ucab', 'puerto', 'ordaz', 'muchas', 'bendiciones']","@ Polishedbelkys1 Good morning, I no longer have the words to know how to thank you for the dissemination that you have given to my message and your interest in helping me. I live and study at the UCAB headquarters in Puerto Ordaz. Many blessings","['polishedbelkys', 'good', 'morning', 'longer', 'words', 'know', 'thank', 'dissemination', 'given', 'message', 'interest', 'helping', 'live', 'study', 'ucab', 'headquarters', 'puerto', 'ordaz', 'many', 'blessings']"
@VinzorSky @UrijiJami Muchas gracias por la sugerencia. Lo tengo en cuenta. Nuevamente agradezco las buenas vibras y las recomendaciones,"['vinzorsky', 'urijijami', 'muchas', 'gracias', 'sugerencia', 'cuenta', 'nuevamente', 'agradezco', 'buenas', 'vibras', 'recomendaciones']",@VinzorSky @UrijiJami Thank you very much for the suggestion. I keep it in mind. Again I appreciate the good vibes and the recommendations,"['vinzorsky', 'urijijami', 'thank', 'much', 'suggestion', 'keep', 'mind', 'appreciate', 'good', 'vibes', 'recommendations']"
"@21alberto_ Gracias, hermano. Muchas bendiciones","['alberto', 'gracias', 'hermano', 'muchas', 'bendiciones']","@ 21alberto_ Thanks, brother. Many blessings","['alberto', 'thanks', 'brother', 'many', 'blessings']"
"@gabrielalizardo @edgarramirez25 @nacholacriatura @alejandraoraa @EmpresasPolar @lasmorillo Valoro much√≠simo el apoyo y la difusi√≥n. Espero poder conseguir ese empleo y poder culminar pronto mi carrera. Nuevamente, agradecido y le env√≠o muchas bendiciones!","['gabrielalizardo', 'edgarramirez', 'nacholacriatura', 'alejandraoraa', 'empresaspolar', 'lasmorillo', 'valoro', 'much√≠simo', 'apoyo', 'difusi√≥n', 'espero', 'poder', 'conseguir', 'empleo', 'poder', 'culminar', 'pronto', 'carrera', 'nuevamente', 'agradecido', 'env√≠o', 'muchas', 'bendiciones']","@gabrielalizardo @ edgarramirez25 @nacholacriatura @alejandraoraa @EmpresasPolar @lasmorillo I greatly value the support and dissemination. I hope I can get that job and finish my career soon. Again, thankful and send you many blessings!","['gabrielalizardo', 'edgarramirez', 'nacholacriatura', 'alejandraoraa', 'empresaspolar', 'lasmorillo', 'greatly', 'value', 'support', 'dissemination', 'hope', 'get', 'job', 'finish', 'career', 'soon', 'thankful', 'send', 'many', 'blessings']"
@RafaelRm0190jp Jam√°s. Muchas bendiciones,"['rafaelrm', 'jp', 'jam√°s', 'muchas', 'bendiciones']",@ RafaelRm0190jp Never. Many blessings,"['rafaelrm', 'jp', 'never', 'many', 'blessings']"
@JoseQui72223917 Gracias a todos por sus buenos deseos. La intenci√≥n es ser resiliente ante la adversidad y luchar por alcanzar las metas. Un gran abrazo y de verdad agradecido por todos los mensajes y el apoyo. Muchas bendiciones,"['josequi', 'gracias', 'buenos', 'deseos', 'intenci√≥n', 'ser', 'resiliente', 'adversidad', 'luchar', 'alcanzar', 'metas', 'gran', 'abrazo', 'verdad', 'agradecido', 'mensajes', 'apoyo', 'muchas', 'bendiciones']",@ JoseQui72223917 Thank you all for your good wishes. The intention is to be resilient in the face of adversity and strive to achieve goals. A big hug and truly grateful for all the messages and support. Many blessings,"['josequi', 'thank', 'good', 'wishes', 'intention', 'resilient', 'face', 'adversity', 'strive', 'achieve', 'goals', 'big', 'hug', 'truly', 'grateful', 'messages', 'support', 'many', 'blessings']"
@Ornellasgomezm Verdaderamente es as√≠. Muchos estudiantes hacemos el sacrificio para aspirar a un mejor futuro y aportar a nuestra sociedad. Tambi√©n es digno de reconocer a aquellos que inician su carrera universitaria en este contexto que todos conocemos...,"['ornellasgomezm', 'verdaderamente', 'as√≠', 'estudiantes', 'hacemos', 'sacrificio', 'aspirar', 'mejor', 'futuro', 'aportar', 'sociedad', 'digno', 'reconocer', 'aquellos', 'inician', 'carrera', 'universitaria', 'contexto', 'conocemos']",@Ornellasgomezm It really is. Many students make the sacrifice to aspire to a better future and contribute to our society. It is also worth recognizing those who start their university career in this context that we all know ...,"['ornellasgomezm', 'really', 'many', 'students', 'make', 'sacrifice', 'aspire', 'better', 'future', 'contribute', 'society', 'also', 'worth', 'recognizing', 'start', 'university', 'career', 'context', 'know']"
@SamisabelC Tienes mucha raz√≥n. Ir√© trabajando en ello. Muchas gracias por todas esas buenas sugerencias! De verdad que s√≠,"['samisabelc', 'mucha', 'raz√≥n', 'ir√©', 'trabajando', 'ello', 'muchas', 'gracias', 'todas', 'buenas', 'sugerencias', 'verdad']",@SamisabelC You are very right. I'll be working on it. Thank you very much for all those great suggestions! Really yes,"['samisabelc', 'right', 'working', 'thank', 'much', 'great', 'suggestions', 'really', 'yes']"
"@SusieIstKrieg Much√≠simas gracias por esos buenos deseos. Le env√≠o el doble de bendiciones de vuelta! Nuevamente, muchas gracias por el apoyo!","['susieistkrieg', 'much√≠simas', 'gracias', 'buenos', 'deseos', 'env√≠o', 'doble', 'bendiciones', 'vuelta', 'nuevamente', 'muchas', 'gracias', 'apoyo']","@SusieIstKrieg Thank you so much for those good wishes. I send you double blessings back! Again, thank you very much for your support!","['susieistkrieg', 'thank', 'much', 'good', 'wishes', 'send', 'double', 'blessings', 'back', 'thank', 'much', 'support']"
"@SamisabelC Much√≠simas gracias. Lo tendr√© en cuenta y seguir√© trabajando mi nivel de ingl√©s. Nuevamente, agradecido!","['samisabelc', 'much√≠simas', 'gracias', 'cuenta', 'seguir√©', 'trabajando', 'nivel', 'ingl√©s', 'nuevamente', 'agradecido']","@SamisabelC Thank you very much. I will take it into account and will continue to work on my level of English. Again, thankful!","['samisabelc', 'thank', 'much', 'take', 'account', 'continue', 'work', 'level', 'english', 'thankful']"
"@CopeiOdcaAnzoat Much√≠simas gracias, futuro colega. Muy agradecido por todas esas buenas vibras. Solo me quedan dos semestres por cursar y me gustar√≠a apoyar a otros estudiantes de mi universidad con aspiraciones a un mejor futuro. Nuevamente, muchas gracias!","['copeiodcaanzoat', 'much√≠simas', 'gracias', 'futuro', 'colega', 'agradecido', 'todas', 'buenas', 'vibras', 'solo', 'quedan', 'dos', 'semestres', 'cursar', 'gustar√≠a', 'apoyar', 'estudiantes', 'universidad', 'aspiraciones', 'mejor', 'futuro', 'nuevamente', 'muchas', 'gracias']","@CopeiOdcaAnzoat Thank you very much, future colleague. So thankful for all those good vibes. I only have two semesters left and I would like to support other students at my university with aspirations for a better future. Again thank you very much!","['copeiodcaanzoat', 'thank', 'much', 'future', 'colleague', 'thankful', 'good', 'vibes', 'two', 'semesters', 'left', 'would', 'like', 'support', 'students', 'university', 'aspirations', 'better', 'future', 'thank', 'much']"
@SamisabelC Hola! Tengo un nivel b√°sico de ingl√©s. Pero s√≠ entiendo y puedo inferir textos.,"['samisabelc', 'hola', 'nivel', 'b√°sico', 'ingl√©s', 'entiendo', 'puedo', 'inferir', 'textos']",@SamisabelC Hello! I have a basic level of English. But I do understand and can infer texts.,"['samisabelc', 'hello', 'basic', 'level', 'english', 'understand', 'infer', 'texts']"
"@FabriziaMORETTI Muchas gracias por esas buenas vibras. Rendirse no es opci√≥n y menos a 2 semestres de terminar la carrera. Nuevamente, agradezco mucho el apoyo!","['fabriziamoretti', 'muchas', 'gracias', 'buenas', 'vibras', 'rendirse', 'opci√≥n', 'menos', 'semestres', 'terminar', 'carrera', 'nuevamente', 'agradezco', 'apoyo']","@FabriziaMORETTI Thank you so much for those good vibes. Giving up is not an option and less than 2 semesters from finishing the degree. Again, I really appreciate the support!","['fabriziamoretti', 'thank', 'much', 'good', 'vibes', 'giving', 'option', 'less', 'semesters', 'finishing', 'degree', 'really', 'appreciate', 'support']"
@begarciag Muchas gracias por el apoyo! Ya enviar√© mi CV. Nuevamente agradecido,"['begarciag', 'muchas', 'gracias', 'apoyo', 'enviar√©', 'cv', 'nuevamente', 'agradecido']",@begarciag Thank you very much for your support! I will send my CV. Grateful again,"['begarciag', 'thank', 'much', 'support', 'send', 'cv', 'grateful']"
@gregorio_ovalle Much√≠simas gracias por esas buenas vibras. Tan pronto obtenga el empleo tambi√©n lo har√© saber por este medio. Muchas gracias por su apoyo!,"['gregorio', 'ovalle', 'much√≠simas', 'gracias', 'buenas', 'vibras', 'tan', 'pronto', 'obtenga', 'empleo', 'har√©', 'saber', 'medio', 'muchas', 'gracias', 'apoyo']",@gregorio_ovalle Thank you so much for those good vibes. As soon as I get the job I will also let you know by this means. Thank you very much for your support!,"['gregorio', 'ovalle', 'thank', 'much', 'good', 'vibes', 'soon', 'get', 'job', 'also', 'let', 'know', 'means', 'thank', 'much', 'support']"
"Hola! Soy estudiante del 9¬∞ semestre de Com. Social en la UCAB. Con el reciente aumento de la UC de la uni, busco un empleo para terminar de pagar mis estudios. Ya he tenido experiencia como redactor en medios. Si me pueden apoyar con un RT les estoy agradecido de todoü§ç","['hola', 'estudiante', 'semestre', 'com', 'social', 'ucab', 'reciente', 'aumento', 'uc', 'uni', 'busco', 'empleo', 'terminar', 'pagar', 'estudios', 'experiencia', 'redactor', 'medios', 'si', 'pueden', 'apoyar', 'rt', 'agradecido', 'todoü§ç']","Hi there! I am a student of the 9th semester of Com. Social at UCAB. With the recent increase of the UC of the uni, I look for a job to finish paying for my studies. I have already had experience as a media writer. If you can support me with an RT I am grateful for everythingü§ç","['hi', 'student', 'th', 'semester', 'com', 'social', 'ucab', 'recent', 'increase', 'uc', 'uni', 'look', 'job', 'finish', 'paying', 'studies', 'already', 'experience', 'media', 'writer', 'support', 'rt', 'grateful', 'everythingü§ç']"
@dald96 Feliz tarde. Estoy interesado,"['dald', 'feliz', 'tarde', 'interesado']",@ dald96 Happy afternoon. I'm interested,"['dald', 'happy', 'afternoon', 'interested']"
Sin lugar a dudas ‚ù§Ô∏è,"['lugar', 'dudas', '‚ù§Ô∏è']",Without a doubt ‚ù§Ô∏è,"['without', 'doubt', '‚ù§Ô∏è']"
Si tan solo...,"['si', 'tan', 'solo']",If only...,[]
Todo un r√©cord de la revoluci√≥n.  Hasta en las elecciones estudiantiles de la UCAB ha votado m√°s gente que hoy. Sin dudas.,"['r√©cord', 'revoluci√≥n', 'elecciones', 'estudiantiles', 'ucab', 'votado', 'gente', 'hoy', 'dudas']","A record of the revolution. Even in the UCAB student elections, more people have voted than today. Without a doubt.","['record', 'revolution', 'even', 'ucab', 'student', 'elections', 'people', 'voted', 'today', 'without', 'doubt']"
@Eluneyanais Solamente uno?,"['eluneyanais', 'solamente']",@Eluneyanais Only one?,"['eluneyanais', 'one']"
@Eluneyanais Plata jeje,"['eluneyanais', 'plata', 'jeje']",@Eluneyanais Plata hehe,"['eluneyanais', 'plata', 'hehe']"
Es incre√≠ble como un cambio de horario a √∫ltimo momento te mata todas las ilusiones.,"['incre√≠ble', 'cambio', 'horario', '√∫ltimo', 'momento', 'mata', 'todas', 'ilusiones']",It's amazing how a last minute time change kills all your illusions.,"['amazing', 'last', 'minute', 'time', 'change', 'kills', 'illusions']"
"El mundo es tan peque√±o que, si no conoces a alguien, conoces a alguien que lo conoce.","['mundo', 'tan', 'peque√±o', 'si', 'conoces', 'alguien', 'conoces', 'alguien', 'conoce']","The world is so small that if you don't know someone, you meet someone who does.","['world', 'small', 'know', 'someone', 'meet', 'someone']"
"Es deber del periodista exigir ante su empleador respeto a sus creencias, ideas y opiniones. Por ning√∫n motivo debe permitir la modificaci√≥n del sentido del material informativo que elabora. #CEPVG","['deber', 'periodista', 'exigir', 'empleador', 'respeto', 'creencias', 'ideas', 'opiniones', 'ning√∫n', 'motivo', 'debe', 'permitir', 'modificaci√≥n', 'material', 'informativo', 'elabora', 'cepvg']","It is the journalist's duty to demand from his employer respect for his beliefs, ideas and opinions. For no reason should he allow the modification of the meaning of the informative material that he produces. #CEPVG","['journalist', 'duty', 'demand', 'employer', 'respect', 'beliefs', 'ideas', 'opinions', 'reason', 'allow', 'modification', 'meaning', 'informative', 'material', 'produces', 'cepvg']"
Es deshonesto y una violaci√≥n del #CEPVG que el periodista se adjudique la autor√≠a de material informativo en el que no haya trabajado. Debe reconocer la propiedad intelectual de d√≥nde haya extra√≠do la informaci√≥n.,"['deshonesto', 'violaci√≥n', 'cepvg', 'periodista', 'adjudique', 'autor√≠a', 'material', 'informativo', 'trabajado', 'debe', 'reconocer', 'propiedad', 'intelectual', 'd√≥nde', 'extra√≠do', 'informaci√≥n']",It is dishonest and a violation of #CEPVG for the journalist to claim authorship of informative material on which he has not worked. He must acknowledge the intellectual property from where he obtained the information.,"['dishonest', 'violation', 'cepvg', 'journalist', 'claim', 'authorship', 'informative', 'material', 'worked', 'must', 'acknowledge', 'intellectual', 'property', 'obtained', 'information']"
"El #CEPVG establece que, bajo ninguna circunstancia, el periodista debe actuar con deslealtad ante un colega.","['cepvg', 'establece', 'bajo', 'ninguna', 'circunstancia', 'periodista', 'debe', 'actuar', 'deslealtad', 'colega']","The #CEPVG establishes that, under no circumstances, the journalist should act disloyally towards a colleague.","['cepvg', 'establishes', 'circumstances', 'journalist', 'act', 'disloyally', 'towards', 'colleague']"
"La conservaci√≥n del equilibrio ecol√≥gico, la protecci√≥n del medio ambiente y el fomento de la salud p√∫blica son aspectos vitales de la sociedad que el periodista se encuentra en la obligaci√≥n de defender en su ejercicio profesional. #CEPVG","['conservaci√≥n', 'equilibrio', 'ecol√≥gico', 'protecci√≥n', 'medio', 'ambiente', 'fomento', 'salud', 'p√∫blica', 'aspectos', 'vitales', 'sociedad', 'periodista', 'encuentra', 'obligaci√≥n', 'defender', 'ejercicio', 'profesional', 'cepvg']","The preservation of the ecological balance, the protection of the environment and the promotion of public health are vital aspects of society that journalists are obliged to defend in their professional practice. #CEPVG","['preservation', 'ecological', 'balance', 'protection', 'environment', 'promotion', 'public', 'health', 'vital', 'aspects', 'society', 'journalists', 'obliged', 'defend', 'professional', 'practice', 'cepvg']"
"Es deber del periodista respetar y hacer uso correcto del idioma, independientemente del canal que utilice para transmitir la informaci√≥n, como est√° estipulado en el #CEPVG","['deber', 'periodista', 'respetar', 'hacer', 'uso', 'correcto', 'idioma', 'independientemente', 'canal', 'utilice', 'transmitir', 'informaci√≥n', 'estipulado', 'cepvg']","It is the journalist's duty to respect and use the language correctly, regardless of the channel used to transmit the information, as stipulated in #CEPVG","['journalist', 'duty', 'respect', 'use', 'language', 'correctly', 'regardless', 'channel', 'used', 'transmit', 'information', 'stipulated', 'cepvg']"
"#CEPVG Bajo ninguna circunstancia el periodista debe difundir informaci√≥n que atente contra el honor, la reputaci√≥n, vida privada y propia imagen de una persona. La informaci√≥n debe ser transmitida responsablemente.","['cepvg', 'bajo', 'ninguna', 'circunstancia', 'periodista', 'debe', 'difundir', 'informaci√≥n', 'atente', 'honor', 'reputaci√≥n', 'vida', 'privada', 'propia', 'imagen', 'persona', 'informaci√≥n', 'debe', 'ser', 'transmitida', 'responsablemente']","#CEPVG Under no circumstances should the journalist disseminate information that threatens the honor, reputation, private life and own image of a person. Information must be transmitted responsibly.","['cepvg', 'circumstances', 'journalist', 'disseminate', 'information', 'threatens', 'honor', 'reputation', 'private', 'life', 'image', 'person', 'information', 'must', 'transmitted', 'responsibly']"
"Es menester la difusi√≥n imparcial de la informaci√≥n en el ejercicio period√≠stico. De esta manera se evidencian los principios democr√°ticos, de pluralidad pol√≠tica y de diversidad de opiniones en los que fue fundada la naci√≥n. #CEPVG","['menester', 'difusi√≥n', 'imparcial', 'informaci√≥n', 'ejercicio', 'period√≠stico', 'manera', 'evidencian', 'principios', 'democr√°ticos', 'pluralidad', 'pol√≠tica', 'diversidad', 'opiniones', 'fundada', 'naci√≥n', 'cepvg']","The impartial dissemination of information in journalism is necessary. In this way, the democratic principles, political plurality and diversity of opinions on which the nation was founded are evidenced. #CEPVG","['impartial', 'dissemination', 'information', 'journalism', 'necessary', 'way', 'democratic', 'principles', 'political', 'plurality', 'diversity', 'opinions', 'nation', 'founded', 'evidenced', 'cepvg']"
"El respeto y la defensa por la verdad, la libertad de expresi√≥n y la democracia es una responsabilidad que debe asumir todo periodista en su ejercicio. De esta manera se valora la profesi√≥n y al pueblo. #CEPVG","['respeto', 'defensa', 'verdad', 'libertad', 'expresi√≥n', 'democracia', 'responsabilidad', 'debe', 'asumir', 'periodista', 'ejercicio', 'manera', 'valora', 'profesi√≥n', 'pueblo', 'cepvg']","Respect and defense for the truth, freedom of expression and democracy is a responsibility that every journalist must assume in its exercise. In this way, the profession and the people are valued. #CEPVG","['respect', 'defense', 'truth', 'freedom', 'expression', 'democracy', 'responsibility', 'every', 'journalist', 'must', 'assume', 'exercise', 'way', 'profession', 'people', 'valued', 'cepvg']"
"#CEPVG Es deber del periodista difundir informaci√≥n veraz y oportuna, que sea del inter√©s colectivo y ejerci√©ndolo de manera responsable.","['cepvg', 'deber', 'periodista', 'difundir', 'informaci√≥n', 'veraz', 'oportuna', 'inter√©s', 'colectivo', 'ejerci√©ndolo', 'manera', 'responsable']",#CEPVG It is the journalist's duty to disseminate accurate and timely information that is in the collective interest and exercising it responsibly.,"['cepvg', 'journalist', 'duty', 'disseminate', 'accurate', 'timely', 'information', 'collective', 'interest', 'exercising', 'responsibly']"
"La libertad de expresi√≥n es un derecho que est√° garantizado en la Declaraci√≥n Universal de los Derechos Humanos, y avalado en la Constituci√≥n de la Rep√∫blica Bolivariana de Venezuela para un ejercicio responsable del periodismo. #CEPVG","['libertad', 'expresi√≥n', 'derecho', 'garantizado', 'declaraci√≥n', 'universal', 'derechos', 'humanos', 'avalado', 'constituci√≥n', 'rep√∫blica', 'bolivariana', 'venezuela', 'ejercicio', 'responsable', 'periodismo', 'cepvg']","Freedom of expression is a right that is guaranteed in the Universal Declaration of Human Rights, and endorsed in the Constitution of the Bolivarian Republic of Venezuela for a responsible exercise of journalism. #CEPVG","['freedom', 'expression', 'right', 'guaranteed', 'universal', 'declaration', 'human', 'rights', 'endorsed', 'constitution', 'bolivarian', 'republic', 'venezuela', 'responsible', 'exercise', 'journalism', 'cepvg']"
A los youtubernautas los invito a ver mi video de 50 Cosas Sobre M√≠  https://t.co/NjlRvb79lS v√≠a @YouTube,"['youtubernautas', 'invito', 'ver', 'video', 'cosas', 'v√≠a', 'youtube']",I invite youtobernates to see my video of 50 Things About Me https://t.co/NjlRvb79lS via @YouTube,"['invite', 'youtobernates', 'see', 'video', 'things', 'via', 'youtube']"
"Realmente digno de imitar, hasta con los humanos. #respect","['realmente', 'digno', 'imitar', 'humanos', 'respect']","Really worth imitating, even with humans. #respect","['really', 'worth', 'imitating', 'even', 'humans', 'respect']"
¬°Momentos sumamente necesarios!,"['¬°momentos', 'sumamente', 'necesarios']",Moments sorely needed!,"['moments', 'sorely', 'needed']"
"@tanziamigos es un honor escribirle. Intent√© escribirle a su DM pero no me dej√≥ enviar el mensaje. Estoy poniendo en marcha un proyecto basado en los principios de su libro y me gustar√≠a recibir su mentor√≠a al respecto. Esperando su respuesta, de antemano muchas gracias.","['tanziamigos', 'honor', 'escribirle', 'intent√©', 'escribirle', 'dm', 'dej√≥', 'enviar', 'mensaje', 'poniendo', 'marcha', 'proyecto', 'basado', 'principios', 'libro', 'gustar√≠a', 'recibir', 'mentor√≠a', 'respecto', 'esperando', 'respuesta', 'antemano', 'muchas', 'gracias']","@tanziamigos it is an honor to write to you. I tried to write to his DM but he would not let me send the message. I am starting a project based on the principles in your book and would like to receive your mentorship on this. Waiting for your reply, thank you very much in advance.","['tanziamigos', 'honor', 'write', 'tried', 'write', 'dm', 'would', 'let', 'send', 'message', 'starting', 'project', 'based', 'principles', 'book', 'would', 'like', 'receive', 'mentorship', 'waiting', 'reply', 'thank', 'much', 'advance']"
"@tanziamigos Muy buenas tardes, sr. Tanzi. Ante todo, un cordial saludo. Mi nombre es Roger Ruiz, tengo 22 a√±os, vivo en Puerto Ordaz y soy estudiante de 5to semestre de Comunicaci√≥n Social en la UCAB Guayana. He le√≠do su libro ""El nuevo Gobierno, propuesta para el siglo XXI"".","['tanziamigos', 'buenas', 'tardes', 'sr', 'tanzi', 'cordial', 'saludo', 'nombre', 'roger', 'ruiz', 'a√±os', 'vivo', 'puerto', 'ordaz', 'estudiante', 'to', 'semestre', 'comunicaci√≥n', 'social', 'ucab', 'guayana', 'le√≠do', 'libro', 'nuevo', 'gobierno', 'propuesta', 'siglo', 'xxi']","@tanziamigos Good afternoon, mr. Tanzi. First of all, a cordial greeting. My name is Roger Ruiz, I am 22 years old, I live in Puerto Ordaz and I am a 5th semester student of Social Communication at UCAB Guayana. I have read your book ""The new Government, proposal for the XXI century"".","['tanziamigos', 'good', 'afternoon', 'mr', 'tanzi', 'first', 'cordial', 'greeting', 'name', 'roger', 'ruiz', 'years', 'old', 'live', 'puerto', 'ordaz', 'th', 'semester', 'student', 'social', 'communication', 'ucab', 'guayana', 'read', 'book', 'new', 'government', 'proposal', 'xxi', 'century']"
"@suarezmleo Adjetivo + sufijo (-idad, -ez(a), -aci√≥n, -cia, etc.) = Sustantivo abstracto. #5","['suarezmleo', 'adjetivo', 'sufijo', 'idad', 'ez', 'aci√≥n', 'cia', 'etc', 'sustantivo', 'abstracto']","@suarezmleo Adjective + suffix (-idad, -ez (a), -ation, -cia, etc.) = Abstract noun. #5","['suarezmleo', 'adjective', 'suffix', 'idad', 'ez', 'ation', 'cia', 'etc', 'abstract', 'noun']"
"@suarezmleo Cat. Gramaticales: sustantivo, adjetivo, art√≠culo, verbo, pronombre, adverbio, preposici√≥n, interjecci√≥n y conjunci√≥n. #4","['suarezmleo', 'cat', 'gramaticales', 'sustantivo', 'adjetivo', 'art√≠culo', 'verbo', 'pronombre', 'adverbio', 'preposici√≥n', 'interjecci√≥n', 'conjunci√≥n']","@suarezmleo Cat. Grammaticals: noun, adjective, article, verb, pronoun, adverb, preposition, interjection and conjunction. #4","['suarezmleo', 'cat', 'grammaticals', 'noun', 'adjective', 'article', 'verb', 'pronoun', 'adverb', 'preposition', 'interjection', 'conjunction']"
@suarezmleo Sust. colectivos: denotan pluralidad sin estar en forma plural. #3,"['suarezmleo', 'sust', 'colectivos', 'denotan', 'pluralidad', 'forma', 'plural']",@suarezmleo Collective substitutions: denote plurality without being in plural form. #3,"['suarezmleo', 'collective', 'substitutions', 'denote', 'plurality', 'without', 'plural', 'form']"
@suarezmleo Andr√©s juega en el pasamanos. #PalabrasCompuestas #SustantivoPropio #2,"['suarezmleo', 'andr√©s', 'juega', 'pasamanos', 'palabrascompuestas', 'sustantivopropio']",@suarezmleo Andr√©s plays on the handrail. #CompoundWords #ProprietaryNoun # 2,"['suarezmleo', 'andr√©s', 'plays', 'handrail', 'compoundwords', 'proprietarynoun']"
@suarezmleo Polo usaba un polo en el Polo Sur. #1,"['suarezmleo', 'polo', 'usaba', 'polo', 'polo', 'sur']",@suarezmleo Polo wore a pole at the South Pole. #1,"['suarezmleo', 'polo', 'wore', 'pole', 'south', 'pole']"
