tweet,tweet_tokenized,tweet_translated,tweet_translated_tokenized,neg,neu,pos,sentiment
@Daniel_Santolo Saludos,"['daniel', 'santolo', 'saludos']",@Daniel_Santolo Greetings,"['daniel', 'santolo', 'greetings']",0.0,0.417,0.583,Neutral
"@Daniel_Santolo En lo absoluto, como no la hace marciano, demócrata, marxista o fascista","['daniel', 'santolo', 'absoluto', 'hace', 'marciano', 'demócrata', 'marxista', 'fascista']","@Daniel_Santolo Not at all, as it does not make it a Martian, a democrat, a Marxist or a fascist","['daniel', 'santolo', 'make', 'martian', 'democrat', 'marxist', 'fascist']",0.375,0.625,0.0,Neutral
@Daniel_Santolo Somos ciudadanos que necesitamos gasolina y que tenemos que hacer enormes colas por la pésima política energética del modelo del socialismo del siglo 21,"['daniel', 'santolo', 'ciudadanos', 'necesitamos', 'gasolina', 'hacer', 'enormes', 'colas', 'pésima', 'política', 'energética', 'modelo', 'socialismo', 'siglo']",@Daniel_Santolo We are citizens who need gasoline and who have to queue for the terrible energy policy of the 21st century model of socialism,"['daniel', 'santolo', 'citizens', 'need', 'gasoline', 'queue', 'terrible', 'energy', 'policy', 'st', 'century', 'model', 'socialism']",0.191,0.679,0.13,Neutral
@lajula13 Alto pana y buena persona descansa en paz  Jaime,"['lajula', 'alto', 'pana', 'buena', 'persona', 'descansa', 'paz', 'jaime']",@ lajula13 High corduroy and good person rest in peace Jaime,"['lajula', 'high', 'corduroy', 'good', 'person', 'rest', 'peace', 'jaime']",0.0,0.484,0.516,Neutral
Sera que veremos afiches del Che flaqueados por otros de Steven Seagal?   https://t.co/x7zb404C8o,"['sera', 'veremos', 'afiches', 'che', 'flaqueados', 'steven', 'seagal']",Will we see posters of Check wavered by others of Steven Seagal? https://t.co/x7zb404C8o,"['see', 'posters', 'check', 'wavered', 'others', 'steven', 'seagal']",0.0,1.0,0.0,Neutral
"Difícil algo más conservador que un gobierno ""revolucionario"" que se ha consolidado en el poder","['difícil', 'conservador', 'gobierno', 'revolucionario', 'consolidado', 'poder']","Difficult something more conservative than a ""revolutionary"" government that has consolidated itself in power","['difficult', 'something', 'conservative', 'revolutionary', 'government', 'consolidated', 'power']",0.294,0.706,0.0,Neutral
algo inaceptable y aborrecible  para los “revolucionarios.” que es la alternabilidad,"['inaceptable', 'aborrecible', 'revolucionarios', 'alternabilidad']","something unacceptable and abhorrent to ""revolutionaries."" what is alternation","['something', 'unacceptable', 'abhorrent', 'revolutionaries', 'alternation']",0.703,0.297,0.0,Neutral
"La izquierda democrática en el poder es consistente en su anhelo de transformación sin pretender la destrucción de la democracia, la izquierda autoritaria utiliza la revolución como pretexto para concentrar el poder y aniquilar al sistema cuyas reglas establecen","['izquierda', 'democrática', 'poder', 'consistente', 'anhelo', 'transformación', 'pretender', 'destrucción', 'democracia', 'izquierda', 'autoritaria', 'utiliza', 'revolución', 'pretexto', 'concentrar', 'poder', 'aniquilar', 'sistema', 'cuyas', 'reglas', 'establecen']","The democratic left in power is consistent in its desire for transformation without seeking the destruction of democracy, the authoritarian left uses the revolution as a pretext to concentrate power and annihilate the system whose rules establish","['democratic', 'left', 'power', 'consistent', 'desire', 'transformation', 'without', 'seeking', 'destruction', 'democracy', 'authoritarian', 'left', 'uses', 'revolution', 'pretext', 'concentrate', 'power', 'annihilate', 'system', 'whose', 'rules', 'establish']",0.0,0.778,0.222,Neutral
"Mutación clásica de la izquierda autoritaria cuando llega al poder democráticamente: cuando son oposición se definen como progresistas, durante la reuniónprimera etapa en el poder como socialistas y una vez consolidados como revolucionarios es entonces cuando salen del closet","['mutación', 'clásica', 'izquierda', 'autoritaria', 'llega', 'poder', 'democráticamente', 'oposición', 'definen', 'progresistas', 'reuniónprimera', 'etapa', 'poder', 'socialistas', 'vez', 'consolidados', 'revolucionarios', 'entonces', 'salen', 'closet']","Classic mutation of the authoritarian left when it comes to power democratically: when they are in the opposition they define themselves as progressives, during the meeting, the first stage in power as socialists and once consolidated as revolutionaries, that is when they come out of the closet.","['classic', 'mutation', 'authoritarian', 'left', 'comes', 'power', 'democratically', 'opposition', 'define', 'progressives', 'meeting', 'first', 'stage', 'power', 'socialists', 'consolidated', 'revolutionaries', 'come', 'closet']",0.0,1.0,0.0,Neutral
@MireyaM97032871 Gracias saludos,"['mireyam', 'gracias', 'saludos']",@ MireyaM97032871 Thank you greetings,"['mireyam', 'thank', 'greetings']",0.0,0.159,0.841,Neutral
Grande el maestro Aldemaro Romero - El Negro José - LatinWMG  https://t.co/Fzgx3O0ngu a través de @YouTube,"['grande', 'maestro', 'aldemaro', 'romero', 'negro', 'josé', 'latinwmg', 'través', 'youtube']",Grande el maestro Aldemaro Romero - El Negro José - LatinWMG https://t.co/Fzgx3O0ngu via @YouTube,"['grande', 'el', 'maestro', 'aldemaro', 'romero', 'el', 'negro', 'josé', 'latinwmg', 'via', 'youtube']",0.0,1.0,0.0,Neutral
Patéticos quienes con pose  de especialistas o consultores plantean la necesidad de una solución como si estuvieran proponiéndola,"['patéticos', 'pose', 'especialistas', 'consultores', 'plantean', 'necesidad', 'solución', 'si', 'proponiéndola']",Pathetic who with the pose of specialists or consultants raise the need for a solution as if they were proposing it,"['pathetic', 'pose', 'specialists', 'consultants', 'raise', 'need', 'solution', 'proposing']",0.308,0.5,0.192,Neutral
"Sin desperdicio, Contra la dictadura de lo políticamente correcto  https://t.co/PuPrm4xCsk vía @larazon_es","['desperdicio', 'dictadura', 'políticamente', 'correcto', 'vía', 'larazon']","Without waste, Against the dictatorship of the politically correct https://t.co/PuPrm4xCsk via @larazon_es","['without', 'waste', 'dictatorship', 'politically', 'correct', 'via', 'larazon', 'es']",0.0,0.75,0.25,Neutral
"Un relato conmovedor, My Brother’s Keeper  https://t.co/AA5CzPJKvr a través de @NewYorker","['relato', 'conmovedor', 'my', 'brother’s', 'keeper', 'través', 'newyorker']","A moving tale, My Brother’s Keeper https://t.co/AA5CzPJKvr via @NewYorker","['moving', 'tale', 'brother’s', 'keeper', 'via', 'newyorker']",0.0,1.0,0.0,Neutral
Clásico de los autoritarismos de toda laya   https://t.co/LtJZbanMpB  https://t.co/gRdpnT7Hcl,"['clásico', 'autoritarismos', 'toda', 'laya']",Classic of authoritarianisms of all stripes https://t.co/LtJZbanMpB https://t.co/gRdpnT7Hcl,"['classic', 'authoritarianisms', 'stripes']",0.0,1.0,0.0,Neutral
"@managuac Saludos paisano, gracias por esa imagen","['managuac', 'saludos', 'paisano', 'gracias', 'imagen']","@managuac Greetings countryman, thanks for that image","['managuac', 'greetings', 'countryman', 'thanks', 'image']",0.0,0.345,0.655,Neutral
Jorge Drexler: NPR Music Tiny Desk Concert  https://t.co/C8pps5myPW a través de @YouTube,"['jorge', 'drexler', 'npr', 'music', 'tiny', 'desk', 'concert', 'través', 'youtube']",Jorge Drexler: NPR Music Tiny Desk Concert  https://t.co/C8pps5myPW a través de @YouTube,"['jorge', 'drexler', 'npr', 'music', 'tiny', 'desk', 'concert', 'través', 'de', 'youtube']",0.0,1.0,0.0,Neutral
"@gasconmarquez gracias Gascon, un abrazo","['gasconmarquez', 'gracias', 'gascon', 'abrazo']","@gasconmarquez thanks Gascon, a hug","['gasconmarquez', 'thanks', 'gascon', 'hug']",0.0,0.25,0.75,Neutral
"@Daza24Jenifer @frcoello @rapinango Gracias Jenifer, saludos","['daza', 'jenifer', 'frcoello', 'rapinango', 'gracias', 'jenifer', 'saludos']","@ Daza24Jenifer @frcoello @rapinango Thank you Jenifer, greetings","['daza', 'jenifer', 'frcoello', 'rapinango', 'thank', 'jenifer', 'greetings']",0.0,0.485,0.515,Neutral
"Fascistas y comunistas comparten entre muchos otros rasgos, su pasión por uniformes y uniformidad y su desprecio por la democracia y la pluralidad","['fascistas', 'comunistas', 'comparten', 'rasgos', 'pasión', 'uniformes', 'uniformidad', 'desprecio', 'democracia', 'pluralidad']","Fascists and communists share among many other traits, their passion for uniforms and uniformity and their contempt for democracy and plurality","['fascists', 'communists', 'share', 'among', 'many', 'traits', 'passion', 'uniforms', 'uniformity', 'contempt', 'democracy', 'plurality']",0.298,0.426,0.277,Neutral
"@karlo3066 Con gusto, saludos","['karlo', 'gusto', 'saludos']","@ karlo3066 With pleasure, greetings","['karlo', 'pleasure', 'greetings']",0.0,0.133,0.867,Neutral
"@LaToyaAzua Que así sea, saludos","['latoyaazua', 'así', 'saludos']","@LaToyaAzua So be it, greetings","['latoyaazua', 'greetings']",0.0,0.263,0.737,Neutral
Hacia una nueva universidad  https://t.co/KBNAA9Vvrq,"['hacia', 'nueva', 'universidad']",Towards a new university https://t.co/KBNAA9Vvrq,"['towards', 'new', 'university']",0.0,1.0,0.0,Neutral
De la exacerbación y quiebra del rentismo al remesismo crónica del socialismo del siglo 21,"['exacerbación', 'quiebra', 'rentismo', 'remesismo', 'crónica', 'socialismo', 'siglo']",From the exacerbation and bankruptcy of rentism to the chronic remittances of 21st century socialism,"['exacerbation', 'bankruptcy', 'rentism', 'chronic', 'remittances', 'st', 'century', 'socialism']",0.0,1.0,0.0,Neutral
"@Luisa54298987 Con gusto, saludos","['luisa', 'gusto', 'saludos']","@ Luisa54298987 With pleasure, greetings","['luisa', 'pleasure', 'greetings']",0.0,0.133,0.867,Neutral
"Ensucian, no lavan ni prestan la batea, frente a la mayor crisis social en la historia moderna fruto de un modelo fracasado, el gobierno hostiga a organizaciones que contribuyen a mitigar el padecimiento de los venezolanos","['ensucian', 'lavan', 'prestan', 'batea', 'frente', 'mayor', 'crisis', 'social', 'historia', 'moderna', 'fruto', 'modelo', 'fracasado', 'gobierno', 'hostiga', 'organizaciones', 'contribuyen', 'mitigar', 'padecimiento', 'venezolanos']","They dirty, they do not wash or lend the pan, in the face of the greatest social crisis in modern history as a result of a failed model, the government harasses organizations that contribute to mitigating the suffering of Venezuelans","['dirty', 'wash', 'lend', 'pan', 'face', 'greatest', 'social', 'crisis', 'modern', 'history', 'result', 'failed', 'model', 'government', 'harasses', 'organizations', 'contribute', 'mitigating', 'suffering', 'venezuelans']",0.481,0.399,0.12,Neutral
@puzkas A mayor opacidad mayor mueleo,"['puzkas', 'mayor', 'opacidad', 'mayor', 'mueleo']",@puzkas The higher the opacity the higher the grind,"['puzkas', 'higher', 'opacity', 'higher', 'grind']",0.0,1.0,0.0,Neutral
Patti Smith: “Hay que dar muchos pasos para conseguir ser libre”  https://t.co/UQV83TWdXr a través de @elpaissemanal,"['patti', 'smith', 'dar', 'pasos', 'conseguir', 'ser', 'libre”', 'través', 'elpaissemanal']",Patti Smith: “You have to take many steps to be free” https://t.co/UQV83TWdXr through @elpaissemanal,"['patti', 'smith', 'take', 'many', 'steps', 'free”', 'elpaissemanal']",0.0,1.0,0.0,Neutral
"@kalavink4 Gracias, saludos","['kalavink', 'gracias', 'saludos']","@ kalavink4 Thanks, regards","['kalavink', 'thanks', 'regards']",0.0,0.408,0.592,Neutral
@isabeljuanedaga Y matemático,"['isabeljuanedaga', 'matemático']",@isabeljuanedaga And mathematician,"['isabeljuanedaga', 'mathematician']",0.0,1.0,0.0,Neutral
@Jmodolell @luispespana jajajaja,"['jmodolell', 'luispespana', 'jajajaja']",@Jmodolell @luispespana hahahaha,"['jmodolell', 'luispespana', 'hahahaha']",0.0,1.0,0.0,Neutral
@rbieliukas Saludos Rosalinda,"['rbieliukas', 'saludos', 'rosalinda']",@rbieliukas Greetings Rosalinda,"['rbieliukas', 'greetings', 'rosalinda']",0.0,0.417,0.583,Neutral
El régimen es tan pobre en su legado que no le queda mas que renombrar lo que otros han construido y nominado,"['régimen', 'tan', 'pobre', 'legado', 'queda', 'mas', 'renombrar', 'construido', 'nominado']",The regime is so poor in its legacy that it has no choice but to rename what others have built and nominated.,"['regime', 'poor', 'legacy', 'choice', 'rename', 'others', 'built', 'nominated']",0.307,0.693,0.0,Neutral
Afirmación preferida del dogmático: la duda ofende,"['afirmación', 'preferida', 'dogmático', 'duda', 'ofende']",Dogmatic's favorite statement: doubt offends,"['dogmatic', 'favorite', 'statement', 'doubt', 'offends']",0.524,0.19,0.286,Neutral
Dos frentes   -   https://t.co/XMPSOOWunu,"['dos', 'frentes']",From the fronts - https://t.co/XMPSOOWunu,['fronts'],0.0,1.0,0.0,Neutral
"Son tan miopes los negacionistas que pretenden desconocer la implacable y riesgosa pandemia como los que no caen en la cuenta de las gravísimas consecuencias sociales y económicas de la parálisis. Los problemas complejos, rara vez admiten miradas simplistas","['tan', 'miopes', 'negacionistas', 'pretenden', 'desconocer', 'implacable', 'riesgosa', 'pandemia', 'caen', 'cuenta', 'gravísimas', 'consecuencias', 'sociales', 'económicas', 'parálisis', 'problemas', 'complejos', 'rara', 'vez', 'admiten', 'miradas', 'simplistas']",Deniers who pretend to ignore the relentless and dangerous pandemic are as shortsighted as those who do not realize the extremely serious social and economic consequences of paralysis. Complex problems rarely admit simplistic looks,"['deniers', 'pretend', 'ignore', 'relentless', 'dangerous', 'pandemic', 'shortsighted', 'realize', 'extremely', 'serious', 'social', 'economic', 'consequences', 'paralysis', 'complex', 'problems', 'rarely', 'admit', 'simplistic', 'looks']",0.532,0.426,0.043,Neutral
"Caso ilustrativo el informe de la ONU sobre los DDHH en Venezuela, callan o voltean hacia otro lado y los más cínicos lo condenan","['caso', 'ilustrativo', 'informe', 'onu', 'ddhh', 'venezuela', 'callan', 'voltean', 'hacia', 'lado', 'cínicos', 'condenan']","Illustrative case the UN report on human rights in Venezuela, they keep silent or turn the other way and the most cynical condemn it","['illustrative', 'case', 'un', 'report', 'human', 'rights', 'venezuela', 'keep', 'silent', 'turn', 'way', 'cynical', 'condemn']",0.321,0.679,0.0,Neutral
Quienes condenan selectivamente guiados por sus posturas políticas no son de fiar puesto que lo sustantivo no es el atropello sino cómo aprovecharse del mismo. Condenan persecuciones cuando los victimarios son contrincantes y voltean o alcahuetean cuando son sus aliados,"['condenan', 'selectivamente', 'guiados', 'posturas', 'políticas', 'fiar', 'puesto', 'sustantivo', 'atropello', 'sino', 'cómo', 'aprovecharse', 'mismo', 'condenan', 'persecuciones', 'victimarios', 'contrincantes', 'voltean', 'alcahuetean', 'aliados']",Those who selectively condemn guided by their political positions are not to be trusted since the substantive thing is not the outrage but how to take advantage of it. They condemn persecution when the perpetrators are opponents and turn or pander when they are their allies,"['selectively', 'condemn', 'guided', 'political', 'positions', 'trusted', 'since', 'substantive', 'thing', 'outrage', 'take', 'advantage', 'condemn', 'persecution', 'perpetrators', 'opponents', 'turn', 'pander', 'allies']",0.367,0.455,0.178,Neutral
"Falacia clásica: dentro de la revolución todo, fuera de la revolución nada. Lo cierto es que cualquier crítica no avalada por la nomenclatura se despacha como  https://t.co/2o0tX1f60Q trata de una contradicción estructural,los autoritarismos no toleran las críticas significativas","['falacia', 'clásica', 'dentro', 'revolución', 'revolución', 'cierto', 'cualquier', 'crítica', 'avalada', 'nomenclatura', 'despacha', 'trata', 'contradicción', 'estructural', 'autoritarismos', 'toleran', 'críticas', 'significativas']","Classic fallacy: inside the revolution everything, outside the revolution nothing. The truth is that any criticism not endorsed by the nomenclature is dispatched as https://t.co/2o0tX1f60Q it deals with a structural contradiction, authoritarianisms do not tolerate significant criticism","['classic', 'fallacy', 'inside', 'revolution', 'everything', 'outside', 'revolution', 'nothing', 'truth', 'criticism', 'endorsed', 'nomenclature', 'dispatched', 'deals', 'structural', 'contradiction', 'authoritarianisms', 'tolerate', 'significant', 'criticism']",0.321,0.522,0.157,Neutral
Tontos útiles y vivos útiles.  Algunos de ellos tienen otras de primer nivel pero terminan siendo estafadores en el terreno político,"['tontos', 'útiles', 'vivos', 'útiles', 'primer', 'nivel', 'terminan', 'siendo', 'estafadores', 'terreno', 'político']",Useful and useful living fools. Some of them have other top-notch ones but end up being scammers in the political arena,"['useful', 'useful', 'living', 'fools', 'top', 'notch', 'ones', 'end', 'scammers', 'political', 'arena']",0.18,0.393,0.427,Neutral
"Demócratas pero no tienen ningún empacho en expresar su admiración por líderes o proyectos evidentemente antidemocráticos, muchos han terminado siendo parte del cortejo fúnebre de democracias y alcahuetes entusiastas de autoritarismos, de estos hay al menos 2 suntuosos:","['demócratas', 'ningún', 'empacho', 'expresar', 'admiración', 'líderes', 'proyectos', 'evidentemente', 'antidemocráticos', 'terminado', 'siendo', 'parte', 'cortejo', 'fúnebre', 'democracias', 'alcahuetes', 'entusiastas', 'autoritarismos', 'menos', 'suntuosos']","Democrats but they have no qualms about expressing their admiration for obviously undemocratic leaders or projects, many have ended up being part of the funeral procession of democracies and enthusiastic pimps of authoritarianism, of these there are at least 2 sumptuous:","['democrats', 'qualms', 'expressing', 'admiration', 'obviously', 'undemocratic', 'leaders', 'projects', 'many', 'ended', 'part', 'funeral', 'procession', 'democracies', 'enthusiastic', 'pimps', 'authoritarianism', 'least', 'sumptuous']",0.099,0.635,0.266,Neutral
"El orgánico pero puede ser más peligroso, porque es menos ramplón son del tipo capaz de medir con varas muy exigentes a las democracias liberales pero miran a los lados cuando los atropellos provienen de los líderes o regímenes autoritarios a los que apoyan. Algunos se dicen","['orgánico', 'puede', 'ser', 'peligroso', 'menos', 'ramplón', 'tipo', 'capaz', 'medir', 'varas', 'exigentes', 'democracias', 'liberales', 'miran', 'lados', 'atropellos', 'provienen', 'líderes', 'regímenes', 'autoritarios', 'apoyan', 'dicen']","The organic but can be more dangerous, because it is less coarse, they are the type capable of measuring liberal democracies with very demanding standards but they look to the sides when the abuses come from the leaders or authoritarian regimes they support. Some say","['organic', 'dangerous', 'less', 'coarse', 'type', 'capable', 'measuring', 'liberal', 'democracies', 'demanding', 'standards', 'look', 'sides', 'abuses', 'come', 'leaders', 'authoritarian', 'regimes', 'support', 'say']",0.3,0.524,0.176,Neutral
"Partido, ejm: las posturas de algunos de ellos para justificar el pacto “ Molotov-Ribbentrop”, nazis y comunistas. 2.- El “ideologizado”: subordina su reflexión a algún interés “superior” ello hace que justifique o utilice de modo tendencioso su intelecto, es menos abyecto que","['partido', 'ejm', 'posturas', 'justificar', 'pacto', 'molotov', 'ribbentrop”', 'nazis', 'comunistas', 'ideologizado”', 'subordina', 'reflexión', 'algún', 'interés', 'superior”', 'ello', 'hace', 'justifique', 'utilice', 'modo', 'tendencioso', 'intelecto', 'menos', 'abyecto']","Party, eg: the positions of some of them to justify the ""Molotov-Ribbentrop"" pact, Nazis and Communists. 2.- The “ideologized”: he subordinates his reflection to some “superior” interest, this makes him justify or use his intellect in a tendentious way, it is less abject than","['party', 'eg', 'positions', 'justify', 'molotov', 'ribbentrop', 'pact', 'nazis', 'communists', 'ideologized”', 'subordinates', 'reflection', 'superior”', 'interest', 'makes', 'justify', 'use', 'intellect', 'tendentious', 'way', 'less', 'abject']",0.0,0.686,0.314,Neutral
"2 tipos de “intelectuales” abominables : 1.- el orgánico, solo sigue el guion del poder no se molesta en elaborar se conforma con los clichés siempre que estén autorizados por la nomenclatura. No tiene prurito alguna en desdecirse si ello responde a un cambio de línea del","['tipos', 'intelectuales”', 'abominables', 'orgánico', 'solo', 'sigue', 'guion', 'poder', 'molesta', 'elaborar', 'conforma', 'clichés', 'siempre', 'autorizados', 'nomenclatura', 'prurito', 'alguna', 'desdecirse', 'si', 'ello', 'responde', 'cambio', 'línea']","2 types of abominable ""intellectuals"": 1 .- the organic, only follows the script of power does not bother to elaborate it conforms to the clichés as long as they are authorized by the nomenclature. There is no itch whatsoever to back down if it responds to a change in the line of the","['types', 'abominable', 'intellectuals', 'organic', 'follows', 'script', 'power', 'bother', 'elaborate', 'conforms', 'clichés', 'long', 'authorized', 'nomenclature', 'itch', 'whatsoever', 'back', 'responds', 'change', 'line']",0.104,0.783,0.113,Neutral
Hasta donde se sigue vigente el principio de la presunción de inocencia pese a que en estos lares prevalece el se es culpable hasta que se demuestre lo contrario.,"['sigue', 'vigente', 'principio', 'presunción', 'inocencia', 'pese', 'lares', 'prevalece', 'culpable', 'demuestre', 'contrario']",As far as the principle of the presumption of innocence is still in force despite the fact that in these parts the guilty party prevails until the contrary is proven.,"['far', 'principle', 'presumption', 'innocence', 'still', 'force', 'despite', 'fact', 'parts', 'guilty', 'party', 'prevails', 'contrary', 'proven']",0.0,0.59,0.41,Neutral
"La bicicleta en Venezuela, retos y oportunidades  https://t.co/Jy0IB8QOIN vía @","['bicicleta', 'venezuela', 'retos', 'oportunidades', 'vía']","The bicycle in Venezuela, challenges and opportunities https://t.co/Jy0IB8QOIN via @","['bicycle', 'venezuela', 'challenges', 'opportunities', 'via']",0.0,0.435,0.565,Neutral
@Patrizia_pato @elpais_america De acuerdo Grandes cada uno en su terreno,"['patrizia', 'pato', 'elpais', 'america', 'acuerdo', 'grandes', 'cada', 'terreno']","@Patrizia_pato @elpais_america Agree Great, each one in their own land","['patrizia', 'pato', 'elpais', 'america', 'agree', 'great', 'one', 'land']",0.0,0.476,0.524,Neutral
Murakami y Ozawa: pasión mahleriana  https://t.co/G8WKmrNGfm a través de @elpais_america,"['murakami', 'ozawa', 'pasión', 'mahleriana', 'través', 'elpais', 'america']",Murakami and Ozawa: Mahlerian passion https://t.co/G8WKmrNGfm via @elpais_america,"['murakami', 'ozawa', 'mahlerian', 'passion', 'via', 'elpais', 'america']",0.0,0.667,0.333,Neutral
"36 años después de publicada “caminos verdes” de Ruben Blades, la esperanza o ilusión de salvación está en sentido contrario, cortesía del “socialismo del siglo 21”","['años', 'después', 'publicada', 'caminos', 'verdes”', 'ruben', 'blades', 'esperanza', 'ilusión', 'salvación', 'contrario', 'cortesía', 'socialismo', 'siglo']","36 years after Ruben Blades' “green roads” was published, the hope or illusion of salvation is in the opposite direction, courtesy of “21st century socialism”","['years', 'ruben', 'blades', 'green', 'roads”', 'published', 'hope', 'illusion', 'salvation', 'opposite', 'direction', 'courtesy', 'st', 'century', 'socialism”']",0.0,0.707,0.293,Neutral
Servicios públicos eficientes: un escudo contra la pobreza  https://t.co/BlK6t2RcYL vía @,"['servicios', 'públicos', 'eficientes', 'escudo', 'pobreza', 'vía']",Efficient public services: a shield against poverty https://t.co/BlK6t2RcYL via @,"['efficient', 'public', 'services', 'shield', 'poverty', 'via']",0.327,0.396,0.277,Neutral
 https://t.co/L70Iy8E2L9,[],https://t.co/L70Iy8E2L9,[],0.0,1.0,0.0,Neutral
"@adrianliberman Yo me castigo hoy variando: adiós nonino-Piazzolla,first bossa Grappelli, Lindo Yambu Palmieri, while my guitar gently the Beatles y Brillante sobre el mic Fito","['adrianliberman', 'castigo', 'hoy', 'variando', 'adiós', 'nonino', 'piazzolla', 'first', 'bossa', 'grappelli', 'lindo', 'yambu', 'palmieri', 'while', 'my', 'guitar', 'gently', 'the', 'beatles', 'brillante', 'mic', 'fito']","@adrianliberman I punish myself today by varying: goodbye nonino-Piazzolla, first bossa Grappelli, Lindo Yambu Palmieri, while my guitar gently the Beatles and Brillante on the mic Fito","['adrianliberman', 'punish', 'today', 'varying', 'goodbye', 'nonino', 'piazzolla', 'first', 'bossa', 'grappelli', 'lindo', 'yambu', 'palmieri', 'guitar', 'gently', 'beatles', 'brillante', 'mic', 'fito']",0.145,0.726,0.128,Neutral
@adrianliberman Sin desperdicio,"['adrianliberman', 'desperdicio']",@adrianliberman No waste,"['adrianliberman', 'waste']",0.737,0.263,0.0,Neutral
@LPiccioni2 Saludos,"['lpiccioni', 'saludos']",@ LPiccioni2 Greetings,"['lpiccioni', 'greetings']",0.0,0.263,0.737,Neutral
"@guatire59 A ti, saludos","['guatire', 'saludos']","@ guatire59 To you, greetings","['guatire', 'greetings']",0.0,0.263,0.737,Neutral
Covid-19 y la gestión del riesgo  https://t.co/ynvpRPV18X vía @,"['covid', 'gestión', 'riesgo', 'vía']",Covid-19 and risk management https://t.co/ynvpRPV18X via @,"['covid', 'risk', 'management', 'via']",0.412,0.588,0.0,Neutral
@GonzalezVT18 Igualmente descanse,"['gonzalezvt', 'igualmente', 'descanse']",@ GonzalezVT18 Also rest,"['gonzalezvt', 'also', 'rest']",0.0,1.0,0.0,Neutral
"@GonzalezVT18 Con mucho gusto, y con el mayor respeto, saludos","['gonzalezvt', 'gusto', 'mayor', 'respeto', 'saludos']","@ GonzalezVT18 With pleasure, and with the greatest respect, greetings","['gonzalezvt', 'pleasure', 'greatest', 'respect', 'greetings']",0.0,0.068,0.932,Neutral
Ayuda a Marialis a tener una vida normal  https://t.co/cnvsm2z1PF,"['ayuda', 'marialis', 'tener', 'vida', 'normal']",Help Marialis to have a normal life https://t.co/cnvsm2z1PF,"['help', 'marialis', 'normal', 'life']",0.0,0.526,0.474,Neutral
Muerte de George Floyd: cuáles son las policías que más matan en América Latina: Venezuela (en términos relativos) en el primer lugar   https://t.co/XmJSaAcgLh,"['muerte', 'george', 'floyd', 'cuáles', 'policías', 'matan', 'américa', 'latina', 'venezuela', 'términos', 'relativos', 'primer', 'lugar']",Death of George Floyd: which are the police that kill the most in Latin America: Venezuela (in relative terms) in the first place https://t.co/XmJSaAcgLh,"['death', 'george', 'floyd', 'police', 'kill', 'latin', 'america', 'venezuela', 'relative', 'terms', 'first', 'place']",0.462,0.538,0.0,Neutral
"La destruccion de la biblioteca del núcleo de la UDO-Cumana ilustra muy bien los tiempos que vivimos: sectarismo, vandalismo, oscurantismo desprecio por la generación y difusión del conocimiento","['destruccion', 'biblioteca', 'núcleo', 'udo', 'cumana', 'ilustra', 'bien', 'tiempos', 'vivimos', 'sectarismo', 'vandalismo', 'oscurantismo', 'desprecio', 'generación', 'difusión', 'conocimiento']","The destruction of the library of the UDO-Cumana nucleus illustrates very well the times we live in: sectarianism, vandalism, obscurantism, contempt for the generation and diffusion of knowledge","['destruction', 'library', 'udo', 'cumana', 'nucleus', 'illustrates', 'well', 'times', 'live', 'sectarianism', 'vandalism', 'obscurantism', 'contempt', 'generation', 'diffusion', 'knowledge']",0.332,0.575,0.093,Neutral
Desconfío del anticomunista que no es antifascista y visceversa,"['desconfío', 'anticomunista', 'antifascista', 'visceversa']",I distrust the anti-communist who is not anti-fascist and vice versa,"['distrust', 'anti', 'communist', 'anti', 'fascist', 'vice', 'versa']",0.786,0.214,0.0,Neutral
"Ante el fracaso persistente de las políticas y la gestión, el gobierno opta por la creación y difusión de falsas narrativas como mecanismo de distorsión de los hechos para para evadir su responsabilidad, sus medios: el control socioplolítico y el monopolio mediático","['fracaso', 'persistente', 'políticas', 'gestión', 'gobierno', 'opta', 'creación', 'difusión', 'falsas', 'narrativas', 'mecanismo', 'distorsión', 'hechos', 'evadir', 'responsabilidad', 'medios', 'control', 'socioplolítico', 'monopolio', 'mediático']","Faced with the persistent failure of policies and management, the government opts for the creation and dissemination of false narratives as a mechanism to distort the facts in order to evade its responsibility, its means: socio-political control and media monopoly","['faced', 'persistent', 'failure', 'policies', 'management', 'government', 'opts', 'creation', 'dissemination', 'false', 'narratives', 'mechanism', 'distort', 'facts', 'order', 'evade', 'responsibility', 'means', 'socio', 'political', 'control', 'media', 'monopoly']",0.202,0.722,0.076,Neutral
"Desde el 4-F, hasta los tanqueros iraníes la constante ha sido la épica del fracaso: la pretensión de convertir derrotas, la mayoría vergonzosas, en gestas heroicas.","['tanqueros', 'iraníes', 'constante', 'sido', 'épica', 'fracaso', 'pretensión', 'convertir', 'derrotas', 'mayoría', 'vergonzosas', 'gestas', 'heroicas']","From 4-F, to the Iranian tankers, the constant has been the epic of failure: the pretense of turning defeats, most of them shameful, into heroic deeds.","['iranian', 'tankers', 'constant', 'epic', 'failure', 'pretense', 'turning', 'defeats', 'shameful', 'heroic', 'deeds']",0.454,0.361,0.186,Neutral
Rubén Blades y el coronavirus  https://t.co/jjbbUbRs3R vía @Debates IESA,"['rubén', 'blades', 'coronavirus', 'vía', 'debates', 'iesa']",Rubén Blades and the coronavirus https://t.co/jjbbUbRs3R via @Debates IESA,"['rubén', 'blades', 'coronavirus', 'via', 'debates', 'iesa']",0.0,1.0,0.0,Neutral
 https://t.co/6xQSPis2pT,[],https://t.co/6xQSPis2pT,[],0.0,1.0,0.0,Neutral
Retro-clásico Elton John - Daniel 1973  https://t.co/LgIoxMry4g vía @YouTube,"['retro', 'clásico', 'elton', 'john', 'daniel', 'vía', 'youtube']",Retro-classic Elton John - Daniel 1973 https://t.co/LgIoxMry4g via @YouTube,"['retro', 'classic', 'elton', 'john', 'daniel', 'via', 'youtube']",0.0,1.0,0.0,Neutral
"@albamarinamessa A ti, saludos","['albamarinamessa', 'saludos']","@albamarinamessa To you, greetings","['albamarinamessa', 'greetings']",0.0,0.263,0.737,Neutral
"@Jmodolell @tauruseditorial @carrillomarcos @RonaldBalzaG @fmonaldi @polscitoall @Luis_Pompilio Gracias, le voy a hacer swing","['jmodolell', 'tauruseditorial', 'carrillomarcos', 'ronaldbalzag', 'fmonaldi', 'polscitoall', 'luis', 'pompilio', 'gracias', 'voy', 'hacer', 'swing']","@Jmodolell @tauruseditorial @carrillomarcos @RonaldBalzaG @fmonaldi @polscitoall @Luis_Pompilio Thank you, I'm going to swing you","['jmodolell', 'tauruseditorial', 'carrillomarcos', 'ronaldbalzag', 'fmonaldi', 'polscitoall', 'luis', 'pompilio', 'thank', 'going', 'swing']",0.0,0.8,0.2,Neutral
"Oportuno, Fito Paez - Yo Vengo A Ofrecer Mi Corazón  https://t.co/C9uYd0M4Lj vía @YouTube","['oportuno', 'fito', 'paez', 'vengo', 'ofrecer', 'corazón', 'vía', 'youtube']","Oportuno, Fito Paez - I Come To Offer My Heart https://t.co/C9uYd0M4Lj via @YouTube","['oportuno', 'fito', 'paez', 'come', 'offer', 'heart', 'via', 'youtube']",0.0,0.625,0.375,Neutral
"Los anuncios de la vicepresidenta son consistentes con el modelo que tiene a la immensa mayoría en condiciones criticas, y lamentablemente las consecuencias predecibles son ni pan pa hoy y hambre también para mañana. Urge un acuerdo humanitario","['anuncios', 'vicepresidenta', 'consistentes', 'modelo', 'immensa', 'mayoría', 'condiciones', 'criticas', 'lamentablemente', 'consecuencias', 'predecibles', 'pan', 'pa', 'hoy', 'hambre', 'mañana', 'urge', 'acuerdo', 'humanitario']","The vice president's announcements are consistent with the model that has the vast majority in critical conditions, and unfortunately the predictable consequences are neither bread for today and hunger for tomorrow as well. A humanitarian agreement is urgently needed","['vice', 'president', 'announcements', 'consistent', 'model', 'vast', 'majority', 'critical', 'conditions', 'unfortunately', 'predictable', 'consequences', 'neither', 'bread', 'today', 'hunger', 'tomorrow', 'well', 'humanitarian', 'agreement', 'urgently', 'needed']",0.164,0.592,0.245,Neutral
Bach: Prelude from Cello Suite No. 1 in G Major. Maja Weber.  https://t.co/Zm64I5dsw7 vía @YouTube muy agradecido JS Bach -M Weber,"['bach', 'prelude', 'from', 'cello', 'suite', 'in', 'major', 'maja', 'weber', 'vía', 'youtube', 'agradecido', 'js', 'bach', 'weber']",Bach: Prelude from Cello Suite No. 1 in G Major. Maja Weber.  https://t.co/Zm64I5dsw7 vía @YouTube muy agradecido JS Bach -M Weber,"['bach', 'prelude', 'cello', 'suite', 'major', 'maja', 'weber', 'vía', 'youtube', 'muy', 'agradecido', 'js', 'bach', 'weber']",0.0,1.0,0.0,Neutral
"De lo mejor que he visto sobre el covid, por lo didáctico y bien fundamentado, vale la pena tomarse el tiempo   https://t.co/Sz33Rgy6NY vía @YouTube","['mejor', 'visto', 'covid', 'didáctico', 'bien', 'fundamentado', 'vale', 'pena', 'tomarse', 'tiempo', 'vía', 'youtube']","One of the best I have seen about covid, for the didactic and well founded, it is worth taking the time https://t.co/Sz33Rgy6NY via @YouTube","['one', 'best', 'seen', 'covid', 'didactic', 'well', 'founded', 'worth', 'taking', 'time', 'via', 'youtube']",0.0,0.523,0.477,Neutral
@Jmodolell @ChiguireBipolar @luispespana @carlanaveda Jajaja,"['jmodolell', 'chiguirebipolar', 'luispespana', 'carlanaveda', 'jajaja']",@Jmodolell @ChiguireBipolar @luispespana @carlanaveda Hahaha,"['jmodolell', 'chiguirebipolar', 'luispespana', 'carlanaveda', 'hahaha']",0.0,0.526,0.474,Neutral
Tiempos de cuarentena tiempos de ventanas indiscretas,"['tiempos', 'cuarentena', 'tiempos', 'ventanas', 'indiscretas']",Quarantine times prying windows times,"['quarantine', 'times', 'prying', 'windows', 'times']",0.0,1.0,0.0,Neutral
@Jmodolell @carrillomarcos @Loreleo @Luis_Pompilio @polscitoall @toooomaaaaas 1. Seinfeld                                          2. The Office                                    3. Breaking Bad                              4. Aquí no hay quien viva           5. Homeland,"['jmodolell', 'carrillomarcos', 'loreleo', 'luis', 'pompilio', 'polscitoall', 'toooomaaaaas', 'seinfeld', 'the', 'office', 'breaking', 'bad', 'aquí', 'viva', 'homeland']",@Jmodolell @carrillomarcos @Loreleo @Luis_Pompilio @polscitoall @toooomaaaaas 1. Seinfeld 2. The Office 3. Breaking Bad 4. No one lives here 5. Homeland,"['jmodolell', 'carrillomarcos', 'loreleo', 'luis', 'pompilio', 'polscitoall', 'toooomaaaaas', 'seinfeld', 'office', 'breaking', 'bad', 'one', 'lives', 'homeland']",0.212,0.788,0.0,Neutral
"En democracias la temporalidad e intensidad de las medidas restrictivas producto de situaciones excepcionales están institucionalmente delimitadas,en autoritarismos se sabe a duras penas como comienzan pero no como y cuando (si es el caso) terminan,el riesgo del poder arbitrario&gt;","['democracias', 'temporalidad', 'intensidad', 'medidas', 'restrictivas', 'producto', 'situaciones', 'excepcionales', 'institucionalmente', 'delimitadas', 'autoritarismos', 'sabe', 'duras', 'penas', 'comienzan', 'si', 'caso', 'terminan', 'riesgo', 'poder', 'arbitrario', 'gt']","In democracies the temporality and intensity of restrictive measures resulting from exceptional situations are institutionally delimited, in authoritarianisms it is hardly known how they begin but not how and when (if this is the case) they end, the risk of arbitrary power & gt;","['democracies', 'temporality', 'intensity', 'restrictive', 'measures', 'resulting', 'exceptional', 'situations', 'institutionally', 'delimited', 'authoritarianisms', 'hardly', 'known', 'begin', 'case', 'end', 'risk', 'arbitrary', 'power', 'gt']",0.1,0.9,0.0,Neutral
"Es muy preocupante que en muchas comunidades del país las personas no pueden cumplir con un aspecto básico para la prevención del contagio como lo es poder lavarse las manos, porque no tienen acceso a agua corriente","['preocupante', 'muchas', 'comunidades', 'país', 'personas', 'pueden', 'cumplir', 'aspecto', 'básico', 'prevención', 'contagio', 'poder', 'lavarse', 'manos', 'acceso', 'agua', 'corriente']","It is very worrying that in many communities in the country, people cannot comply with a basic aspect for the prevention of contagion, such as being able to wash their hands, because they do not have access to running water.","['worrying', 'many', 'communities', 'country', 'people', 'cannot', 'comply', 'basic', 'aspect', 'prevention', 'contagion', 'able', 'wash', 'hands', 'access', 'running', 'water']",0.265,0.735,0.0,Neutral
El señor Sanders y la izquierda democrática deberían entender que lo que está mal con el comunismo cubano es suficientemente abominable como para rechazarlo totalmente,"['señor', 'sanders', 'izquierda', 'democrática', 'deberían', 'entender', 'mal', 'comunismo', 'cubano', 'suficientemente', 'abominable', 'rechazarlo', 'totalmente']",Mr. Sanders and the democratic left should understand that what is wrong with Cuban communism is abominable enough to totally reject it.,"['mr', 'sanders', 'democratic', 'left', 'understand', 'wrong', 'cuban', 'communism', 'abominable', 'enough', 'totally', 'reject']",0.379,0.621,0.0,Neutral
La postura de Sanders frente al régimen cubano es preocupante al comunismo así como al fascismo hay que enfrentarlos sin ambigüedades que siga el ejemplo de la sra Merkel que rechaza la cohabitación con la extrema derecha sin plantearse si durante el nazismo todo era malo,"['postura', 'sanders', 'frente', 'régimen', 'cubano', 'preocupante', 'comunismo', 'así', 'fascismo', 'enfrentarlos', 'ambigüedades', 'siga', 'ejemplo', 'sra', 'merkel', 'rechaza', 'cohabitación', 'extrema', 'derecha', 'plantearse', 'si', 'nazismo', 'malo']","The position of Sanders against the Cuban regime is worrisome to communism as well as fascism, we must confront them without ambiguities that he follows the example of Mrs. Merkel who rejects cohabitation with the extreme right without considering whether during Nazism everything was bad","['position', 'sanders', 'cuban', 'regime', 'worrisome', 'communism', 'well', 'fascism', 'must', 'confront', 'without', 'ambiguities', 'follows', 'example', 'mrs', 'merkel', 'rejects', 'cohabitation', 'extreme', 'right', 'without', 'considering', 'whether', 'nazism', 'everything', 'bad']",0.325,0.614,0.061,Neutral
"@juance Para mi era hábito escuchar el idioma del jazz con Jacques  Braunstein, los domingos a las 6pm","['juance', 'hábito', 'escuchar', 'idioma', 'jazz', 'jacques', 'braunstein', 'domingos', 'pm']","@juance For me it was a habit to listen to the language of jazz with Jacques Braunstein, on Sundays at 6pm","['juance', 'habit', 'listen', 'language', 'jazz', 'jacques', 'braunstein', 'sundays', 'pm']",0.0,1.0,0.0,Neutral
El encuentro de Barajas está dando para un capítulo de alerta aeropuerto,"['encuentro', 'barajas', 'dando', 'capítulo', 'alerta', 'aeropuerto']",The Barajas meeting is giving for an airport alert chapter,"['barajas', 'meeting', 'giving', 'airport', 'alert', 'chapter']",0.0,0.465,0.535,Neutral
"@LuisCarlos Y como si fuera poco hoy tratan de posicionar el hashtag ""soberanía energética""","['luiscarlos', 'si', 'hoy', 'tratan', 'posicionar', 'hashtag', 'soberanía', 'energética']","@LuisCarlos And as if that were not enough, today they try to position the hashtag ""energy sovereignty""","['luiscarlos', 'enough', 'today', 'try', 'position', 'hashtag', 'energy', 'sovereignty']",0.0,0.769,0.231,Neutral
"Suiza confirma que la familia de Morodo, exembajador de España en Venezuela (designado en el gobierno de Rodríguez Zapatero), posee cuentas millonarias  https://t.co/rhrTPiPWS2 vía @elpais_espana","['suiza', 'confirma', 'familia', 'morodo', 'exembajador', 'españa', 'venezuela', 'designado', 'gobierno', 'rodríguez', 'zapatero', 'posee', 'cuentas', 'millonarias', 'vía', 'elpais', 'espana']","Switzerland confirms that the family of Morodo, former ambassador of Spain in Venezuela (appointed in the government of Rodríguez Zapatero), has millionaire accounts https://t.co/rhrTPiPWS2 via @elpais_espana","['switzerland', 'confirms', 'family', 'morodo', 'former', 'ambassador', 'spain', 'venezuela', 'appointed', 'government', 'rodríguez', 'zapatero', 'millionaire', 'accounts', 'via', 'elpais', 'espana']",0.0,1.0,0.0,Neutral
El juzgar obras de ficción como si fueran ensayos o documentales demuestra en el mejor de los casos una gran miopía y en el peor el dogmatismo de quien así procede. El tufo al control nazi o comunista del arte y la literatura es evidente,"['juzgar', 'obras', 'ficción', 'si', 'ensayos', 'documentales', 'demuestra', 'mejor', 'casos', 'gran', 'miopía', 'peor', 'dogmatismo', 'así', 'procede', 'tufo', 'control', 'nazi', 'comunista', 'arte', 'literatura', 'evidente']","Judging works of fiction as if they were essays or documentaries shows, at best, a great myopia and at worst the dogmatism of the person who thus proceeds. The stench of Nazi or Communist control of art and literature is evident","['judging', 'works', 'fiction', 'essays', 'documentaries', 'shows', 'best', 'great', 'myopia', 'worst', 'dogmatism', 'person', 'thus', 'proceeds', 'stench', 'nazi', 'communist', 'control', 'art', 'literature', 'evident']",0.226,0.52,0.254,Neutral
Oscar Peterson &amp; Stephane Grappelli ft. Joe Pass - Makin' Whoopee (live)  https://t.co/BpADbV4fhD vía @YouTube sin desperdicio,"['oscar', 'peterson', 'amp', 'stephane', 'grappelli', 'ft', 'joe', 'pass', 'makin', 'whoopee', 'live', 'vía', 'youtube', 'desperdicio']",Oscar Peterson &amp; Stephane Grappelli ft. Joe Pass - Makin' Whoopee (live)  https://t.co/BpADbV4fhD vía @YouTube sin desperdicio,"['oscar', 'peterson', 'amp', 'stephane', 'grappelli', 'ft', 'joe', 'pass', 'makin', 'whoopee', 'live', 'vía', 'youtube', 'sin', 'desperdicio']",0.205,0.795,0.0,Neutral
En los países comunistas los medios oficiales son tan veraces que no se necesitan medios independientes que mientan o redunden,"['países', 'comunistas', 'medios', 'oficiales', 'tan', 'veraces', 'necesitan', 'medios', 'independientes', 'mientan', 'redunden']",In communist countries the official media are so truthful that independent media are not needed to lie or redound.,"['communist', 'countries', 'official', 'media', 'truthful', 'independent', 'media', 'needed', 'lie', 'redound']",0.0,0.75,0.25,Neutral
“Los cubanos se llevaron Telesur para La Habana” Ahora desde uno de los mayores “santuarios” de la libertad de expresión del planeta    https://t.co/noVaCN2uZm,"['cubanos', 'llevaron', 'telesur', 'habana”', 'ahora', 'mayores', 'santuarios”', 'libertad', 'expresión', 'planeta']","""The Cubans took Telesur to Havana"" Now from one of the largest ""sanctuaries"" of freedom of expression on the planet https://t.co/noVaCN2uZm","['cubans', 'took', 'telesur', 'havana', 'one', 'largest', 'sanctuaries', 'freedom', 'expression', 'planet']",0.0,0.682,0.318,Neutral
"Un buen test para identificar el talante democrático del interlocutor, es pedir que ordene de más a menos democráticos a países como por ejemplo: Venezuela, Cuba, Nicaragua,CostaRica,Uruguay,Brasil,Argentina,Mexico,Colombia,Perú,Ecuador,Bolivia,Chile,Panama y Paraguay","['buen', 'test', 'identificar', 'talante', 'democrático', 'interlocutor', 'pedir', 'ordene', 'menos', 'democráticos', 'países', 'ejemplo', 'venezuela', 'cuba', 'nicaragua', 'costarica', 'uruguay', 'brasil', 'argentina', 'mexico', 'colombia', 'perú', 'ecuador', 'bolivia', 'chile', 'panama', 'paraguay']","A good test to identify the democratic mood of the interlocutor is to ask them to order countries such as Venezuela, Cuba, Nicaragua, Costa Rica, Uruguay, Brazil, Argentina, Mexico, Colombia, Peru, Ecuador, Bolivia, from more to less democratic. Chile, Panama and Paraguay","['good', 'test', 'identify', 'democratic', 'mood', 'interlocutor', 'ask', 'order', 'countries', 'venezuela', 'cuba', 'nicaragua', 'costa', 'rica', 'uruguay', 'brazil', 'argentina', 'mexico', 'colombia', 'peru', 'ecuador', 'bolivia', 'less', 'democratic', 'chile', 'panama', 'paraguay']",0.0,0.9,0.1,Neutral
@smarucci461 Con gusto,"['smarucci', 'gusto']",@ smarucci461 With pleasure,"['smarucci', 'pleasure']",0.0,0.213,0.787,Neutral
"@HuguitaSissi Gracias Stella, un abrazo","['huguitasissi', 'gracias', 'stella', 'abrazo']","@HuguitaSissi Thank you Stella, a hug","['huguitasissi', 'thank', 'stella', 'hug']",0.0,0.263,0.737,Neutral
"@Adelaidapdf Gracias a ti, saludos","['adelaidapdf', 'gracias', 'saludos']","@Adelaidapdf Thanks to you, greetings","['adelaidapdf', 'thanks', 'greetings']",0.0,0.149,0.851,Neutral
"@porlagoma @ajmendozac @serenellarosas Que lamentable, tuve oportunidad de conocerla en su restaurant la factoría del enano, QEPD","['porlagoma', 'ajmendozac', 'serenellarosas', 'lamentable', 'oportunidad', 'conocerla', 'restaurant', 'factoría', 'enano', 'qepd']","@porlagoma @ajmendozac @serenellarosas How unfortunate, I had the opportunity to meet her at her restaurant the dwarf factory, RIP","['porlagoma', 'ajmendozac', 'serenellarosas', 'unfortunate', 'opportunity', 'meet', 'restaurant', 'dwarf', 'factory', 'rip']",0.217,0.58,0.203,Neutral
@MercantilBanco buenos días su plataforma presenta problemas no se pueden hacer transferencias a no afiliados porque no envían la clave,"['mercantilbanco', 'buenos', 'días', 'plataforma', 'presenta', 'problemas', 'pueden', 'hacer', 'transferencias', 'afiliados', 'envían', 'clave']","@MercantilBanco good morning, your platform has problems, you cannot make transfers to non-affiliates because they do not send the password","['mercantilbanco', 'good', 'morning', 'platform', 'problems', 'cannot', 'make', 'transfers', 'non', 'affiliates', 'send', 'password']",0.173,0.641,0.186,Neutral
"Un verdadero dirigente obrero, libertad para Rubén González","['verdadero', 'dirigente', 'obrero', 'libertad', 'rubén', 'gonzález']","A true workers' leader, freedom for Rubén González","['true', 'workers', 'leader', 'freedom', 'rubén', 'gonzález']",0.0,0.364,0.636,Neutral
la demolición del estado de derecho y los intentos por imponer el autoritarismo no fueran motivos legítimos. Cómo ocultar la enorme inversión en recursos represivos hecha por el gobierno de Maduro o sus acciones u omisiones en contra de los ddhh?,"['demolición', 'derecho', 'intentos', 'imponer', 'autoritarismo', 'motivos', 'legítimos', 'cómo', 'ocultar', 'enorme', 'inversión', 'recursos', 'represivos', 'hecha', 'gobierno', 'maduro', 'acciones', 'omisiones', 'ddhh']",the demolition of the rule of law and attempts to impose authoritarianism were not legitimate motives. How to hide the enormous investment in repressive resources made by the Maduro government or its actions or omissions against human rights?,"['demolition', 'rule', 'law', 'attempts', 'impose', 'authoritarianism', 'legitimate', 'motives', 'hide', 'enormous', 'investment', 'repressive', 'resources', 'made', 'maduro', 'government', 'actions', 'omissions', 'human', 'rights']",0.279,0.721,0.0,Neutral
"De modo que supuestamente contrastan con las fuerzas policiales y armadas de otros países del continente que si reprimen a un pueblo que a diferencia de los manifestantes venezolanos si tienes razones para expresarse. Como si la crisis humanitaria venezolana,","['modo', 'supuestamente', 'contrastan', 'fuerzas', 'policiales', 'armadas', 'países', 'continente', 'si', 'reprimen', 'pueblo', 'diferencia', 'manifestantes', 'venezolanos', 'si', 'razones', 'expresarse', 'si', 'crisis', 'humanitaria', 'venezolana']","So they supposedly contrast with the police and armed forces of other countries on the continent that if they repress a people that, unlike the Venezuelan protesters, if you have reasons to express yourself. As if the Venezuelan humanitarian crisis,","['supposedly', 'contrast', 'police', 'armed', 'forces', 'countries', 'continent', 'repress', 'people', 'unlike', 'venezuelan', 'protesters', 'reasons', 'express', 'venezuelan', 'humanitarian', 'crisis']",0.375,0.625,0.0,Neutral
"La nueva campaña de desinformación del régimen consiste en presentarse como un gobierno que no sólo nunca reprimió sino que además fue víctima de los manifestantes agresivos, como si los cientos de muertos y detenidos (y muertos detenidos) pudieran borrarse de un plumazo","['nueva', 'campaña', 'desinformación', 'régimen', 'consiste', 'presentarse', 'gobierno', 'sólo', 'nunca', 'reprimió', 'sino', 'además', 'víctima', 'manifestantes', 'agresivos', 'si', 'cientos', 'muertos', 'detenidos', 'muertos', 'detenidos', 'pudieran', 'borrarse', 'plumazo']","The new disinformation campaign of the regime consists of presenting itself as a government that not only never repressed but was also the victim of aggressive protesters, as if the hundreds of deaths and detainees (and those arrested) could be erased with a stroke of the pen.","['new', 'disinformation', 'campaign', 'regime', 'consists', 'presenting', 'government', 'never', 'repressed', 'also', 'victim', 'aggressive', 'protesters', 'hundreds', 'deaths', 'detainees', 'arrested', 'could', 'erased', 'stroke', 'pen']",0.25,0.607,0.143,Neutral
@francesco997453 Saludos,"['francesco', 'saludos']",@ francesco997453 Greetings,"['francesco', 'greetings']",0.0,0.263,0.737,Neutral
Para apreciar las opiniones de Rodriguez Zapatero no olvidemos que considera a Maduro un gran demócrata,"['apreciar', 'opiniones', 'rodriguez', 'zapatero', 'olvidemos', 'considera', 'maduro', 'gran', 'demócrata']","To appreciate the opinions of Rodriguez Zapatero, let's not forget that he considers Maduro a great democrat","['appreciate', 'opinions', 'rodriguez', 'zapatero', 'let', 'forget', 'considers', 'maduro', 'great', 'democrat']",0.121,0.446,0.433,Neutral
