word,count
después,16
tantos,8
años,27
ayudando,2
movimiento,3
social,13
país,132
elias,2
santana,2
necesita,15
ayuda,41
recuperar,8
salud,16
necesitamos,6
héroes,5
excelente,2
oportunidad,10
demostrar,2
agradecimiento,4
arielmorantes,4
solo,27
negociar,53
stalin,2
enfrentar,4
hitler,2
pregunten,2
si,197
vale,20
pena,19
puedes,31
responder,11
claro,57
mil,20
incertidumbres,4
riesgos,14
¿ha,2
valido,2
ahí,15
certidumbre,2
fracaso,17
sido,30
clara,5
agua,18
roques,2
unidad,23
opositora,16
sigue,17
siendo,24
fundamental,18
estrategia,77
ganadora,4
separar,3
acuerdos,70
humanitarios,40
comida,8
medicina,13
combustible,15
diésel,81
gas,4
elecciones,43
regionales,39
resto,11
condiciones,65
democráticas,8
atando,2
sanciones,119
financieras,11
personales,10
rechazo,17
gob,122
interino,12
participar,32
acuerdo,46
integral,13
relevante,16
anuncia,2
división,19
fuerzas,14
debilitaría,2
participantes,6
enfrentarán,2
alta,8
abstención,39
negociaciones,39
integrales,4
dinamitadas,2
cada,10
día,18
pasa,10
internas,12
oposición,139
favor,3
crecen,3
sustancialmente,2
incluyendo,12
dentro,14
liderazgos,14
situación,23
percibe,3
distinta,11
evento,34
parlamentario,2
maduro,140
entiende,4
factor,8
híper,2
sensible,3
cede,2
tarjetas,3
habilitación,2
candidatos,4
miembros,4
cne,15
observación,7
internacional,52
apuesta,3
debe,41
mejor,26
haga,4
desunida”,2
grupos,11
opositores,30
creen,10
necesario,12
van,17
ir,2
elección,71
pone,6
presión,22
complicada,6
generales,9
pues,80
parciales,23
derrumba,2
negociación,150
global,5
comunidad,10
dolor,3
cabeza,11
internos,13
imposible,30
avanzar,21
cualquier,53
nacional,30
adversario,17
convirtiéndose,2
papa,2
caliente,2
fractura,8
frente,49
dilema,20
climax,2
negociarlas,3
separado,2
meterlas,2
paquete,4
sabiendo,7
previo,11
fecha,2
ejecutará,2
todas,39
alrededor,11
salvación,2
reto,26
decidir,17
plantea,6
incrementales,2
intercambien,2
cosas,9
específicas,2
presenten,2
victorias,2
tempranas,2
incluyen,2
presidenciales,7
une,7
necesidad,17
logro,5
clave,24
hace,54
institucional,23
sostenía,2
iba,2
desconociendo,2
realidad,37
control,42
territorial,18
problema,89
viene,4
¿qué,38
comienzan,6
pidiendo,6
máximo,7
expectativas,30
flexibilización,17
total,22
obvio,34
ninguna,36
dos,26
ocurrirá,8
significa,16
medio,12
muchas,23
predeterminados,2
acordarse,2
referéndum,6
flexibilizar,2
parte,38
va,48
créditos,4
indexados,2
parece,46
maxima,2
equivalencia,2
ahora,70
creo,33
incluso,30
escenario,9
maximo,2
puede,94
lograr,22
mejora,6
transparente,7
equivalente,8
hoy,74
tener,37
absolutamente,25
posibilidad,46
cambie,2
futuro,35
cercano,3
bastante,9
baja,11
así,23
planteamiento,7
genera,29
presiones,8
políticas,18
pajuatada,2
aseguro,3
votaré,2
búsqueda,10
soluciones,7
temas,32
afectan,7
población,67
empezando,4
vacunas,28
pueden,22
politizarse,4
usarse,2
mecanismo,19
jugar,6
vida,51
gente,70
acción,38
impresentable,12
venga,9
quizás,20
cambios,68
políticos,86
importantes,10
perdido,3
interés,17
política,115
noticias,4
tipo,19
buena,20
noticia,15
sino,74
contrario,10
derecho,17
aspirar,2
pueblo,26
ratificarlos,2
conflictivo,2
pedirle,2
zonas,4
opositoras,7
claras,4
contundentes,2
entreguen,4
gobernaciones,2
alcaldías,2
chavistas,7
forfait,2
indica,16
existen,7
espacios,13
participación,48
unitaria,3
embargo,14
devolución,2
símbolos,2
partidistas,2
legítimos,2
líderes,21
bloqueador,2
contundente,10
pendientes,7
medida,15
tiempo,47
producirse,4
países,33
comienza,7
divorciar,2
ámbitos,2
económicos,17
evidente,25
economía,37
vzlana,18
mucha,12
apertura,40
forma,35
técnica,7
estimar,4
cambio,142
mismo,48
producto,9
cúmulo,2
infinito,2
distorsiones,4
sabemos,10
recatar,8
confianza,61
reinstitucionalizar,5
devaluación,19
único,23
proceso,52
garantizado,6
vzla,95
dolarizacion,8
imparable,18
seguirá,12
facto,13
dolarización,25
formal,19
bcv,7
intentará,5
evitar,20
eliminación,4
transaccional,9
bolívar,11
restricciones,7
siete,3
diez,2
vzlanos,31
piensa,5
partidos,21
deben,28
llamar,6
regional,10
cree,17
conseguir,16
aceptables,4
garantizar,22
comprometida,2
temprano,6
participaciones,2
unas,6
aún,32
cuáles,9
irá,7
unida,2
primarias,2
respaldo,12
debemos,6
quiere,12
resuelva,4
solución,36
definitiva,2
depende,21
requiere,13
parecen,2
cercanos,6
mientras,37
indispensable,16
ver,32
abastecimiento,33
tema,37
humanitario,22
haber,10
estrategias,12
internacionales,15
garanticen,4
comercio,4
concentrarán,2
importante,36
debate,17
politicas,2
divisor,2
concreto,5
presidencial,18
nula,17
momento,35
definir,4
expectativa,5
adaptada,2
real,31
fuerza,18
presionar,24
ambas,7
partes,43
interesadas,3
ceder,12
cederá,2
incluye,5
transparencia,10
minutos,26
preguntas,31
respuestas,23
comenzando,18
inmediato,18
vemos,27
instagram,14
live,18
amigos,21
lm,4
logística,4
retos,14
oportunidades,25
nueva,18
abrazo,9
periodistas,2
sigan,2
haciendo,5
trabajo,15
pese,20
limitaciones,6
muestra,15
compromiso,6
pasión,2
valor,25
notable,2
division,2
descalificaciones,2
lanzaban,2
resentimiento,2
supuraban,2
conmigo,2
ingredientes,2
pesimismo,2
¿quién,6
cedería,2
gritaban,2
pedían,2
jamás”,2
tranquilo,3
padura,2
hablando,10
cubanos,2
cristina,2
aguilera,2
ochoa,2
cotuficcion,2
compite,2
nespresso,2
talents,2
categoría,2
film,2
school,2
award,2
ganadores,5
darán,2
conocer,2
festival,2
cannes,2
julio,3
aquí,16
enlace,2
video,2
sensacional,2
muchísima,2
suerte,4
tendencias,20
consumidor,21
venezolano,22
datanalisis,30
alcanza,3
casi,10
transacciones,20
totales,4
irreversible”,2
luisvicenteleon,4
vzlano,14
luego,19
destrucción,14
tres,7
cuartas,5
pib,8
proyecciones,7
muestran,8
primera,12
estabilización,5
aunque,62
dejando,2
significativamente,4
pequeña,5
tamaño,3
histórico”,2
francisco,11
allen,8
pérdida,11
poder,69
compra,16
interna,38
dólar,20
venezuela,103
enero,5
abril,4
debido,11
desfase,2
inflación”,2
bien,19
pandemia,31
estimulado,3
crecimiento,11
internet,4
caso,18
penetracion,4
inferior,4
promedio,5
carlosjimenez,6
consumidores,11
locales,5
presentan,3
menor,9
fidelidad,2
marcas,2
toda,23
región,4
latinoamericana,2
llegando,2
apenas,12
latino,4
manifiestan,2
comparar,2
precios,18
comprar,4
penetración,6
doble,6
pares,3
latinoamericanos,2
mayor,27
sensibilidad”,2
gracias,53
patrocinantes,5
cocuyleal,3
banplusonline,5
jvhcorp,2
ingritechven,2
delcopve,2
idcartonaje,2
jamonarichuna,2
cloverfilevzla,2
traslados,2
horas,2
lapieldetuhogar,2
simpletvve,2
kores,2
movistar,2
alimentosmaryve,2
ceproalarm,2
gpcconsulting,2
pagochinchin,2
listos,14
comenzar,16
casa,9
completamente,5
llena,12
acompañados,2
grupo,16
estelar,3
empresas,18
atender,15
allá,40
crisis,78
lamento,6
fallecimiento,7
sra,2
adnaloy,2
zamora,4
madre,4
grandes,8
gabriel,2
miguel,9
osio,2
envío,7
solidaridad,7
hermanas,2
familiares,2
recuerdos,4
felices,4
mantengan,2
siempre,62
viva,3
mentes,2
corazones,2
mañana,17
conversando,9
laureanomar⁩,10
camino,7
monólogo,2
miedo”,2
realizará,5
streaming,2
próximo,9
junio,6
pm,12
recta,2
final,12
jueves,9
am,8
superaron,2
creces,3
honor,5
contar,6
placer,15
compartir,20
ustedes…,2
pedir,5
quieras,6
merezcas,2
pregunta,28
dar,19
respuesta,22
obviamente,10
marco,10
analiza,2
base,12
deseos,15
derechos,23
merecidos,2
luisdiazt,2
existe,8
liberen,2
quid,6
pro,7
quo,9
sólo,43
logra,17
negociando,3
generan,6
costos,12
afectar,2
gobierno,96
error,10
principio,3
ser,64
retiradas,2
cuanto,2
ielviento,2
¿y,19
dijo,6
votar,48
funcionado,14
decir,24
ninguno,11
sirve,10
argumento,3
deberías,2
agregar,2
abstenerse,8
peor,18
irja,2
sugiriendo,2
usas,2
ejemplo,13
cierto,25
sirvió,2
falta,20
indicar,5
varias,3
veces,5
tampoco,19
entonces,31
voto,9
tolosalila,2
¿mis,2
palabras,5
lacelis,2
nelsonbocaranda,2
invitación,5
conversar,17
estudio,2
perfil,8
presentaremos,2
eventos,18
com,6
hagan,10
racionalidad,5
intereses,11
personale,2
encuestas,13
instrumento,8
decisiones,14
nunca,28
reemplazarán,2
lógica,5
prefiero,2
reconvertir,2
enfocada,2
venezolanos,14
luchar,8
desarrollar,6
distintas,6
traído,2
acá,2
insistir,2
llegará,2
distorsionado,2
inflación,13
multifactorial,2
supuesto,8
campo,10
especulación,2
trata,25
combinación,4
moneda,54
desequilibrio,2
fiscal,3
económica,25
laboral,4
etc,2
dispuestos,4
aceptar,2
pasar,7
diluye,2
ocurre,9
chinas,2
rusas,2
suministradas,2
oficialmente,2
originales,2
insuficientes,3
entregadas,2
manera,20
sesgada,5
vengan,2
impecables,2
cerca,13
bachaqueadas,2
peligro,14
incalculable,2
hacer,35
estimaciones,2
dependerá,12
resultado,30
promuevan,2
liberación,15
presos,11
inhabilitados,2
demanda,13
inmediata,4
pública,11
lograrse,4
convocar,2
rr,2
posibles,2
mayoría,35
resolver,39
minoría,3
confía,2
exitosa,3
objetivo,31
deseado,6
tan,29
correctas,2
punto,8
aislamiento,18
gol,2
expulsa,2
amenaza,11
inversionistas,13
clásicos,3
termina,2
produciendo,4
desoccidentalización,2
vez,17
penetrado,2
econ,19
políticamente,6
adversarios,7
occidente,5
central,4
probabilidades,4
ocurra,4
bajas,4
mas,4
probable,26
parcial,4
débil,5
resultados,31
parlamentaria,8
potentes,4
opinión,25
pasivamente,4
plan,4
convertir,8
cosa,11
miden,4
encuestadores,2
quieren,12
desean,3
temen,2
vamos,4
guste,5
moleste,6
opo,32
determinante,2
obtener,9
humanitaria,33
parar,3
bloqueadores,4
establezca,2
tratan,2
primeras,2
falso,10
vas,9
diferente,8
plano,5
político,70
quedar,6
discursos,19
diplomáticos,4
amenazas,11
incumplibles,2
intentos,10
preservación,2
status,5
dividen,2
impacto,30
negativo,7
funcionarios,3
humanitarias,7
podrían,11
flexibilizarse,2
administración,6
biden,35
giro,2
profundo,6
lleve,2
establecer,6
alianzas,2
bajo,15
tesis,15
revalidación,3
democrática,5
poderes,4
lanzar,2
puesto,5
popular,17
alguna,6
podemos,13
pesar,11
preferencia,2
pob,32
conflicto,20
través,17
reales,8
relevantes,13
participa,4
interesa,3
mostrar,6
obligar,4
reconocimiento,17
contraparte,4
dominante,3
legitimidad,11
mediática”,2
josegar,2
lees,2
análisis,31
arranca,5
precisamente,10
entregar,9
conjunto,6
negocian,2
cuyo,3
centro,6
necesidades,9
poblacion,2
corrigen,2
oyds,2
mismos,6
refiero,2
elementos,9
vitales,2
previos,4
resolverse,3
cómo,27
negociacion,2
garantía,11
martinezq,2
jajaja,14
fa,2
dime,4
paso,7
buscarlos,2
hacen,8
burda,2
avísales,2
enteren,2
gafos,6
olas,2
suficiente,22
salida,20
¿vale,2
intentarlo,3
define,5
éxito,33
nuevo,25
intentó,2
jlmovil,2
realmente,14
exactamente,16
dice,6
artículo,4
pasará,4
asumo,2
leíste,3
¿éxito,2
acompañar,4
fedeagro,4
sector,53
agrícola,13
convención,2
anual,5
productivo,4
esfuerzos,11
mantener,21
producción,31
graves,11
enfrenta,7
ustedes,5
confiar,4
largo,8
plazo,30
podría,25
parecer,4
ingenuo,2
planeara,2
irrespetar,2
servirán,2
unificar,2
común,18
lucha,57
finalmente,8
separarse,2
mira,2
rescatar,23
democracia,20
llegar,12
decente,2
requerirá,2
necesitará,3
anteriores,6
segundo,5
rápida,4
llega,4
sectoriales,4
electorales,21
inmediatos,3
colocar,4
condición,8
poner,5
calidad,9
intercambio,20
petróleo,31
alimentos,30
vital,4
coma,2
desplace,2
reciba,2
servicios,15
condicionarse,4
durar,4
meses,14
levantar,4
inmediatamente,2
barrera,2
entrada,21
solicitar,6
levantamiento,2
prohibición,12
importación,14
limita,2
transporte,24
medicinas,24
usará,2
exigirá,5
cesiones,6
causado,2
daño,2
liberarse,2
primer,8
nivel,10
poniendo,5
mesa,9
refrendada,2
internacionalmente,6
nadie,11
participe,2
amenazado,4
perseguido,2
apresado,3
negocia,4
obtiene,2
libertad,12
limiten,2
básicas,3
electricidad,4
empezar,3
aquello,2
permita,8
ambiente,6
propicio,2
garantías,2
inmediatas,4
aliados,32
vacunación,12
alimentación,6
deberá,2
plantear,5
inteligentemente,4
previamente,3
estable,7
acordar,2
corto,29
intercambiar,2
ello,2
¿cuáles,3
inicia,3
enormes,4
difíciles,3
peligrosos,2
buscará,5
ganar,8
planteando,4
juego,23
suma,2
cero,9
pierda,2
perder,9
replantear,4
horizonte,2
acorde,2
posibilidades,17
seguir,24
basada,2
ilusiones,2
falsas,4
pulverizaron,2
esperanzas,13
entrar,7
abren,5
cerradas,2
queda,17
terminar,2
pre,2
cantado,5
mejoren,2
capacidad,43
futura,7
acepta,2
conseguirá,2
busca,23
problemas,17
arista,7
re,11
articularse,2
superar,4
irrelevancia,5
condena,6
ausencia,4
reconozcan,3
permanencia,3
obligarlo,2
salir,8
información,14
cambia,8
medirá,2
procesos,10
ambos,7
dispuestas,2
ocurrió,4
reconocer,6
quién,10
calibrar,4
tarea,5
pendiente,3
coordinación,2
dirigido,2
guaido,5
arrancó,2
representado,2
capriles,9
entorno,14
reciente,6
abre,9
compuertas,4
alguien,10
duda,22
productiva,3
modelo,18
revolucionario,7
responsabilidad,9
prohibimos,2
importaciones,14
hacemos,5
sufrir,2
lógico,2
justo,2
necesitan,8
gesto,4
estabilizar,6
encochinamiento,2
estabilidad,3
previa,4
difícil,33
espinoza,2
agrega,3
sufrimiento,6
colapsando,2
distribución,15
bienes,12
esenciales,2
medicamentos,5
pueda,15
claramente,9
hará,2
medidas,6
básicos,11
colocados,2
éticamente,6
inaceptable,3
unidos,3
importar,3
cumple,2
amplifica,5
severa,10
vive,5
aparato,2
creado,2
corre,2
riesgo,20
crear,6
mercado,21
negro,8
ineficiencias,2
dramáticas,2
distribuciónn,2
ciento,2
sanción,11
prohibiendo,2
producido,4
ningun,2
generado,4
escasez,14
politizar,4
inadecuado,2
energía,10
trabajó,2
temo,2
negativa,6
rechaza,7
afecta,6
indefinidamente,4
mostrando,3
preocupación,6
desesperación,2
completo,4
sufriendo,2
carne,3
propia,9
productos,9
¿de,2
verdad,19
¿o,10
oír,10
declaración,2
amenazando,2
paralización,6
actividades,10
protesta,3
manipulación,4
asignación,6
cuotas,4
podríamos,5
pescadores,2
motivos,2
principales,6
asociación,2
agricultura,2
familiar,3
compartiendo,2
miedo,12
quedarse,4
entender,34
vivimos,4
veamos,4
posición,30
advierte,2
perderse,2
cosechas,2
revisamos,2
declaraciones,3
sectores,17
productivos,3
nacionales,9
podremos,2
desesperada,2
encuentran,4
brutal,2
dejemos,2
diga,2
industrial,2
datos,7
simples,2
opiniones,8
sesgos,2
vista,11
grave,11
escenciales,2
eléctrica,6
gusto,8
empresarial,5
además,9
queridos,2
fedecamaras,6
zulia,4
cotertulios,2
ultra,2
lujo,4
rafaelarraiz,2
ricardocusanno,2
voy,5
pa’,2
maracaibo,2
usar,10
dramas,3
usa,66
quo”,2
normal,6
lista,6
considera,7
pondrá,2
zanahorias,2
¿que,7
rol,5
jugarán,2
avanzado,4
presionando,8
apoyo,23
¿se,2
apartarán,2
entregarán,2
mando,2
guaidó,38
dirija,2
capítulo,2
papel,2
jugará,2
acompañando,2
menos,52
innegociable,2
terminará,3
puntuales,5
destrabar,2
sabe,8
entregará,2
pide,4
subterfugio,2
costo,6
perceptual,3
negarse,2
públicamente,6
dónde,7
ofreciendo,2
requerimiento,2
¿está,2
preparado,2
dispuesto,9
hacia,7
decide,5
triangular,2
decisión,33
inteligente,17
tratar,6
contrarrestar,2
circunstanciales,2
abriéndose,2
directa,6
avance,4
pulverizante,2
perfectamente,9
racional,21
considerando,5
europa,25
receptiva,2
bloquear,2
opción,12
alternativa,13
autónoma,2
mejoras,2
incorporación,2
pura,2
sangre,3
obligo,2
abandonar,6
inicial,3
rechazar,3
irracional,2
resulta,12
competitiva,6
aceptación,6
probabilidad,13
medición,2
valen,2
rescate,11
relación,21
vía,9
contacto,2
única,10
medir,4
sobredimensionas,2
obtendrás,2
frustración,4
aprendizaje,4
podido,3
leyendo,2
libro,2
básico,5
exigir,3
esperar,21
salga,2
existencial,2
vacío,15
verá,4
obligada,2
dirigencia,4
propios,4
líder,18
natural,23
proclives,2
alcaldes,4
perderán,2
chocaron,2
incómoda,2
seguida,2
ignorar,2
idea,8
terminan,7
entendiendo,6
lentamente,3
fuertes,2
fragilidad”,2
irene,2
vallejo,2
esperando,2
entró,3
exitoso,3
logran,4
sienten,2
ganaron,2
cedieron,2
ruta,4
afinar,2
inicio,3
ganan,2
emociones,4
compartidos,2
realidades,6
perspicaz,4
permitan,12
articulación,11
plato,6
principal,8
queremos,3
repetir,4
receta,5
llevará,3
¿gana,2
dado,12
presionarlo,2
ves,2
amenace,2
distinto,23
capaz,5
aprovechar,2
ganas,2
dudar,2
siquiera,4
dudo,2
seguro,8
juegas,2
árbitro,4
patuleco,2
haces,2
parlamentarias,20
¿es,8
esperas,2
milagros,3
jorgepinturas,2
edurodriguezg,3
entiendo,9
pensamiento,11
abstracto,4
llama,8
entenderlo,2
ningún,14
partido,3
opciones,9
sienta,2
confortable,2
mantiene,9
externo,2
interno,17
apoyar,4
presida,2
josé,4
gregorio,2
hernández,2
permitirá,2
sacar,9
dejar,9
podrás,2
articular,8
abrir,12
espacio,2
nuevos,12
mover,2
calle,4
disposición,10
quedarte,3
rascándote,2
barriga,5
sofá,2
¿cuál,7
propuesta,31
electoral,11
desventajosa,2
imaginar,4
haberse,2
abstenido,2
rotundo,2
dicen,5
absurdo,10
desventajosas,2
explican,4
¿te,6
cuentan,3
cuál,3
bola,2
cuento,2
opositor,8
puntos,3
señal,2
transparentes,4
equilibradas,3
rendijas,2
luchando,3
permitir,5
terminen,2
destruirte,2
razón,15
simple,2
construir,17
momentum,3
adversidad,3
pasiva,4
fracasada,2
pulverizó,7
conexión,4
redes,4
sociales,7
dividían,2
iguales,4
juanchoba,2
bobo,3
juliooliveros,2
bingo,2
entendiste,5
perfecto,2
símil,2
lmld,2
pareció,2
buen,6
dijon,2
conozcas,2
importancia,3
conocerme,2
sigas,2
sabes,6
es”,2
económico,21
millón,6
seguidores,2
debería,5
sonarte,2
extraño,3
digo,3
pasiones,4
hecho,12
empatados,2
rescata,6
esperanza,20
inevitable,12
outsider,2
bueno,9
malo,3
ud,2
recomienda,2
desaparezca,2
desapareciendo,2
cumplir,5
sociedad,5
venezolana,18
desconfía,2
justificadamente,2
instituciones,40
venezolanas,4
ende,2
ejecutan,2
simplista,5
babosada,2
analizar,9
miedos,2
emociona,2
masas,4
inalcanzables,2
perro,4
echado,2
diseñar,2
propuestas,5
accionables,2
creíbles,7
emocionantes”,2
pablo,2
albertorodnews,2
genpenaloza,2
estimaría,2
mundo,32
chavismo,14
radical,4
enano,2
equilibrado,2
beckam,2
detalle,9
igual,20
ceros,4
explicación,4
profunda,6
seguimiento,2
website,2
complejo,6
enfrentamos,2
masivo,8
generación,5
solicitudes,2
vacías,2
echarle,2
bolas,2
cielo,6
limite,2
deuda,4
proyectar,8
tiempos,4
producirán,4
profundos,8
vendiendo,2
menores,2
cantidades,2
vende,2
descuentos,2
cocos,2
dura,4
incapaces,5
permeabilidad,3
privado,24
independiente,5
grande,4
gigantes,6
sostener,6
negocios,6
relaciones,6
cumplimiento,4
to,10
reglas,29
legales,5
inevitables,3
posible,27
dolarizar,3
sancionados,15
regularización,2
bancarización,2
uso,23
lamentablemente,27
esperan,9
caídas,2
similares,2
registradas,2
recientes,4
homogénea,4
diferentes,12
pensamientos,2
comunes,11
trabajar,3
despreciar,2
apoyos,3
integrarlos,2
franco,2
valls,2
variable,5
destruida,4
revertirá,2
reinstituiconalizacion,2
demora,2
abusos,2
típicos,2
harán,3
injusta,4
tarde,6
entrarán,2
intenso,3
pensaba,2
originalmente,2
nones,5
responderse,2
segmentos,4
siguen,7
atractivos,2
creciendo,5
extinción,2
dolarizada,2
mente,2
banca,16
adorándose,2
crédito,5
extranjera,27
indexado,2
minoritario,2
controlando,5
territorio,6
ponga,3
dramática,6
potencia,2
exponencialmente,2
camina,2
agresivamente,2
elevar,2
dependencia,6
alimentaria,2
importados,2
desconfianza,8
autoridad,3
monetarias,7
reconversión,2
valga,2
impactos,12
positivos,2
equilibrios,17
macro,4
lograrán,2
recate,2
especiales,4
empresa,4
logrado,4
objetivos,2
centrales,4
presentar,15
fin,9
logre,5
diferencias,31
insalvables,2
atarla,2
varios,9
sesión,16
quiero,8
darle,9
inscritos,2
horizontes,18
laureanomar,10
llenado,2
transmisión,2
ampliada,4
producirlo,2
analizaremos,4
luisvleon,9
inscripciones,4
¿sabias,2
comerciales,9
realizan,4
comentaremos,2
wtcvalencia,8
foropeps,18
encantados,4
recibir,5
natick,2
patrocinante,2
⁦⁦,5
luisvleon⁩,4
datanalisis⁩,21
wtcvalencia⁩,16
mencionan,2
lema,2
juntos,4
multiplicamos”,2
desea,4
responsabiliza,3
provocar,14
colgada,2
brocha,5
depender,2
terceros,4
concentra,3
atacar,4
piensan,6
poder”,2
ofrecer,7
pulverización,5
incontrolado,2
adentro,4
piensen,6
bienvenidas,2
usarán,2
dirimir,13
naturales,5
buenos,9
malos,7
formas,5
intentar,7
cambiar,8
dueño,3
verdad”,4
antagonismo,2
sospecha,2
denigra,2
reconstruir,5
liderazgo,12
motive,2
triunfos,3
tempranos,2
paralizadora,2
binaria,2
conduce,5
demandan,2
fuerte,5
deseo,5
usualmente,2
gran,14
impulsor,2
convierte,6
decepción,3
desánimo,2
concreta,5
migración,3
adaptación,3
gibelli,2
viviana,2
onda,4
super,2
estación,4
hablar,7
ratico,4
perspectivas,6
partida,2
bellita,2
troconis,2
durán,2
celebro,2
larga,3
plena,4
dedicada,2
educación,2
generaciones,2
tovareños,2
recordarán,2
afecto,2
primos,2
lauri,2
edgad,2
cariño,5
lleva,6
acciones,4
unilaterales,3
orienten,2
vacunar,2
urgentemente,3
sumándolas,2
dividiéndolas,2
romper,4
mutua,2
puedan,7
ayudar,11
fundamentales,5
decepcionante,3
maría,2
isabel,2
parraga,6
súper,3
organizado,4
luisvicenteleon⁩,2
conversaremos,5
cuenta,11
ig,6
imbecilidad,2
triste,4
terrible,6
inhumano,4
buscando,10
teórica,3
empíricamente,4
intervención,3
cumplirán,2
funciones,9
productivas,2
expropiadas,2
privatizar,6
jóvenes,2
digno,2
descansar,2
resolverlo,3
totalmente,10
articulista,2
oficio,4
ejerzo,2
ańos,2
junto,2
profesor,5
encuestador,2
orgulloso,2
serlo,2
encanta,2
criticar,3
sofisticados,2
manejo,4
efectivo,26
retroceso,2
leyes,4
rezagadas,2
detrás,2
imparables,2
dios,4
quiera,3
analista,5
privilegia,3
encima,6
proyección,3
evolución,4
períodos,2
específicos,2
referencias,2
cualitativas,2
límite,6
pensamos,2
basar,2
decepcionantes,3
ideológico,2
empírico,3
masificación,10
oficial,12
implementar,2
sancionado,10
necesaria,4
humana,2
historia,17
america,8
latina,3
periodo,4
guerra,6
sinceramente,2
últimos,3
tendientes,2
controlar,3
voces,2
radicales,5
regresar,4
intensa,5
reconoce,3
inútil,5
inadecuada,2
contraproducente,4
cumplió,3
recurso,2
discursivo,2
populista,2
afuera,6
agudización,3
inaplicables,2
distorsionantes,3
estatal,2
obligado,2
recalcular,2
flotar,2
utilizar,3
insultos,2
calificar,2
actores,8
argumentos,5
serios,2
descalifica,2
insultas,2
independientemente,8
uses,2
debilidad,5
responda,2
revolución,16
constitución,2
reconstrucción,2
aborde,2
incertidumbre,2
escenarios,4
prepararse,2
futuras,3
compleja,5
subjetiva,2
preocupada,2
representa,7
heterogénea,2
pensar,16
visión,6
autocracia,2
usaré,2
complementar,3
antier,2
quedaron,7
tintero,3
perdió,2
intenta,7
mantenerlo,2
vivo,4
multiplicar,2
encarecer,2
operaciones,19
bs,18
proteger,3
patrimonios,2
operación,4
divisas,35
seguiría,2
siéndolo,2
fenómeno,6
mundial,4
economia,4
recibe,3
tardía,4
ola,3
local,17
twitter,3
session,2
normalmente,2
ocasiones,2
homogéneo,2
alto,7
sulfuro,4
usos,5
distintos,5
produce,4
insuficiente,4
confíe,2
defender,5
vote,2
necesarias,2
respete,2
hiperinflacionario,2
activa,4
incrementos,2
nominales,2
liquidez,5
permiten,3
subida,2
depreciación,2
producir,18
exterior,10
modernos,2
transición,7
producen,12
internamente,8
proyecto,2
humano,5
eficiente,3
elevados,2
soportes,2
financieros,3
privados,9
cambiario,6
generó,2
estímulos,7
ganadoras,2
recrudecimiento,2
oficiales,4
vuelven,2
reducir,4
visto,2
filosófico”,2
debilitado,2
presionado,4
deteriorado,2
clásico,8
previsible,5
cifras,2
covid,21
dependientes,3
número,7
pruebas,4
casos,9
sistema,4
masivas,3
pacientes,2
sintomáticos,2
asintomáticos,2
estadística,4
reflejan,2
desbordado,2
impedir,2
aztrazeneca,2
inhumana,2
probablemente,11
gubernamental,2
sustitución,2
introducir,3
vinculadas,2
espera,13
lenta,2
refleja,2
precio,3
pagar,11
patrimonio,2
detenga,2
feriado,2
pascuas,2
año,15
podamos,2
celebrarlas,2
familia,9
misas,2
cálidas,2
multitudinarias,2
montaña,2
playa,2
llano,2
aprovechando,2
tierra,2
ayudarlo,2
enviar,4
amiga,2
andreina,2
niño,8
doloroso,2
mamá,2
olga,2
hermano,2
humberto,2
víctimas,2
recrudece,2
exponencial,4
compañero,2
colega,2
alumno,4
amigo,3
condolencias,2
padre,2
ayude,6
tristeza,4
injusto,6
petare,2
pregúntale,2
manipuladores,4
hicieron,3
creer,2
dimos,4
absurdos,4
monickred,2
dato,6
acerca,3
ponen,5
generar,12
confusión,4
fake,4
news,4
krlozgalindz,2
empieza,3
averiguar,2
semejante,2
encuentres,2
fuente,7
des,2
engañaron,2
vuelves,5
escribir,3
cicerncatilina,2
nonse,2
cálculos,4
manipulada,2
hatersl,2
profesionales,2
rabia,4
juanuzc,2
gustan,2
estadísticas,2
diría,4
negociados,2
salidas,2
abel,4
mp,4
cambiando,3
robertomonagas,2
evitarlo,3
costa,2
bellofer,2
linealpensantes,2
buscar,22
perfección,2
perspectiva,5
decía,2
adelman,2
consecuencias,2
terribles,5
causa,2
guerras,2
revoluciones,2
golpes,2
supusieron,2
carnicerías,2
humanas,2
¿pueden,2
delirantes,4
increíbles,2
absurdas,2
llamadas,2
suicidio,2
colectivo,2
inteligentes,6
sustituto,5
importa,8
extremistas,2
griten,2
duro,5
activen,2
mercenarios,2
convertidos,2
policías,2
bárbaros,2
haters”,2
obliguen,2
desesperadamente,2
simpático,2
condescendiente,2
artificialmente,2
esperanzador,2
desmotivante,2
certero,2
recordé,2
reflexion,2
albert,2
hirshman,2
clases,4
oído,3
privilegian,2
dejan,4
sociedades,3
imposibles,3
desesperanzadas,2
seguras,2
derrotas”,2
conversación,6
alumni”,2
giró,2
marca,5
actividad,9
funciona,2
máxima,2
complacer”,2
cliente,2
gratificante,2
esperado,5
colegas,3
carreras,2
académicas,2
espectaculares,2
mejores,9
universidades,4
centraba,2
experiencias,2
aprendizajes,2
éxitos,2
fracasos,4
fotos,2
actuales,5
ex,4
alumnos,4
coyuntural,2
críticas,3
lamentos,2
bienestar,5
concentrarnos,2
alternativas,5
abandonen,2
agradecer,4
alumni,2
españa,3
méxico,3
rico,3
comentarios,2
ideas,3
frescas,2
lejos,7
miope,2
cesión,2
enemigo,3
coloca,2
lado,6
concretas,2
dio,2
gigante,7
recursos,7
congelados,4
implementación,6
exigía,2
reconocen,4
permite,4
fondo,7
momentos,3
pico,6
estragos,2
demostración,3
madurez,2
lugar,5
restricción,2
cambiaría,2
hilo,2
servirá,4
cortina,2
humo,2
siguiente,5
patrocinado,6
responsabilidades,3
culpas,2
explicar,4
masificar,2
resolverá,3
urgentes,2
enfermedad,10
variantes,2
contaminantes,2
ocupaciones,2
visibles,2
camas,2
terapias,2
intensivas,2
hospitales,4
clínicas,3
imperfecta,5
severo,3
actuar,4
vecinos,2
debajo,5
vendió,2
gestión,3
efecto,7
secundario,3
acabó,2
sevecost,2
estimado,9
comerciante,2
venesuela,2
dólares,22
traen,4
desordenadamente,4
emisor,2
planificarlo,2
reaccionando,2
soporte,11
tecnológico,2
llenar,5
vuelto,10
pagos,3
virtuales,2
custodia,6
débitos,2
respaldados,2
custodias,6
desarrollos,2
claves,2
adaptarse,2
desordenada,6
criticable,2
barreras,2
tratando,3
billete,4
circula,8
masivamente,2
cts,2
valdrá,2
monedita,2
tecnológica,2
viable,2
cono,2
monetario,2
restringido,8
volumen,2
billetes,16
equivale,2
centavos,2
amp,2
suficientes,4
denominación,4
monedas,8
comercios,2
dispongan,2
vueltos,4
exactos,2
limitación,3
obvia,5
externas,3
comerciantes,6
efectivos,2
entran,6
provienen,2
reserva,9
federal,7
circulación,3
planificar,2
disponibilidad,4
realizar,4
completas,2
exacto,6
paga,2
ofrecen,3
déficit,3
informal,5
compensar,4
gatoxxx,4
guao,4
pulverizado,5
primitivizada,2
luz,3
diciendo,5
vivir,6
equivocado,2
enmarcarlo,2
apyme,2
henry,2
importan,2
bodegones,2
nikita,2
cimbalas,2
jenbarretoleyva,2
memoria,2
presentado,4
marcel,2
datanálisis,5
accionista,2
auditorium,4
santa,2
maria,3
invito,2
oírlo,2
canal,2
masoquismo,2
gusgararq,2
pepeclavijoa,2
analisis,2
sofisticado,2
mal,3
estudiaste,2
arquitectura,2
ciencias,6
raspan,2
curso,3
partner,2
evaluar,4
transmitiremos,2
teatro,2
esperamos,2
comunicado,6
cámara,7
catracentro,4
alerta,2
riego,2
corremos,2
desabastecimiento,4
racionamiento,4
creación,5
mercados,3
negros,2
diesel,17
drama,9
ocurriendo,5
pasajeros,3
afectado,5
prohibe,2
swap,2
colapso,6
monetización,2
liberan,2
cobra,2
regalo,2
lacito,2
levanta,2
alarmas,2
discrecionalidad,2
entregas,2
manifiesta,2
continuar,3
condenado,3
muerte,5
súbita”,2
agroindustrial,2
críticos,3
estima,5
camiones,5
transportan,2
parados,2
encontramos,4
industria,3
afectada,2
paneo,2
mirando,2
medios,7
transportistas,2
desesperados,2
gasoil,2
basta,4
mirar,3
estaciones,2
servicio,3
largas,3
colas,2
varados,2
espeluznarse,2
inocente,8
ve,6
amenazada,2
noviembre,6
expresamos,3
lucía,2
insuficiencia,2
reduce,4
dramáticamente,4
alcanzó,2
cesarsaval,2
necesitas,7
equivalentes,2
pago,7
emisión,2
pierde,8
semanas,2
necesitarías,2
jimeaje,2
coye,2
dile,2
vaya,5
universidad,3
directo,3
alta”,2
resuelven,6
maquinas,2
facturas,2
rockola,4
rlozinski,4
circuitoexitos,4
altos,4
niveles,4
aprobación,2
iglesia,4
católica,2
empresarios,2
ubican,2
expulsión,2
embajadora,4
europea,9
aleja,7
interlocutores,2
válidos,3
desastre,6
mire,2
expulsar,2
unión,4
dirigida,2
públicos,5
élite,2
chavista,7
inmadura,2
impopular,2
negociada,2
condenándonos,2
primitivización,2
desastroso,3
politicos,3
enviarles,2
enfermo,2
dejarlo,2
morir,6
atenderlo,2
medicarlo,2
acompañarlo,2
estructurales,3
reinstitucionalicen,2
parches,2
reduzcan,2
peores,3
sobreviviendo”,2
subsistiendo”,2
construyendo,2
inversión,19
fijación,3
tasas,2
mínimas,4
requeridas,2
rendimiento,2
serias,2
escaso,3
fprego,2
pedro,2
telleria,2
meetandpotatoes,2
hacerte,2
grafico,2
joselaurencios,2
comino,2
entienda,3
crperezalfaro,2
viven,4
eduardo,2
hz,2
cursar,2
materia,4
urgente,3
interpretación,14
politica,5
discutimos,2
oscarcito,2
guillent,2
phill,2
pasado,15
década,4
luis,2
maten,2
da,6
interesante,8
edinsoncamba,2
abogadorios,2
comiste,2
pedazo,2
cita,2
ora,2
jamás,6
vuelve,3
analizarlo,2
darás,2
dale,4
herreramerys,2
ah,8
clarisimo,2
pedimos,2
jack,2
destripador,2
proteja,4
chicas,2
barrio,2
brillante,5
saul,2
coronavirus,2
sergio,2
saquen,2
sacado,2
empobrecer,2
empobrecieron,2
alfenafe,2
dicho,8
maravilla,2
dices,2
empeorado,2
mejorarle,2
sacaran,2
giorpin,2
sometida,2
muera,5
evidentemente,3
¿esa,2
luisdesanmartin,2
normalizar,2
maniqueísmo,2
pusiste,2
slbunny,2
hugosuarezm,2
alegro,3
estes,2
bienvenido,3
luchamos,2
mrbrightside,2
abrahan,2
bicho,2
gafo,5
marinie,2
ledezma,2
jose,4
hijos,6
adolescentes,2
lonque,2
sognifica,2
machacar,2
algún,2
entenderán,2
jean,2
meching,2
dawidaniel,2
demás,6
lenceantonio,2
damos,2
atendemos,2
frank,2
silva,2
vacuna,5
gana,5
venezuelansaudi,2
espero,5
consenso,6
cadenasoctavio,3
jamas,3
cuba,11
corta,3
zimbabue,9
irán,9
cuadrivio,2
jorvintreyes,2
seguramente,9
neuronas,2
oskrzerpa,2
gen,4
asunto,5
equivocación,2
moral,4
marcosemora,2
ayudamos,2
eleazarengifo,2
ofrecerte,2
dejarte,2
barbaridad,2
dejado,2
vergonzoso,2
actuado,2
refuerza,3
sorprendente,2
dejen,2
manos,5
personas,9
inocentes,2
ficha,2
canje,2
posría,2
llamarse,4
latam,4
cuestionables”,2
registraron,2
hospitalarias,2
inocultables,2
desvalida,2
comparación,2
luisolavarrieta,2
creativo,2
analizando,4
devasta,2
origina,4
primitivo,6
hostil,4
inversiones,10
amplifican,2
inútilmente,3
achacarles,2
raíz,4
informacion,2
conferencistas,2
preparados,3
mariana,2
afectados,4
directamente,5
marien,6
sensibles,5
reestablecimiento,2
mayores,2
pleasure,2
share,2
with,2
marianna,4
reuters,4
vielma,4
chamber,2
of,6
transport,2
the,10
center,2
and,2
pizarro,5
talk,2
about,3
ban,2
organized,2
by,2
washington,5
on,4
latin,6
wola,4
hora,4
caracas,6
pata,2
tumundobbc,2
imperdible,4
libre,2
mecanismos,6
migratorios,2
supongo,2
chilenos,2
vivieron,2
trabajaron,2
criaron,2
huyendo,2
terror,2
repeler,2
militarmente,2
vulnerable,5
frontera,4
colombia,2
estatus,2
legal,12
propio,3
chilena,2
deportando,2
buscan,2
sobrevivir,2
palabra,4
humanitario”,4
ética,2
sensibilidad,2
vela,2
recordar,3
reciprocidad,2
discutiremos,3
viernes,2
tiovervain,2
negocias,4
secuestro,3
¿con,2
beato,2
regnaulttineo,2
monjitas,2
cole,2
decimos,2
cancer,2
espere,2
saquemos,2
indeterminado,2
incierto,4
juzgar,2
traer,2
distribuir,2
dejamos,2
operativos,2
controla,5
abstracciones,2
manteniendo,2
crítica,3
contactos,2
millones,3
lvl,18
shirleyvarnagy,12
hablen,2
unificarse,2
convierta,2
estimular,2
integración,3
desarrollo,5
estimularlo,2
retomar,2
posiciones,11
flancos,2
útil,3
quedas,3
dependiendo,2
ayudan,2
guindado,2
consensuar,3
disenso,5
condenada,3
reflejo,2
típico,2
expresarse,4
oída,2
implementada,2
monopolio,2
autocracias,5
italmary,2
pastel,2
primero,12
aclárate,2
estudia,2
aprende,2
leer,3
artículos,3
investigar,2
diferencia,7
objetividad,2
hablamos,3
orden,2
discutir,3
consulta,15
cumplieron,2
auditoría,5
motivación,3
poblacional,2
superior,4
presenta,5
rezago,2
sobrevaluación,2
hiper,2
estimula,6
desestimula,2
demostrada,2
científicamente,2
comprobada,2
tratamientos,2
deplorable,2
peligrosa,2
bancos,8
corresponsales,2
sancionadas,3
criptomonedas,2
forman,2
masifiquen,2
consoliden,2
recorreremos,2
globalizado,2
rapidez,2
tomará,2
respeto,5
ojalá,5
compadece,2
experiencia,5
histórica,5
aislados,2
cuyos,2
gobiernos,6
quedado,2
décadas,4
siria,6
corea,2
norte,4
innumerables,2
africanos,2
negación,2
tratará,2
combinar,2
apuntando,2
segunda,3
negativos,7
desactivadores,2
angustia,3
huida,6
habituación,5
africana,2
sostenido,2
funcione,4
sólido,2
izquierda,2
derecha,2
cotidianos,2
reflejar,2
mayorías,5
creíble,3
lograrlo,3
nacen,2
desarrollan,4
montańa,2
rusa,2
suben,3
bajan,2
mueren,2
quedan,4
recuerdo,2
pasan,2
desapercibidos,2
oferta,11
vacíos,4
internacionalizar,2
presionada,4
nacionalizar,2
mayoritariamente,3
ejecutada,2
dependiente,4
resolución,2
remota,4
contamos,2
valoración,2
presionará,2
encontrados,2
prácticamente,2
inexistentes,2
ridiculo,2
imprimir,2
tendencia,6
dejarla,2
virtual,2
referencial,2
operar,9
transaccionalmente,2
tipos,2
cuentas,10
exportables,4
reciben,2
dinero,8
exportadores,2
transferir,2
transferencia,2
bolivares,2
obliga,5
aumentar,2
misma,8
cantidad,5
bolívares,4
dimensiones,3
amplificar,2
ayer,2
dedicamos,2
chance,2
nuevas,3
inquietudes,4
atenderla,2
trataré,2
agruparlas,3
trabajarlas,2
breve,7
data,5
compartiremos,2
tenerla,2
viendo,3
aumentará,2
intento,5
respiro,2
tratarán,2
meta,2
lográndolo,2
vea,4
operativa,3
colapsaren,2
computadoras,2
máquinas,2
registradoras,2
tal,2
funcionando,6
reinstitucionalización,2
autorizara,2
regularizar,3
autorice,2
pais,3
planteado,4
fáctica,2
procedimental,2
decida,2
convenga,2
sig,2
utica,2
tomar,4
ventajas,2
perdedores,3
¿quien,2
tecnología,5
última,3
milla,2
bonos,2
levantarán,2
rescatarlos,2
cobrar,2
disidencias,2
surgimiento,4
comun,2
abstractos,2
irrealizables,2
mueven,2
recuperación,5
formalicen,2
presentando,2
veremos,5
americano,3
evaluará,2
sancionatoria,2
predecesor,2
demasiado,3
lara,2
evaluación,3
repetirlas,2
negocio,4
buscarlas,2
relajamiento,2
eviten,2
afecten,2
presionen,2
articule,2
ventaja,2
substancial,2
capitalizar,2
público,3
definitivamente,4
privadas,10
paradójicamente,2
protagonizando,2
infinitamente,5
abastecer,4
mantenerse,3
operando,2
capases,2
tradicional,4
adelantadas,2
policiavzla,2
josmor,2
north,2
korea,5
mbloqueados,2
elipaez,4
castigo,2
imprimía,2
sacrificio,6
cperezlavatelli,4
cristobal,3
estudios,4
demuestran,2
amplificación,3
originada,2
reforzada,2
masiva,8
afectarán,2
exigieran,2
sacrificios,7
funcionarían,2
lamh,2
afirmación,6
comunista,2
indulto,2
imbecil,2
ignorante,3
falsa,4
otmarom,2
debo,2
eleazar,2
castigando,2
sirva,2
conectar,3
¿no,2
sagagodio,2
doy,2
co,3
sigues,2
disculpas,2
rt,2
tomas,2
equivocada,2
resuelves,2
dan,3
efectos,6
secundarios,6
quitarte,2
resuelve,10
quita,2
tomándote,2
jovicenter,2
tocayo,2
falló,2
avista,2
sacrifico,2
crees,4
aplica,2
asumiendo,2
falla,3
saca,2
pretendes,2
culpar,3
culpable,2
listo,3
albacmujica,2
cancelación,4
buscado,2
deteriora,2
demore,2
reinstalación,2
afectará,2
obligándola,2
inutil,3
fallas,3
suministro,6
despiertan,2
fantasma,2
demostrado,2
china,7
rusia,5
vigente,2
admon,2
protagonismo,2
ong’s,2
agenda,3
reuniones,2
vías,7
connotaciones,2
pongan,2
sufre,2
lideres,2
pulveriza,4
reinstale,2
canceló,2
max,3
días,4
abandone,2
apego,2
mantra,4
usurpación,5
libres,8
multilateral,6
esperarán,2
prioritarios,4
preservar,3
mismas,4
reevaluadas,2
función,10
claros,2
decretos,2
cuidado,3
ambiental,3
combate,3
racimismo,2
supremacismo,2
xenofobia,2
discriminación,2
mágica,3
primeros,2
trump,7
llevó,2
fundamentalmente,2
florida,2
generará,4
inercia,2
an,25
juan,2
matices,12
impactante,3
continuamente,2
contaminada,2
sesgadas,2
exageradas,2
increíble,3
siga,2
dejándose,2
manipular,2
alquileres,2
repleto,2
loco,2
venda,2
compre,2
ferrari,2
acapara,2
atención,7
espeluznante,2
pudimos,2
presencialmente,2
divina,2
pastora,2
permitieron,2
recorrido,2
hicimos,2
virtualmente,2
guardados,2
felicidades,3
guaros,2
cerrar,2
amenazar,2
comunicación,2
anti,5
inconstitucional,3
politicamente,2
interior,2
oficialismo,2
camine,2
extremas,2
irreverentes,4
supremacistas,2
lograron,3
dividir,5
habla,2
conflictos,3
afortunadamente,2
embates,4
defendiendo,2
legado,3
democrático,3
demócratas,4
consigan,2
senadores,2
necesarios,5
impeachment”,2
resquebrajan,2
obstante,3
inhabilitación,2
impida,3
lanzarse,2
mostraran,2
caída,5
significativa,2
popularidad,4
asaltó,2
capitolio,2
desvincularse,2
perceptualmente,2
extremadamente,6
general,7
consolidar,4
considerar,3
agendas,2
mediano,3
republicanos,2
respecto,5
irreconocimiento,3
institucionalización,2
guns,2
prolongará,2
firme,2
desconocimiento,3
multilateralmente,2
traduce,2
regularizaciones,2
salariales,2
facto”,4
maniobrar,2
rato,3
circular,3
explota,2
continuará,5
tomó,2
esperaba,3
hacían,2
controladas,2
tsj,6
utilizará,2
áreas,3
constitucionalmente,2
restringidas,2
edo,3
atractivo,2
obligue,2
metodología,2
ínfimamente,2
sola,6
dependería,2
cubierta,2
rodriguez,2
tiende,7
radicalizarse,2
paralelo,4
esquivar,5
elevada,4
tasa,5
requerida,4
retorno,4
emigración,3
personalísima,2
cocina”,2
altas,2
riesgosos,2
aversión,3
concretan,2
actúa,2
bloque,2
método,2
cuales,3
autoridades,9
respetuoso,2
privada,9
económicas,4
aisladas,2
transformación,2
estructural,3
ámbito,2
verán,2
mapa,5
irreverente,3
económicamente,2
instalación,4
oficialista,4
ley,7
antibloqueo,3
privatización,3
concesiones,4
orientadas,2
nombramiento,2
jorge,2
rodríguez,2
presidencia,3
preserva,3
parta,2
implícito,2
institucionalidad,7
mine,2
fallado,2
quedará,3
incapacidad,9
diputados,5
cantada,2
bóveda,3
fracturarlos,2
desmembrar,2
difícilmente,6
cruzará,2
línea,2
entorpecería,2
traerán,2
continuidad,17
incrementa,2
utilizaba,2
anc,3
requería,2
fracturar,4
indeterminada,2
presentarán,2
reconocimientos,2
reconocerán,5
deslegitima,2
mantendrá,4
términos,10
gritos,2
discursitos,2
sacan,2
aplausos,2
emocionados,2
luchainterna,2
regeneré,2
reestructurarse,2
reaccione,2
solucionará,2
batalla,8
contado,2
exportaciones,3
oro,5
tradicionales,5
ron,3
cacao,2
camarones,2
frijoles,2
remesas,7
repatriación,2
contrabando,3
narco,3
demasiadas,2
fuentes,5
activas,2
sustituyen,2
ingrata,2
recordación,2
pase,4
visualiza,2
clásica,2
nuevos”,2
convencionales,5
sostenerse,2
permanentemente,3
concretos,6
ejecutivo,2
discrecional,2
constitucionales,6
escudo,2
leído,4
gobernadores,2
universal,3
indetenible,3
orientada,2
turquía,2
interesado,4
desechará,2
cese,3
par,2
privilegiar,2
necesitaría,5
revivir,2
jesús,2
lazaro,2
abiertas,2
encubiertas,2
repotenciar,2
ue,4
sincerando,2
facilite,2
positivo,4
mínima,3
estabilice,3
mordiéndose,2
cola,2
racionales,3
hechos,2
predecir,2
loa,2
reponer,2
formalmente,5
comercial,3
sencilla,2
menudeo,2
envejecerán,2
aceptará,2
deposita,2
expeditas,2
protegida,2
bancarizada,2
guardarla,2
colchón,2
azotea,2
bajamos,2
pisos,2
recatarán,2
produzcan,3
cuarentena,6
semestre,1
bases,1
mayoritarias,1
aumento,4
radicalización,5
reconocían,2
fracturarán,2
heterodoxa,1
indefinida,2
audítables,1
recataron,1
sabíamos,1
sorpresas,4
sencillamente,1
permisos,1
indetenibles,1
dolarizaciones,1
formales,4
requieren,2
opera,1
adapte,1
”de,1
recomendación,2
ingresos,14
moverse,1
perderás,1
carrera,1
empobrecimiento,2
ejecute,1
permisividad,1
opere,1
incluirá,1
crediticias,1
optimistas,1
consolidará,1
dualizacion,1
dividiéndolo,1
profundamente,1
don,1
alfredo,1
fernández,2
pineda,1
empresario,1
ejemplar,1
hombre,1
íntegro,1
deja,2
maravilloso,1
carlos,1
zimrirosas,1
igualmente,1
mariaecheverz,1
limitado,1
encuentro,1
familias,3
intacta,1
pronto,1
desquitaremos,1
besos,1
abrazos,1
encontrándonos,1
celebrar,3
feliz,2
navidad,1
joc,1
green,1
peace,1
hambre,2
tirano,1
eliminar,1
introducirá,1
útiles,1
propone,1
incorporará,1
basando,1
petroleras,5
apoyarlas,1
pulverizar,1
credibilidad,1
quitar,1
buscaban,1
tomarse,1
errada,1
desatendida,1
tomándosela,1
luce,3
suicida,1
impactarme”,1
atacaron,1
contraria,1
manifiesten,1
revisarlas,1
reorientarlas,1
regrese,1
tomando,1
corazón,1
riñón,1
tomártela,1
inútiles,2
verdadera,2
pegado,1
roberthino,1
encuesta,2
reporte,1
ludvin,1
válido,1
restante,1
respetable,1
equipos,1
preparan,1
encargarse,1
crean,1
revisar,1
partiendo,1
ponían,1
concentraban,1
discurso,3
generando,2
cortocircuito,3
viraje,1
revisión,1
sorprende,1
rechace,1
aprueba,2
aplicación,1
empeora,2
temporales,1
individuales,3
revertibles,1
generalizan,1
permanentes,1
afectando,2
lanzamiento,1
campaña,4
ronsantateresa⁩,1
celebramos,3
premios,1
recibidos,1
san,3
hong,1
kong,1
esfuerzo,1
tradición,5
cultura,1
vladi,1
villegasp,1
correcta,2
apreciación,1
esperada,1
anunciaron,1
exilio”,1
sueño”,1
históricos,1
exilio,6
cubano,2
miami,1
español,2
iraní,1
new,1
york,1
thanks,1
american,1
advisor,1
for,1
invitation,1
answer,1
these,1
interesting,2
questions,1
impact,1
venezuelan,1
parliamentary,1
elections,1
always,1
contrast,1
different,1
points,1
view,1
vladialacarta,1
jornada,1
futuros,1
miremos,1
pragmática,1
llegue,1
convenza,1
volver,2
desperdiciar,1
votó,1
arderá,1
troya,1
conduzca,1
resultará,1
indefecteblimente,1
frustraciones,1
divisiones,1
llamado,7
específico,1
consecuencia,2
numérico,1
quinta,1
electores,2
revolucionaria,1
exiguo,1
tomarán,1
hemiciclo,1
elaborarán,1
obligatorio,2
mostró,1
round,2
paralelos,1
convocados,2
organizadores,2
sorprenderá,1
encendidos,3
promesas,1
incumplidas,1
celebraciones,1
fatuos,1
símbolo,2
guardadito,1
legislará,1
partir,2
operamos,1
¿fue,1
mala,5
saber,1
votando,1
absteniéndose,1
¿pierde,1
relevancia,1
europeos,1
latinos,1
administrativa,6
licencia,3
vencida,1
promueva,1
parlamento,3
conviertan,1
lanzarán,1
mcm,1
dirá,3
apatía,1
integra,1
controlados,1
exclusivamente,1
parcialidad,1
inauditables,1
concentrado,1
constituyente,1
válida,1
reconocerá,1
validarse,3
inflada,1
concentración,4
tenia,1
enfrentará,2
divida,3
batallando,1
electos,1
exposición,3
escasa,2
inundaron,1
seleccionar,1
gama,1
próxima,2
semana,5
oscura,1
impresionante,1
chávez,1
fallecido,1
absoluta,2
desconexión,1
atribuyen,1
actual,6
culpando,1
principalmente,6
vinculado,3
mantuvieran,1
bloqueos,1
intentan,1
círculos,1
vean,1
disminuidos,1
atemorizados,2
aprovecho,1
encarcelamiento,1
ronald,1
carreño,1
convirtiéndolo,1
preso,4
enemigos,2
externos,2
ring,1
monta,2
peso,1
pesado,2
niega,2
subir,1
sesgado,2
pesos,2
pluma,1
débiles,4
panitas,1
decidido,3
luchas,2
perú,1
bolivia,2
vuelvan,1
fracasado,1
ataca,1
ejercer,3
ejecutor,1
cambio”,1
género,1
relentización,1
produjo,1
etapa,2
regreso,2
migrantes,1
profundización,1
reducción,2
refinerías,2
gasolina,8
irregular,1
adecuadamente,1
registra,1
especialmente,2
ciudad,1
veo,3
factible,3
imaginarlo,1
sincero,1
calificarla,1
decirlo,1
elegante,1
continúa,1
aumenta,3
alianza,1
participan,2
convocante,1
organizador,1
contrabalance,1
testigos,2
mixtos,1
exigencias,1
verificado,1
dirige,1
sustituta,1
legitimidad”,1
precaria,1
captar,1
recuperarse,1
exige,1
lograrla,1
contemporánea,2
post,1
retadora,1
exacerbar,1
fracturas,4
cuatro,1
retando,2
apostar,2
termine,2
soportarse,1
hiperinflación,1
proviene,1
cubrir,1
monetariamente,1
variables,1
mejorará,1
desequilibrios,2
tienden,1
prolongarse,2
juanastudillop,1
fáciles,1
necesariamente,3
justas,2
populares,1
suelen,1
hacerlas,1
supone,1
evita,1
jonnyjose,1
jonny,1
hectorgmata,1
alonsay,1
conocerte,1
personalmente,1
escrito,1
reunirme,1
periodista,1
ana,1
alonso,1
estructuradas,1
comparto,2
apelará,2
invalidez,1
acompaña,4
adicionales,1
insostenible,1
especie,1
oficializar,1
ocurrir,2
flexibilice,1
asamblea,1
guiado,1
cuestionar,1
apoyándolos,1
lados,1
debilitamiento,2
repudio,1
proclive,1
positiva,2
democracias,1
ocurren,2
gradual,1
elite,1
pendejadas,1
elimine,1
norteamericano,1
flexibilicen,1
cuesta,1
técnicas,1
buenas,1
consultar,2
profesionalmente,1
marcador,1
sectorial,1
vinculados,1
extrema,2
cautivantes,1
foto,1
virgen,1
intervienen,1
cualquiera,2
miras,1
añade,1
aprendemos,1
extremos,1
tocan,1
minoritarios,2
influyente,3
inmune,1
estupidez,1
constitucional,4
decretada,1
desacato,1
rechazadas,1
simbólico,1
demoledor,1
comenzamos,3
sección,2
wishful,1
thinking,1
frontal,1
multilateralismo,1
nov,3
rechazan,4
apoya,1
concentrando,1
elevación,1
conoce,1
características,1
dispuesta,4
legitimación,2
¿cómo,7
europeo,1
validación,4
surfear,1
alternancia,2
valientes,1
esquivo,4
afectara,1
mayoritaria,5
sorpresa,2
aprietos,1
¿sorpresas,1
ganará,1
obtendrá,1
esposa,1
mostraron,1
similar,1
abstuvo,1
sorprendería,1
consideramos,1
capta,1
refiere,2
convocatoria,1
desmotivado,1
legitimar,1
cambiará,3
agudizar,1
simbólicos,1
terminando,2
reunión,1
presencial,1
estudiantes,1
debidos,1
protocolos,1
seguridad,2
reflexiones,1
lleno,3
fundaciones,1
dedican,1
necesitados,1
merecen,1
robertopatino,1
alimentasol,1
miconvive,1
restablezcan,1
aguacielova,1
eleva,1
enorgullece,1
contexto,12
lapieldetuhogar⁩,1
industrias,1
cartonaje,1
recibimos,1
osito,1
bimbovenezuela⁩,1
complace,2
uniformesattdrys,1
alimentosmaryve⁩,1
enfocados,1
impresión,1
delcopve⁩,1
travesura,1
nucita,1
travesía,2
fordvenezuela⁩,1
lejos”,1
latorredepiedra⁩,7
spvenezuela⁩,7
sonrisa,1
típica,3
colgatelatam⁩,1
compañía,2
pepsiven⁩,1
contexto”,4
banplus,2
país”,1
pondremos,1
haremos,3
agradecemos,1
orgullosos,1
larense,1
presentación,2
profundidad,2
martes,1
speople,1
indican,2
ejecutarán,1
flexibilizando,1
legalizar,1
discusión,1
planteada,1
ideológicamente,1
ejecutarse,2
ejecutar,1
discutida,1
diseño,1
compensación,1
transferencias,4
facilitar,2
fluir,1
dominan,1
produzca,1
discusiones,1
refieren,2
profundizar,1
faciliten,1
abierta,1
anuales,1
vivito,1
coleando,1
paja,1
¿hay,1
reportada,1
seriamente,1
auditable,1
¿ratificará,1
modificaciones,2
evaluadas,1
beneficio,3
mejore,1
levante,2
esperados,2
reordenamiento,1
libres”,1
gf,1
convenio,1
afectación,1
buscarlo,1
supera,1
vias,1
sometiendo,1
cobro,1
suministran,1
termoeléctricas,1
prever,1
recorte,2
impacta,1
supervivencia,1
usado,1
esencial,1
acusar,2
suministraba,1
produjeron,1
cortes,1
negativas,1
estimados,1
energy,1
gela,1
demandará,1
barriles,2
diarios,1
reducirá,1
dominada,1
progobierno,1
cuya,3
consultados,1
programa,4
garantice,1
homogeneiza,1
haciéndose,1
mayoritario,1
clusters,1
autodefinición,1
provoque,1
prudencial,1
persigue,1
razones,2
justifican,1
vigentes,1
marginal,1
entra,1
barco,1
espejismo,1
tranquilo”,1
usando,1
reservas,2
inventarios,1
trimestre,1
soporta,1
sustenta,1
termoeléctrica,1
deteriorada,1
bombeo,1
energéticas,1
permitió,1
tercio,1
acenso,1
inestable,1
paralizó,1
usaba,1
respondida,1
próximos,2
seis,2
ratificación,1
americana,2
reevaluar,1
tomada,1
estratégico,1
fallida,1
concentrada,1
genere,1
intensidad,1
usada,1
conquistar,1
debilitará,1
demócrata,2
presionaba,1
anticomunista,1
lentas,1
moderadas,1
concentradas,1
representar,1
triunfo,3
presidente,5
partícipe,1
crecer,1
micro,1
crosse,1
saben,2
leerlas,1
lectura,3
terapia,1
dejes,1
dominar,1
alejan,1
rumbo,1
bipartidistas,1
eficientes,1
renovado,1
matiz,2
cambiado,1
segura,3
electoral”,1
conviene,1
bloqueo,7
debatir,1
insultar,1
primitivos,2
bastantes,1
dolarice,1
sancionada,1
abrirse,2
chino,1
todavía,1
atrevido,1
planificación,1
sueños,1
votan,1
únicamente,1
predecible,1
ganó,2
votos,1
colegios,3
según,1
reportados,1
convertido,2
definidor,1
usual,2
filtro,1
srpoliloco,1
polarizacion,1
indecisos,1
recientemente,1
analizados,1
inteligencia,3
artificial,1
atacados,1
campañas,3
agresivas,1
proyectado,1
linealmente,1
renatodevito,1
prefieren,1
gritar,1
teal,1
octavio,1
incomparables,1
carlosenoguera,1
williamqq,1
americanos,1
gentilicio,1
autodefinido,1
ciudadanos,2
referencia,1
nombre,1
monopolización,1
procedencia,1
ecuatorianos,1
únicos,1
ecuador,1
estadounidenses,1
mejicanos,1
antonio,1
sistemas,2
quisiéramos,1
fortaleza,1
pudiéramos,1
votación,1
loca,1
estatales,2
tamaños,1
definen,1
cerrada,1
locura,1
valencia,2
barquisimeto,2
oriente,2
andes,1
moderado,2
bebasevilla⁩,1
encuesta⁩,1
latorredepiedra,1
superado,1
abstendrán,1
resuelto,1
prometedor,1
pare,1
escalada,1
abra,2
repensar,1
analizas,1
milagro,1
ocurrencia,1
llenándose,1
favorito,1
interpretar,1
lineal,1
demuestra,1
proyectable,1
permanente,1
leopoldo,8
lopez,1
lópez,4
conocido,2
binomio,1
resume,1
blanco,1
miles,1
disidencia,2
factores,2
presente,1
temor,1
americanas,1
probado,1
abran,1
visualizamos,1
jugando,1
ere,2
paralizada,2
provocada,1
primitivismo,1
agudiza,1
adquisitivo,1
negociado,1
bienvenidos,1
anthony,2
súmale,1
ll,3
complemento,1
intenten,1
intenté,1
oxigena,1
llegada,1
condimento,3
debilita,2
exilios,1
sostenida,1
irse,2
madrid,1
hueso,1
roer,1
lider,1
reforzar,1
desencuentros,1
interpretan,1
querer,1
concluye,2
cautiverio,1
alegramos,1
reunirse,1
lamentamos,1
hacerlo,6
reafirmamos,1
logren,1
ilegítimo,2
origen,2
presidios,1
pasamos,1
lcdocarlosgonz,2
divertido,1
puro,1
seria,1
deporte,1
caramba,2
imagino,1
manejas,1
encuestadora,2
hablador,1
guev,1
piolinote,1
medirse,1
arbitro,1
coaptados,1
daría,1
pintado,1
alfacentaury,1
risa,2
sumanuel,1
omarjvasquez,1
exámenes,1
decirte,1
quieres,1
humbertolvarez,1
lugares,2
acierto,1
histórico,2
demostrable,1
leerlo,1
reportes,1
destacados,1
wall,1
street,1
moemco,1
chuotorrealba,1
emilio,2
yustin,1
alineados,1
representan,3
tercios,2
responsabilizan,1
conectan,1
desconfían,1
contundentemente,1
economicas,1
comete,1
interpretar”,1
opositor”,1
determina,1
sofisticada,1
preferido,2
pasivo,1
cuarta,1
polos,1
mantienen,1
justificado,1
caen,2
superan,1
desinstitucionalizacion,1
michaelshifter,5
compromete,1
improbable,1
herramienta,1
castigar,1
lifeinvesteleccionesusa,6
interesantes,1
dialogue,3
lifeinvestasset,3
elegantísimo,1
prioridad,2
gane,1
¿haciendo,1
estimó,1
sustanciales,1
detalles,1
potencial,2
inscribir,1
gratuitamente,2
determinantes,1
inscribirte,1
link,1
lifeinvestasset⁩,1
cabe,2
señalar,1
dadas,1
resumen,1
abierto,2
subsanar,1
imposibilidad,3
invertir,1
conocemos,1
cambiarias,1
anticipo,1
amplio,1
bancarias,1
cumpla,1
harían,2
opacas,1
ineficientes,1
autorizada,1
custodiar,1
diariamente,1
formalizarse,1
realiza,2
amparada,1
notablemente,1
euros,1
gramas,1
surfeando,1
legislaciones,1
ajustan,2
irrecuperable,1
realización,1
industriales,1
buscas,1
mano,1
encontrarás,2
brazo”,1
cervantes,1
mutar,1
entrantes,1
creados,1
éxodo,1
productores,1
tenderá,1
rápidamente,1
pulverizantes,1
empleo,1
infraestructura,7
norteamericana,1
pugnas,1
institucionales,1
complejas,1
distraigan,1
pilar,1
movido”,1
efervescencia,1
inducida,1
regresa,1
original,1
pugna,1
magnifica,1
boomerang,1
mantenga,1
desinstitucionalización,1
agudizará,1
sostendrá,1
respaldos,2
ganando,1
terreno,1
legítimo,1
analizamos,1
proyéctanos,1
quisiera,1
contaba,1
entendió,1
legitimo,1
ilegal,3
ilegítima,1
violentó,1
violentando,1
reparar,1
bienvenida,2
paralela,2
permitida,1
repatriacion,1
lavado,1
dificil,1
sacarlo,1
militar,2
sale,1
negaciones,1
reviertan,1
vencimiento,2
elegirse,1
consultando,1
sepan,1
encontrarla,1
hacerla,1
posteriores,1
crítico,1
mezcla,1
acumulados,1
recesión,1
incluido,1
rescaten,1
recuperacion,1
bolivar,1
intelectual,1
planteadas,1
nación,3
empeorar,1
ocasionada,1
perversa,1
desconoce,1
balances,1
dando,1
aquaman,1
respirar,1
vidas,1
diluir,1
destruye,1
congelada,1
incapaz,2
empobrecido,1
salvajemente,1
reprimido,1
protestar,1
ingreso,3
expresión,2
coartadas,1
¿a,1
protestas,1
espontáneas,1
deterioro,3
respaldadas,1
reprimirlas,1
bárbara,1
arteagaivan,1
entendible,1
entiendas,1
yonoe,1
crii,1
marsamana,1
piso,1
jors,1
muchísimo,1
intelecto,1
compurgarlo,1
jullis,1
redon,1
dieron,1
corina,1
llamaron,1
surrealista,2
laoytc,1
lentiroberto,1
restando,1
dividiendo,1
sumando,1
marronteo,2
gw,1
mf,1
grandote,1
brincar,1
rascándose,1
mandado,1
luche,1
tonto,1
gus,1
criterios,2
armirotti,1
ignaalbarran,1
notan,1
esima,1
amenazantes,1
exigiendo,1
borde,1
abismo,1
serio,1
rete,1
llorar,1
arrecharte,1
documentación,1
violaciones,2
humanos,1
sustituye,1
organización,1
shaná,1
tová,1
significado,1
propósito,1
felicidad,1
vendrá,1
verdaderos,1
dilemas,1
carpinate,2
dhameliz,1
diaz,1
entrevista,1
carabobeño,1
rapidito,1
decidiendo,1
evalúa,1
contribuir,1
constructos,1
observar,1
validar,1
ven,3
atada,1
suspensión,1
siguiente”,4
indefinido”,1
consideran,1
presionarlas,1
lima,2
dasm,1
joseduardosorio,1
recontra,1
medido,1
técnicamente,1
adjetivos,1
quedó,1
prepararé,1
responderlas,1
lunes,1
indiquen,1
dirime,1
quiebre,1
proyectables,1
soportado,1
frío,1
pasadas,1
llevan,2
vaciaron,1
dejaron,1
finales,1
regirán,1
teóricamente,1
deseando,1
exigiéndolo,1
visiones,1
coincido,1
ofrecido,1
revalidarse,1
electoralmente,1
cinética,1
caminos,2
convierten,2
eunucos,1
rebelan,1
capa,1
retarlos,1
sustituirlos,1
tormenta,1
perfecta,1
destruyó,1
bloquearon,1
amplificaron,1
jodido,1
formalizar,1
federa,1
imposibl,1
enfrentados,1
divergentes,2
naricear”,1
digo”,1
consensuándose,1
dolarización”,1
desfasada,1
autónomos,1
técnicos,1
hogar,3
último,1
ajustarse,1
salarios,1
fase,2
determinan,2
revolucionarias,1
manifestó,1
cambian,1
conceptos,2
radicalmente,1
sesiones,1
presidentsclub,1
pana,2
ppenzini,1
moderador,1
equipo,1
invitados,2
presidentsclub⁩,1
dinámica,1
banplusonline⁩,1
divide,2
fracturan,1
período,1
valide,1
choca,1
fulminado,1
black,1
swan,1
activados,1
pelearán,1
abstencionistas,1
unitario,1
unidad”,1
sustituir,1
irreverencia,1
liberacion,1
pj,1
obtención,1
postergación,1
movilización,1
restringida,1
postergar,1
pulverizará,1
¿puede,2
convencer,1
sólidos,1
muevan,1
pretender,2
congelar,2
cierran,2
bloquean,1
renovación,1
antidemocrático,1
culpables,2
infructuosos,1
presentaran,1
roces,1
buscaran,1
activo,1
indiscutible”,1
consensuadas,2
andresevd,1
tinocoya,1
tinoco,1
victorparrag,1
representante,1
circo,1
falto,1
espinamoran,1
neurona,1
nicolasarambulo,1
verlo,1
williamamaro,1
sines,1
simplemente,2
concluyendo,1
sureslista,1
matemática,1
llevar,1
pecado,2
compartido,1
sorprendan,1
fracture,1
sirvan,1
menospreciar,1
irresoluble,1
actor,1
intervenir,1
insisto,1
pescar,1
inesperado,1
pesca,1
resfriado,1
caeg,1
cifra,1
bill,1
gates,1
computarla,1
adoptada,1
luisalfok,1
angeldowp,1
jlaptemporal,1
di,2
gratis,1
manuarzolab,1
seguros,1
via,1
tableros,1
marines,1
pierden,1
integrar,1
alifernandezxp,1
ole,1
pendejada,1
ignorancia,1
miopía,1
bravo,1
nobel,1
percepciones,1
recibirá,1
ofrece,1
liberar,2
diablo,1
devolverlos,1
torpeza,1
monumental,1
controlará,1
potable,1
magnanimidad”,1
legitimará,1
persecución,1
sentimiento,1
dormir,1
concentrará,1
consensuada,1
orden”,1
compartida,1
multifracturada,1
diálogo,1
plegarse,1
ilimitadamente,1
diversidad,1
intentando,1
ocurrido,2
lejano,1
dísenso,1
alcalde,1
león,1
jurado,1
diego,1
leonjura,1
mcburban,1
estherlinero,1
matiasazpurua,1
ampliaría,1
espectro,1
cococolol,1
sabor,1
oportuno,1
involucrados,1
propuesto,1
alturas,1
confundir,1
gobernar,1
conspirativo,1
imperdonable,1
wiliangranadil,1
carlosmaury,1
podrías,1
regraserlo,1
escribí,1
tuit,1
adapta,1
paramaconic,1
pedirles,1
sancionen,1
aíslen,1
concentren,1
martinperez,1
comentario,1
equivocas,1
exitosas,1
abusador,1
maravigliosa,1
joaher,1
oposcion,2
construirlo,1
sigo,1
defensor,1
motivar,1
repatriaciones,1
tercera,2
reducido,1
montos,3
repunte,1
significativo,1
mercadolarinc,13
dificultades,1
dada,1
alternativos,1
aceleradamente,1
llegó,2
agosto,2
plataformas,1
extranjeras,1
exportación,1
estimulada,1
metal,1
incremento,1
arco,1
minero,1
complience,1
vendrán,1
representarán,1
petrolero,1
caerán,2
explicados,1
contracción,2
petroleros,4
moderada,1
webinar,5
pasó,2
comentar,1
¿sabes,1
cuántos,2
¿cuántos,1
envían,2
¿cuánto,2
mercadolarinc⁩,2
inscríbete,2
pierdas,1
nelsondiazbell,1
callarme,3
plantean,1
motivan,1
¿volver,1
motivará,1
conducirá,1
atacándose,1
celebra,1
irresponsabilidad,1
aislando,1
cercando,1
impidiendo,1
botón,1
ppvinti,1
anz,1
resiste,1
nicolasmaduro,1
mandamos,1
carta,1
emoaran,1
armandocandela,1
sentarse,1
sofa,1
rascarse,1
tirado,1
dirigirlo,1
anyluz,1
aberración,1
clase,1
elogios,1
eribellamb,1
rascas,1
llevarán,1
viciada,1
servir,1
estabilizador,1
profundizan,1
laberinto,1
barranco,1
conferencia,1
espiscopal,1
gustarte,1
rebatir,1
verdades,1
secuestrada,1
libera,1
adicional,1
rescatarla,1
cinco,1
preparándonos,1
estrenaremos,1
flujo,2
mssh,1
noche,1
hugosantaromita,3
pésame,1
caja,3
hablaremos,1
conversaré,1
hugo,2
padilla,2
ceo,2
deliamarm,1
emiliograteron,2
jhosepbm,1
partimos,1
analizada,1
anteriormente,1
ursurpación,1
efectivas,1
provocarlas,1
directorios,1
intervenidos,1
responde,1
cuánto,1
¿hacia,1
controlada,1
participará,1
minoritaria,1
respaldará,1
dividida,1
prox,1
capear,1
llevaría,1
combatir,1
tortuosos,1
extrañar,1
rechacen,1
directorio,1
pples,1
lagatatete,1
agustin,1
participo,1
analizo,1
mensaje,2
dubra,1
escalante,1
cómodas,1
mentira,1
puedo,2
autoayuda,1
fumea,1
daniellabrador,1
jcpadronperich,1
jguaido,1
problem,1
aristide,1
josesnauzer,1
duran,1
amor,1
pachicogarcia,1
magalyyumar,1
conclusión,1
calirey,1
monica,1
brunet,1
responderte,1
rydiaz,1
taniaortega,1
conseguiría,1
puertoalfredo,1
jajajajaja,1
hiciste,1
ejms,1
trato,1
seguiré,1
objetiva,1
sientoe,1
cbriceno,1
jairojimenez,1
explicas,1
uran,1
ozziepz,1
oswaldo,1
decidiría,1
póker,1
finta,1
funcionó,1
anibelys,1
acaso,1
leido,1
mandar,1
dodne,1
fracasaría,1
curiquima,1
darles,1
ayudadita,1
admarang,1
llamo,1
calificativo,1
autoritario”,1
malo”,1
abusador”,1
ma,1
jotaeme,1
ayudarlos,1
personal,2
cortocircuitó,1
especial,1
producirá,1
promesa,1
colgados,1
sanitarios,1
purificación,1
insumos,2
protección,1
supere,1
pleno,1
ayudarla,1
vacia,1
cadaver,1
inviable,1
magnitud,1
solicitada,1
gestionada,1
accesos,1
sanitaria,2
saturarse,1
rápido,1
concretar,1
médicos,1
retrasado,1
rápidas,1
preventiva,1
expansión,1
alexander,2
bernal,2
joven,2
conozco,2
accidente,2
financiera,1
enfrentarla,1
aprecio,1
merece,1
pido,1
apoyen,1
gofundme,1
jerarquía,1
protegerse,1
chamuscado,1
promover,1
busquen,1
equipamiento,1
emergencia,1
javier,1
jonas,1
digna,2
accesible,2
retornado,1
locoyabandonado,1
defiendo,1
violacion,1
trochas,1
¿por,1
usan,1
añadir,1
generada,1
criminalización,1
emigrantes,1
enorme,1
retornados,1
obligados,1
subterfugios,1
repatriados,1
retornan,1
ejerciendo,1
brindarles,2
chequeo,1
médico,1
despitaje,1
dignas,1
despistaje,1
contaminación,1
residentes,1
prohibir,1
criminalizarlos,1
excepto,1
virus,2
importado”,1
expande,1
localmente,1
fronteras,1
extranjeros,1
prohíbe,1
distanciamiento,1
detener,1
comenzó,1
retrasada,1
vivía,1
entraban,2
semanalmente,1
media,1
bogotá,1
retrasó,1
agualdo,1
selección,2
reclutador,1
representatividad,1
muestras,1
unidireccional,1
bdiccion,2
ramonperezuru,1
globovision,1
creas,1
divorcias,1
lugo,1
ofrecerle,1
focus,1
froup,1
agradezco,1
dia,1
busco,1
hoy”,1
entenderlos,1
cachacascan,1
analizan,1
estadisticas,1
consultora,1
lilisbethmartin,1
joseespinoza,1
explica,2
argumentación,1
escribe,1
insultando,1
calificativos,1
entenderías,1
eduques,1
djtotu,1
simil,1
eloriental,1
tamarisluna,1
populismo,2
luiscadillac,1
fguedez,1
buscaba,1
pueblopatriota,1
analizado,1
desarrollado,1
incomparable,1
costumbres,1
alejandrowilm,1
wilm,1
prwsuoiesto,1
diario,1
apreciada,1
conducta,2
cacería”,1
establecimientos,2
completar,1
reducen,1
visita,1
reduciendo,1
pto,1
vta,1
asiloveo,1
disponible,1
determinado,1
salario,1
mínimos,1
subsidios,3
superiores,1
lampoblacion,1
acceso,1
esgrimidas,1
supuestamente”,1
rebelión,1
recorre,1
destruidos,1
deseados,1
receptora,1
exclusiva,1
aúnque,1
mermados,1
salvavidas,1
fortalece,2
parcialmente,1
pasividad,1
cayó,1
originado,1
gasto,1
inflexible,1
subiera,1
presupuesto,1
superando,1
estratos,1
edgarda,1
tomaste,1
pastilla,1
marcocol,1
jajaj,1
cuesto,1
vino,1
fábrica,1
tradeservicesf,1
monivalenciac,1
joelinf,1
habacub,1
sopa,1
araujoyamilet,1
sampatesto,1
recomiendas,1
ahogarse,1
gerson,4
mecc,1
crecerá,1
petrolera,1
desinversión,1
inexistente,1
inestabilidad,1
cóctel,1
molotov,1
tepueyoa,1
tomás,1
sembrando,1
maíz,1
economistas,1
comiendo,1
cachapas,1
rmlafontaine,1
torresdigenes,1
conversión,1
cambiaria,1
socialmente,1
nichos,1
diferenciales,1
privatizaciones,1
rubros,1
gastos,1
ropa,1
calzado,1
bebidas,1
alcoholicas,1
belleza,1
diversión,1
recreación,1
destacar,1
determinados,1
cercanía,1
delivery,1
pick,1
up,1
realiizando,1
múltiples,1
liderados,1
electrónicos,1
inédito,1
resaltar,1
agresiva,1
referida,1
superarán,1
destruido,1
bruto,1
guinda,1
torta,1
presiona,1
penfold,1
michael,1
tamara,1
herrera,1
cindyarnson,1
thewilsoncenter,1
dc,1
valmore,1
nicmerevans,5
época,1
hipócritas,1
flaviolicitra,1
rechazando,1
condenando,1
acto,1
violación,1
leorequena,1
cochinchina,1
magojeanmaster,1
seguiremos,1
denunciándolas,1
inversa,1
pacífica,1
irrelevante,1
ideología,1
politico,1
inaceptables,1
detención,1
continúe,1
plantee,1
eglaprieto,1
egla,1
notorio,1
andekorn,1
kurt,1
cobain,1
