tweet_tokenized,Sentiment,NB,SVM,DF
"['irja', 'sugiriendo', 'problema', 'votar', 'votar', 'dilema', 'usas', 'ejemplo', 'cierto', 'votar', 'estrategia', 'sirvió', 'solo', 'falta', 'indicar', 'votar', 'varias', 'veces', 'estrategia', 'tampoco', 'entonces', 'problema', 'estrategia', 'voto', 'abstención']",Neutral,0,0,0
"['tolosalila', '¿mis', 'palabras', 'realidad', 'país']",Neutral,0,0,0
"['gracias', 'lacelis', 'nelsonbocaranda', 'invitación', 'conversar', 'estudio', 'perfil', 'consumidor', 'presentaremos', 'próximo', 'junio', 'pm', 'eventos', 'datanalisis', 'com', 'datanalisis', 'vemos', 'ahí']",Neutral,0,0,0
"['muchas', 'gracias']",Neutral,0,0,0
"['parece', 'importante', 'hagan', 'caso', 'racionalidad', 'política', 'intereses', 'personale', 'encuestas', 'instrumento', 'ayuda', 'decisiones', 'nunca', 'reemplazarán', 'lógica']",Neutral,0,0,0
"['prefiero', 'reconvertir', 'pregunta', 'enfocada', 'deben', 'venezolanos', 'luchar', 'desarrollar', 'estrategias', 'distintas', 'traído', 'acá', 'decir', 'vale', 'pena', 'insistir', 'mismo', 'llegará', 'obviamente', 'mismo']",Neutral,0,0,0
"['proceso', 'distorsionado', 'inflación', 'venezuela', 'multifactorial', 'supuesto', 'campo', 'especulación', 'base', 'problema', 'trata', 'combinación', 'pérdida', 'total', 'confianza', 'institucional', 'moneda', 'desequilibrio', 'fiscal']",Neutral,0,0,0
"['todas', 'partes', 'comienzan', 'negociación', 'política', 'económica', 'laboral', 'etc', 'comienzan', 'pidiendo', 'dispuestos', 'aceptar', 'va', 'pasar', 'gobierno', 'oposición', 'caso', 'diluye', 'negociación', 'si', 'ocurre']",Neutral,0,0,0
"['vacunas', 'chinas', 'rusas', 'suministradas', 'oficialmente', 'ahora', 'originales', 'aunque', 'insuficientes', 'entregadas', 'manera', 'sesgada', 'vengan', 'acuerdos', 'humanitarios', 'impecables', 'cerca', 'vacunas', 'bachaqueadas', 'peligro', 'incalculable']",Neutral,0,0,0
"['temprano', 'hacer', 'estimaciones', 'dependerá', 'resultado', 'negociaciones', 'cambios', 'condiciones', 'acuerdos', 'oposición', 'partidos', 'líderes', 'promuevan', 'observación', 'internacional', 'liberación', 'presos', 'políticos', 'inhabilitados']",Neutral,0,0,0
"['depende', 'expectativas', 'demanda', 'maduro', 'liberación', 'inmediata', 'sanciones', 'negociación', 'pública', 'posibilidad', 'lograrse', 'demanda', 'opositoras', 'convocar', 'elección', 'presidencial', 'transparente', 'rr', 'nula', 'acuerdos', 'posibles', 'medio']",Neutral,0,0,0
"['mayoría', 'contundente', 'población', 'quiere', 'negociación', 'política', 'resolver', 'problema', 'país', 'embargo', 'sólo', 'pequeña', 'minoría', 'confía', 'exitosa', 'ahora', 'mismo', 'lograr', 'objetivo', 'deseado', 'tan', 'importante', 'definir', 'expectativas', 'correctas']",Neutral,0,0,0
"['punto', 'relevante', 'estrategia', 'aislamiento', 'gol', 'vzlano', 'expulsa', 'amenaza', 'inversionistas', 'clásicos', 'termina', 'produciendo', 'evidente', 'desoccidentalización', 'país', 'cada', 'vez', 'penetrado', 'econ', 'políticamente', 'adversarios', 'occidente']",Neutral,0,0,0
"['búsqueda', 'central', 'proceso', 'negociación', 'política', 'probabilidades', 'ocurra', 'bastante', 'bajas', 'mas', 'probable', 'participación', 'parcial', 'siempre', 'débil']",Neutral,0,0,0
"['resultados', 'abstención', 'presidencial', 'parlamentaria', 'potentes', 'opinión', 'significa', 'participar', 'pasivamente', 'luchar', 'condiciones', 'unidad', 'opositora', 'plan', 'convertir', 'participación', 'acción', 'estrategia', 'ganadora']",Neutral,0,0,0
"['ver', 'cosa', 'encuestas', 'miden', 'encuestadores', 'quieren', 'desean', 'temen', 'miden', 'gente', 'piensa', 'vamos', 'decir', 'guste', 'trabajo', 'moleste', 'moleste']",Neutral,0,0,0
"['opo', 'control', 'territorial', 'puede', 'resolver', 'temas', 'internos', 'si', 'factor', 'determinante', 'obtener', 'ayuda', 'internacional', 'humanitaria', 'búsqueda', 'puede', 'parar', 'nunca', 'pese', 'bloqueadores', 'establezca', 'gob', 'tratan', 'primeras', 'negociaciones']",Neutral,0,0,0
"['falso', 'dilema', 'negociar', 'negociar', 'votar', 'votar', 'pregunta', 'vas', 'hacer', 'real', 'diferente', 'plano', 'político', 'vas', 'quedar', 'ahora', 'discursos', 'políticos', 'diplomáticos', 'amenazas', 'incumplibles', 'intentos', 'preservación', 'status', 'quo']",Neutral,0,0,0
"['sanciones', 'dividen', 'impacto', 'humanitario', 'negativo', 'presión', 'económica', 'gob', 'sanciones', 'personales', 'funcionarios', 'sólo', 'humanitarias', 'podrían', 'flexibilizarse', 'marco', 'previo', 'negociación', 'resto', 'instrumento', 'negociación', 'política']",Neutral,0,0,0
"['probabilidades', 'administración', 'biden', 'haga', 'giro', 'tan', 'profundo', 'lleve', 'establecer', 'alianzas', 'gob', 'maduro', 'bajo', 'cualquier', 'tesis', 'pasar', 'revalidación', 'democrática', 'poderes', 'vzla', 'nula']",Neutral,0,0,0
"['¿y', 'vas', 'lanzar', 'puesto', 'elección', 'popular', 'alguna', 'elección']",Neutral,0,0,0
"['máximo', 'podemos', 'decir', 'pesar', 'preferencia', 'pob', 'resolver', 'conflicto', 'través', 'elección', 'cambio', 'condiciones', 'reales', 'acuerdos', 'relevantes', 'abstención', 'seguirá', 'siendo', 'problema', 'mayor', 'quieren', 'participar', 'elecciones']",Neutral,0,0,0
"['maduro', 'participa', 'cualquier', 'negociación', 'interesa', 'mostrar', 'control', 'territorial', 'obligar', 'reconocimiento', 'contraparte', 'dominante', 'ver', 'legitimidad', 'mientras', 'mediática”', 'negociación', 'mejor', 'peor', 'negociación', 'real']",Neutral,0,0,0
"['minutos', 'preguntas', 'respuestas', 'comenzando', 'ahora', 'mismo']",Neutral,0,0,0
"['josegar', 'si', 'lees', 'análisis', 'arranca', 'precisamente', 'entregar', 'conjunto', 'decisiones', 'humanitarias', 'negocian', 'cuyo', 'centro', 'necesidades', 'poblacion', 'corrigen', 'precisamente', 'problema']",Neutral,0,0,0
"['oyds', 'quieren', 'liberación', 'tan', 'imposible', 'mismos', 'entreguen', 'poder', 'pues', 'forma', 'parte', 'poder', 'negociación', 'adversario', 'refiero', 'elementos', 'humanitarios', 'vitales', 'población']",Neutral,0,0,0
"['elementos', 'previos', 'deben', 'resolverse', 'inmediato', 'cómo', 'marco', 'negociacion', 'garantía', 'participación', 'política', 'amenazas', 'apertura', 'ayuda', 'humanitaria', 'parte', 'gobierno', 'flexibilización', 'sanciones', 'internacionales', 'impacto', 'humanitario']",Neutral,0,0,0
"['martinezq', 'jajaja', 'fa', 'dime', 'paso', 'buscarlos', 'hacen', 'burda', 'falta', 'avísales', 'enteren', 'jajaja', 'tantos', 'gafos', 'hacen', 'olas']",Neutral,0,0,0
"['obvio', 'fuerza', 'presionar', 'maduro', 'suficiente', 'conseguir', 'salida', 'pregunta', '¿y', 'puede', 'conseguir', 'entonces', '¿vale', 'pena', 'intentarlo', '¿qué', 'define', 'éxito', 'fracaso', 'nuevo', 'intentó']",Neutral,0,0,0
"['jlmovil', 'realmente', 'exactamente', 'dice', 'artículo', 'pasará', 'así', 'asumo', 'acuerdo', 'leíste']",Neutral,0,0,0
"['¿éxito', 'fracaso', 'negociaciones', 'depende', 'expectativas']",Neutral,0,0,0
"['placer', 'acompañar', 'fedeagro', 'sector', 'agrícola', 'hoy', 'convención', 'anual', 'sector', 'productivo', 'héroes', 'importantes', 'país', 'haciendo', 'esfuerzos', 'mantener', 'producción', 'abastecimiento', 'pese', 'graves', 'bloqueadores', 'enfrenta', 'gracias', 'ustedes']",Neutral,0,0,0
"['cierto', 'confiar', 'acuerdos', 'largo', 'plazo', 'vzla', 'podría', 'parecer', 'ingenuo', 'incluso', 'si', 'gob', 'planeara', 'irrespetar', 'luego', 'acuerdos', 'impacto', 'fundamental', 'indispensable', 'servirán', 'unificar', 'objetivo', 'común', 'lucha', 'opo', 'solo', 'vale', 'pena']",Neutral,0,0,0
"['finalmente', 'negociación', 'debe', 'separarse', 'resto', 'mira', 'solución', 'integral', 'incluye', 'condiciones', 'rescatar', 'democracia', 'derechos', 'políticos', 'llegar', 'presidencial', 'decente', 'requerirá', 'tiempo', 'necesitará', 'anteriores', 'avanzar']",Neutral,0,0,0
"['segundo', 'grupo', 'negociación', 'rápida', 'llega', 'acuerdos', 'sectoriales', 'parciales', 'económicos', 'políticos', 'liberación', 'presos', 'políticos', 'condiciones', 'electorales', 'eventos', 'inmediatos', 'incluyendo', 'regionales', 'flexibilización', 'sanciones']",Neutral,0,0,0
"['ninguno', 'elementos', 'puede', 'colocar', 'condición', 'negociación', 'pues', 'equivalente', 'poner', 'calidad', 'vida', 'moneda', 'cambio']",Neutral,0,0,0
"['acuerdos', 'intercambio', 'petróleo', 'alimentos', 'medida', 'indispensable', 'atender', 'necesidad', 'humanitaria', 'vital', 'gente', 'coma', 'desplace', 'reciba', 'vacunas', 'servicios', 'condicionarse', 'negociación', 'política', 'puede', 'durar', 'meses']",Neutral,0,0,0
"['maduro', 'debe', 'levantar', 'inmediatamente', 'toda', 'barrera', 'entrada', 'ayuda', 'humanitaria', 'empezando', 'vacunas', 'opo', 'debe', 'solicitar', 'levantamiento', 'previo', 'prohibición', 'importación', 'diésel', 'pues', 'limita', 'transporte', 'producción', 'alimentos', 'medicinas', 'ayuda', 'humanitaria']",Neutral,0,0,0
"['oposición', 'usará', 'sanciones', 'parte', 'fundamental', 'poder', 'negociación', 'exigirá', 'quid', 'pro', 'quo', 'cambio', 'si', 'acuerdos', 'parciales', 'cesiones', 'sanciones', 'causado', 'daño', 'gente', 'gobierno', 'deben', 'liberarse']",Neutral,0,0,0
"['indica', 'primer', 'nivel', 'negociación', 'arranca', 'poniendo', 'mesa', 'garantía', 'refrendada', 'internacionalmente', 'nadie', 'participe', 'política', 'hoy', 'amenazado', 'perseguido', 'apresado', 'negocia', 'obtiene', 'negociar']",Neutral,0,0,0
"['puedes', 'negociar', 'libertad', 'participar', 'política', 'hacer', 'oposición', 'necesario', 'negociar', 'puede', 'negociar', 'liberación', 'sanciones', 'limiten', 'necesidades', 'básicas', 'alimentos', 'medicina', 'agua', 'electricidad', 'combustible', 'negocia', 'vida']",Neutral,0,0,0
"['empezar', 'partes', 'deben', 'poner', 'mesa', 'aquello', 'permita', 'ambiente', 'propicio', 'gob', 'dar', 'garantías', 'inmediatas', 'libertad', 'participación', 'política', 'oposición', 'aliados', 'resolver', 'temas', 'humanitarios', 'vacunación', 'alimentación', 'medicinas', 'combustible']",Neutral,0,0,0
"['opo', 'deberá', 'plantear', 'inteligentemente', 'negociación', 'partes', '¿qué', 'necesita', 'previamente', 'comenzar', 'negociación', 'manera', 'estable', '¿qué', 'puede', 'acordar', 'corto', 'plazo', 'intercambiar', 'ello', 'cuáles', 'acuerdos', 'integrales', 'largo', 'plazo']",Neutral,0,0,0
"['¿cuáles', 'retos', 'ahora', 'inicia', 'negociación', 'pues', 'siempre', 'enormes', 'difíciles', 'peligrosos', 'apenas', 'comienza', 'adversario', 'buscará', 'ganar', 'planteando', 'juego', 'suma', 'cero', 'intentará', 'pierda', 'claro', 'puede', 'perder']",Neutral,0,0,0
"['dilema', 'negociar', 'sino', 'replantear', 'lucha', 'horizonte', 'tiempo', 'acorde', 'posibilidades', 'seguir', 'estrategia', 'basada', 'ilusiones', 'falsas', 'pulverizaron', 'esperanzas', 'cambio', 'entrar', 'proceso', 'abren', 'oportunidades', 'cerradas']",Neutral,0,0,0
"['queda', 'claro', 'éxito', 'fracaso', 'negociación', 'oposición', 'terminar', 'maduro', 'gobierno', 'corto', 'plazo', 'fracaso', 'pre', 'cantado', 'sino', 'lograr', 'acuerdos', 'sectoriales', 'parciales', 'mejoren', 'condiciones', 'gente', 'capacidad', 'lucha', 'futura']",Neutral,0,0,0
"['opo', 'acepta', 'entrar', 'negociación', 'sabiendo', 'conseguirá', 'salida', 'rápida', 'maduro', 'busca', 'resolver', 'problemas', 'graves', 'gente', 'arista', 'humanitaria', 're', 'articularse', 'superar', 'irrelevancia', 'condena', 'abstención', 'ausencia', 'resultados']",Neutral,0,0,0
"['claro', 'reconozcan', 'maduro', 'va', 'negociar', 'permanencia', 'gob', 'oposición', 'fuerza', 'obligarlo', 'salir', 'información', 'cambia', 'objetivo', 'medirá', 'éxito', 'fracaso', 'proceso']",Neutral,0,0,0
"['condiciones', 'negociación', 'posibilidades', 'procesos', 'previos', 'aunque', 'garantía', 'ambos', 'gob', 'opo', 'deben', 'dispuestas', 'negociar', 'ocurrió', 'deben', 'reconocer', 'quién', 'contraparte', 'ocurrió', 'deben', 'calibrar', 'expectativas', 'tarea', 'pendiente']",Neutral,0,0,0
"['coordinación', 'dirigido', 'guaido', 'grupo', 'opositores', 'arrancó', 'proceso', 'previo', 'negociación', 'condiciones', 'electorales', 'representado', 'capriles', 'mejor', 'noticia', 'entorno', 'político', 'reciente', 'abre', 'compuertas', 'reales', 'negociación']",Neutral,0,0,0
"['arielmorantes', 'alguien', 'duda', 'destrucción', 'capacidad', 'productiva', 'modelo', 'revolucionario', 'alguien', 'hace', 'responsabilidad', 'gobierno', 'entonces', 'prohibimos', 'importaciones', 'hacemos', 'sufrir', 'gente', 'parece', 'lógico', 'justo']",Neutral,0,0,0
"['negociaciones', 'necesitan', 'partes', 'hagan', 'gesto', 'previo', 'estabilizar', 'ambiente', 'maduro', 'oposición', 'aliados', 'necesitan', 'ceder', 'elementos', 'humanitarios', 'comenzar', 'negociación', 'política', 'resultado', 'mismo', 'siempre', 'encochinamiento']",Neutral,0,0,0
"['negociación', 'política', 'requiere', 'marco', 'estabilidad', 'previa', 'imposible', 'avanzar', 'negociación', 'difícil', 'espinoza', 'mientras', 'gente', 'agrega', 'sufrimiento', 'vida', 'colapsando', 'producción', 'agrícola', 'distribución', 'bienes', 'esenciales', 'diésel']",Neutral,0,0,0
"['abastecimiento', 'diésel', 'vital', 'producción', 'distribución', 'alimentos', 'medicamentos', 'incluso', 'proceso', 'vacunación', 'política', 'humanitaria', 'pueda', 'avanzar', 'combustible', 'diésel', 'tema', 'claramente', 'humanitario', 'puede', 'politizarse']",Neutral,0,0,0
"['obvio', 'negociación', 'política', 'hará', 'base', 'flexibilización', 'sanciones', 'medidas', 'afectan', 'alimentación', 'salud', 'servicios', 'básicos', 'pueden', 'ser', 'colocados', 'mesa', 'negociación', 'puede', 'durar', 'meses', 'si', 'años', 'éticamente', 'inaceptable']",Neutral,0,0,0
"['vzlanos', 'cree', 'unidos', 'debe', 'levantar', 'prohibición', 'importar', 'diésel', 'venezuela', 'países', 'pues', 'cumple', 'objetivo', 'presionar', 'gobierno', 'si', 'amplifica', 'crisis', 'severa', 'vive', 'población', 'amenaza', 'destrucción', 'aparato', 'productivo']",Neutral,0,0,0
"['vzlanos', 'indica', 'prohibición', 'importación', 'diésel', 'través', 'intercambio', 'petróleo', 'creado', 'corre', 'riesgo', 'crear', 'mercado', 'negro', 'diésel', 'genera', 'costos', 'ineficiencias', 'dramáticas', 'consumidores', 'distribuciónn', 'producción', 'bienes']",Neutral,0,0,0
"['ciento', 'venezolanos', 'creen', 'sanción', 'diésel', 'prohibiendo', 'intercambio', 'petróleo', 'producido', 'ningun', 'cambio', 'político', 'país', 'mientras', 'indica', 'si', 'generado', 'escasez', 'transporte', 'alimentos', 'medicinas', 'bienes', 'básicos']",Neutral,0,0,0
"['si', 'quieren', 'politizar', 'allá', 'éticamente', 'inadecuado', 'jugar', 'comida', 'salud', 'energía', 'trabajó', 'gente', 'temo', 'incluso', 'político', 'estrategia', 'negativa', 'pues', 'rechaza', 'sanciones', 'diésel', 'creen', 'afecta', 'vida', 'gob']",Neutral,0,0,0
"['podemos', 'seguir', 'indefinidamente', 'mostrando', 'preocupación', 'desesperación', 'país', 'completo', 'sufriendo', 'carne', 'propia', 'crisis', 'combustible', 'importante', 'abastecimiento', 'productos', 'básicos', 'salud', 'energía', 'agua', '¿de', 'verdad', 'puede', 'politizar', 'proceso']",Neutral,0,0,0
"['¿o', 'mejor', 'oír', 'declaración', 'sector', 'transporte', 'amenazando', 'paralización', 'total', 'actividades', 'protesta', 'escasez', 'severa', 'diésel', 'manipulación', 'precios', 'asignación', 'cuotas']",Neutral,0,0,0
"['podríamos', 'oír', 'pescadores', 'indicar', 'escasez', 'diésel', 'motivos', 'principales', 'destrucción', 'sector']",Neutral,0,0,0
"['quizás', 'necesitamos', 'oír', 'asociación', 'agricultura', 'familiar', 'compartiendo', 'miedo', 'quedarse', 'cero', 'frente', 'escasez', 'evidente', 'diésel']",Neutral,0,0,0
"['si', 'suficiente', 'entender', 'crisis', 'abastecimiento', 'diésel', 'vivimos', 'veamos', 'posición', 'sector', 'agrícola', 'advierte', 'pueden', 'perderse', 'cosechas']",Neutral,0,0,0
"['si', 'revisamos', 'declaraciones', 'principales', 'sectores', 'productivos', 'nacionales', 'podremos', 'entender', 'situación', 'desesperada', 'encuentran', 'riesgo', 'brutal', 'abastecimiento', 'nacional', 'dejemos', 'diga', 'ejemplo', 'sector', 'industrial']",Neutral,0,0,0
"['crisis', 'abastecimiento', 'diésel', 'vzla', 'puede', 'resolver', 'datos', 'simples', 'opiniones', 'sesgos', 'políticos', 'vista', 'pone', 'grave', 'riesgo', 'población', 'abastecimiento', 'alimentos', 'medicinas', 'bienes', 'escenciales', 'producción', 'eléctrica', 'agua']",Neutral,0,0,0
"['gusto', 'siempre', 'compartir', 'sector', 'empresarial', 'caso', 'además', 'queridos', 'amigos', 'fedecamaras', 'zulia', 'dos', 'cotertulios', 'ultra', 'lujo', 'rafaelarraiz', 'ricardocusanno', 'voy', 'pa’', 'maracaibo']",Neutral,0,0,0
"['mil', 'gracias']",Neutral,0,0,0
"['estrategia', 'claro', 'negociación', 'pueden', 'usar', 'dramas', 'humanitarios', 'mecanismo', 'presión', 'usa', 'va', 'entregar', 'sanciones', 'debido', 'quid', 'pro', 'quo”', 'normal', 'comida', 'medicina', 'combustible', 'puede', 'éticamente', 'lista']",Neutral,0,0,0
"['finalmente', 'cuáles', 'sanciones', 'usa', 'considera', 'realmente', 'potentes', 'presionar', 'negociación', 'pondrá', 'mesa', 'zanahorias']",Neutral,0,0,0
"['¿que', 'rol', 'jugarán', 'líderes', 'opositores', 'avanzado', 'presionando', 'participación', 'regionales', 'apoyo', 'internacional', '¿se', 'apartarán', 'entregarán', 'mando', 'guaidó', 'dirija', 'negociación', 'realmente', 'frente', 'capítulo', 'final', 'lucha', 'interna']",Neutral,0,0,0
"['pregunta', '¿qué', 'papel', 'jugará', 'usa', 'frente', 'oposición', 'realmente', 'va', 'acompañando', 'posición', 'guaidó', 'negociar', 'menos', 'elección', 'presidencial', 'innegociable', 'terminará', 'presionando', 'guaidó', 'avanzar', 'negociaciones', 'puntuales', 'destrabar', 'juego']",Neutral,0,0,0
"['realidad', 'guaidó', 'sabe', 'maduro', 'entregará', 'poder', 'pide', 'mecanismo', 'subterfugio', 'mantener', 'rechazo', 'cualquier', 'negociación', 'costo', 'perceptual', 'negarse', 'públicamente']",Neutral,0,0,0
"['pregunta', 'dónde', 'puede', 'llegar', 'negociación', 'guaidó', 'parte', 'pidiendo', 'maduro', 'ofreciendo', 'si', 'requerimiento', '¿está', 'guaidó', 'preparado', 'entender', 'poder', 'negociación', 'pedir', 'dispuesto', 'ceder', 'hacia', 'acuerdos', 'parciales']",Neutral,0,0,0
"['decide', 'entonces', 'guaidó', 'triangular', 'políticamente', 'problema', 'decisión', 'inteligente', 'tratar', 'contrarrestar', 'éxito', 'adversarios', 'internos', 'circunstanciales', 'hace', 'abriéndose', 'negociación', 'directa', 'maduro', 'avance', 'importante', 'pulverizante']",Neutral,0,0,0
"['perfectamente', 'racional', 'decisión', 'considerando', 'respuesta', 'inmediata', 'europa', 'incluso', 'administración', 'biden', 'receptiva', 'gesto', 'maduro', 'negociación', 'guaidó', 'difícil', 'bloquear', 'negociación', 'tener', 'alguna', 'opción', 'alternativa']",Neutral,0,0,0
"['parece', 'evidente', 'decisión', 'autónoma', 'capriles', 'opositores', 'negociar', 'mejoras', 'condiciones', 'electorales', 'incorporación', 'opositores', 'pura', 'sangre', 'cne', 'obligo', 'guaidó', 'abandonar', 'estrategia', 'inicial', 'rechazar', 'cualquier', 'negociación', 'maduro']",Neutral,0,0,0
"['cambio', 'nunca', 'dispuesto', 'entregar', 'cabeza', 'decisión', 'irracional', 'cómo', 'resulta', 'obvio', 'elección', 'presidencial', 'competitiva', 'maduro', 'aceptación', 'equivalente', 'entregar', 'poder', 'probabilidad', 'ahí', 'cero']",Neutral,0,0,0
"['medición', 'fuerzas', 'partes', 'conflicto', 'resulta', 'evidente', 'maduro', 'dispuesto', 'ceder', 'cosas', 'obtener', 'valen', 'cierto', 'reconocimiento', 'flexibilización', 'sanciones', 'rescate', 'relación', 'europa', 'vía', 'contacto', 'usa']",Neutral,0,0,0
"['única', 'manera', 'negociación', 'tipo', 'avance', 'medir', 'exactamente', 'poder', 'negociación', 'adversario', 'calibrar', 'bien', 'puedes', 'lograr', 'fuerza', 'pues', 'si', 'sobredimensionas', 'expectativas', 'único', 'obtendrás', 'frustración']",Neutral,0,0,0
"['segundo', 'aprendizaje', 'podido', 'tener', 'hace', 'tiempo', 'leyendo', 'cualquier', 'libro', 'básico', 'negociaciones', 'puedes', 'exigir', 'esperar', 'adversario', 'salga', 'peor', 'cómo', 'conflicto', 'existencial', 'pues', 'escenario', 'éxito', 'vacío']",Neutral,0,0,0
"['ocurrirá', 'menor', 'duda', 'oposición', 'institucional', 'verá', 'obligada', 'negociar', 'dirigencia', 'regional', 'propios', 'partidos', 'líder', 'natural', 'proclives', 'elección', 'gob', 'alcaldes', 'pues', 'contrario', 'perderán', 'control', 'proceso']",Neutral,0,0,0
"['finalmente', 'parece', 'partes', 'chocaron', 'incómoda', 'realidad', 'estrategia', 'seguida', 'ahora', 'ignorar', 'adversario', 'buena', 'idea', 'terminan', 'entendiendo', 'única', 'manera', 'avanzar', 'aunque', 'lentamente', 'negociar', 'adversario']",Neutral,0,0,0
"['hace', 'fuertes', 'reconocer', 'fragilidad”', 'irene', 'vallejo']",Neutral,0,0,0
"['nadie', 'va', 'negociación', 'esperando', 'quedar', 'peor', 'entró', 'sólo', 'puede', 'ser', 'exitoso', 'si', 'logran', 'acuerdos', 'todas', 'partes', 'sienten', 'ganaron', 'cedieron', 'establecer', 'condición', 'éxito', 'depende', 'destrucción', 'garantía', 'fracaso']",Neutral,0,0,0
"['negociación', 'ruta', 'clave', 'avanzar', 'solución', 'crisis', 'éxito', 'dependerá', 'entender', 'fuerzas', 'partes', 'afinar', 'expectativas', 'puede', 'lograr', 'resulta', 'obvio', 'inicio', 'debe', 'ser', 'acuerdos', 'parciales', 'ganan']",Neutral,0,0,0
"['allá', 'emociones', 'deseos', 'compartidos', 'realidades', 'fuerza', 'capacidad', 'negociación', 'ser', 'perspicaz', 'entender', 'espacios', 'negociar', 'cosas', 'relevantes', 'permitan', 're', 'articulación', 'opositora', 'aún', 'plato', 'principal']",Neutral,0,0,0
"['mayoría', 'vzlanos', 'queremos', 'cambio', 'rescatar', 'democracia', 'reinstitucionalizar', 'obvio', 'opo', 'hoy', 'fuerza', 'suficiente', 'plantear', 'negociación', 'trata', 'deseos', 'sino', 'realidades', 'repetir', 'receta', 'llevará', 'mismo', 'plato', 'vacío']",Neutral,0,0,0
"['¿gana', 'gob', 'cesiones', 'cne', 'claro', 'si', 'si', 'dado', 'capacidad', 'presionarlo', 'hoy', 'nula', '¿o', 'ves', 'amenace', 'distinto', 'dos', 'años', 'pregunta', 'si', 'capaz', 'aprovechar', 'mejor', 'ganas']",Neutral,0,0,0
"['derecho', 'dudar', 'cne', 'siquiera', 'dudo', 'seguro', 'suficiente', 'pregunta', 'si', 'juegas', 'árbitro', 'patuleco', '¿qué', 'haces', 'mismo', 'presidencial', 'parlamentarias', '¿es', 'decir', 'entonces', 'queda', 'claro', 'resultado', '¿o', 'esperas', 'milagros']",Neutral,0,0,0
"['jorgepinturas', 'edurodriguezg', 'entiendo', 'bien', 'necesita', 'capacidad', 'pensamiento', 'abstracto', 'así', 'llama', 'si', 'imposible', 'entenderlo']",Neutral,0,0,0
"['claro', 'ningún', 'líder', 'partido', 'opciones', 'articulación', 'nacional', 'sienta', 'confortable', 'mantener', 'status', 'quo', 'mantiene', 'poder', 'externo', 'maduro', 'poder', 'interno', 'va', 'apoyar', 'elección', 'cne', 'presida', 'josé', 'gregorio', 'hernández']",Neutral,0,0,0
"['¿y', 'participar', 'permitirá', 'oposición', 'sacar', 'maduro', 'poder', 'claro', 'van', 'dejar', 'podrás', 'articular', 'lucha', 'abrir', 'espacio', 'nuevos', 'liderazgos', 'mover', 'gente', 'calle', 'crear', 'disposición', 'lucha', 'bastante', 'quedarte', 'rascándote', 'barriga', 'sofá']",Neutral,0,0,0
"['¿cuál', 'entonces', 'propuesta', 'alternativa', 'si', 'rechaza', 'cualquier', 'participación', 'electoral', 'incluso', 'desventajosa', 'imaginar', 'mismo', 'haberse', 'abstenido', 'ahora', 'quedarse', 'rotundo', 'vacío']",Neutral,0,0,0
"['dicen', 'absurdo', 'votar', 'condiciones', 'desventajosas', 'explican', '¿cuál', 'alternativa', '¿te', 'cuentan', 'cuál', 'resultado', 'abstenerse', 'tener', 'bola', 'cuento', 'ningún', 'líder', 'opositor', 'hoy', 'puntos', 'maduro', 'sigue', 'poder']",Neutral,0,0,0
"['¿es', 'nuevo', 'cne', 'señal', 'condiciones', 'transparentes', 'elecciones', 'equilibradas', 'obvio', 'si', 'flexibilización', 'abre', 'rendijas', 'seguir', 'luchando', 'dilema', 'votar', 'votar', 'sino', 'seguir', 'lucha', 'permitir', 'pasivamente', 'terminen', 'destruirte']",Neutral,0,0,0
"['razón', 'simple', 'aún', 'condiciones', 'democráticas', 'alternativa', 'votar', 'tratar', 'construir', 'momentum', 'lucha', 'articulación', 'adversidad', 'estrategia', 'pasiva', 'fracasada', 'abstención', 'pulverizó', 'conexión', 'líderes', 'partidos', 'gente']",Neutral,0,0,0
"['allá', 'redes', 'sociales', 'abril', 'opiniones', 'participar', 'regionales', 'dividían', 'país', 'partes', 'iguales', 'condiciones', 'electorales', 'explican', 'rechazo', 'necesidad', 'articular', 'lucha', 'aceptación', 'cree', 'partidos', 'opo', 'deben', 'llamar', 'votar']",Neutral,0,0,0
"['juanchoba', 'bobo', 'caso', 'cierto']",Neutral,0,0,0
"['juliooliveros', 'bingo', 'entendiste', 'perfecto', 'símil']",Neutral,0,0,0
"['lmld', '¿y', 'pareció', 'buen', 'líder', 'país']",Neutral,0,0,0
"['dijon', 'conozcas', 'importancia', 'perfectamente', 'normal', 'conocerme', 'sigas', 'alguien', 'sabes', 'es”', 'hace', 'análisis', 'político', 'económico', 'millón', 'medio', 'seguidores', 'si', 'debería', 'sonarte', 'extraño', 'digo']",Neutral,0,0,0
"['allá', 'pasiones', 'hecho', 'concreto', 'liderazgos', 'opositores', 'chavistas', 'empatados', 'rescata', 'esperanza', 'propuesta', 'distinta', 'sólo', 'esperar', 'inevitable', 'outsider', 'vez', 'sabes', 'si', 'bueno', 'malo']",Neutral,0,0,0
"['ud', 'recomienda', 'hacer', 'ahora', 'dejar', 'oposición', 'desaparezca', 'cómo', 'desapareciendo', 'ningún', 'rol', 'cumplir', 'sociedad', 'venezolana', '¿o', 'propuesta', 'distinta', 'vista']",Neutral,0,0,0
"['obvio', 'mayoría', 'población', 'desconfía', 'natural', 'justificadamente', 'instituciones', 'venezolanas', 'ende', 'transparencia', 'procesos', 'ejecutan', 'respuesta', 'simplista', 'hacer', 'transparencia', 'babosada']",Neutral,0,0,0
"['puede', 'analizar', 'política', 'deseos', 'miedos', 'sino', 'realidades', 'buen', 'líder', 'emociona', 'masas', 'propuesta', 'inalcanzables', 'amenazas', 'perro', 'echado', 'sino', 'logra', 'diseñar', 'propuestas', 'accionables', 'creíbles', 'aunque', 'menos', 'emocionantes”']",Neutral,0,0,0
"['pablo', 'albertorodnews', 'genpenaloza', 'duda', 'bajo', 'apenas', 'estimaría', 'mundo', 'menos', 'chavismo', 'radical', 'enano', 'acuerdo', 'cne', 'equilibrado']",Neutral,0,0,0
"['beckam', 'voy', 'hacer', 'análisis', 'mañana', 'detalle']",Neutral,0,0,0
"['puede', 'hagan', 'resultado', 'igual', 'anteriores', 'problema', 'ceros', 'sino', 'confianza', 'rescata', 'cambios', 'políticos']",Neutral,0,0,0
"['explicación', 'profunda', 'problema', 'seguimiento', 'crisis', 'diésel', 'venezuela', 'puede', 'seguir', 'website']",Neutral,0,0,0
"['problema', 'complejo', 'enfrentamos', 'hoy', 'pues', 'impacto', 'masivo', 'producción', 'agrícola', 'transporte', 'alimentos', 'medicinas', 'generación', 'eléctrica', 'resolver', 'importaciones', 'solicitudes', 'asignación', 'vacías', 'suficiente']",Neutral,0,0,0
"['claro', 'echarle', 'bolas', 'plan']",Neutral,0,0,0
"['cielo', 'limite']",Neutral,0,0,0
"['resolver', 'crisis', 'política', 'sanciones', 'absolutamente', 'ninguna', 'posibilidad', 'resolver', 'tema', 'deuda', 'venezolana']",Neutral,0,0,0
[],Neutral,0,0,0
"['forma', 'proyectar', 'tiempos', 'evidente', 'producirán', 'cambios', 'profundos', 'oposición', 'negociación', 'política']",Neutral,0,0,0
"['vendiendo', 'petróleo', 'aliados', 'gobierno', 'problema', 'menores', 'cantidades', 'vende', 'grandes', 'descuentos', 'tema', 'sanciones']",Neutral,0,0,0
"['depende', 'cocos', 'agua', 'cabeza', 'dura', 'incapaces', 'ver', 'vida', 'debe', 'tener', 'permeabilidad']",Neutral,0,0,0
"['absolutamente', 'sigue', 'sector', 'privado', 'independiente', 'grande', 'hecho', 'esfuerzos', 'gigantes', 'sostener', 'negocios', 'tener', 'relaciones', 'gobierno', 'allá', 'cumplimiento', 'to', 'reglas', 'internas', 'legales', 'inevitables']",Neutral,0,0,0
"['posible', 'dolarizar', 'economía', 'pues', 'gobierno', 'bcv', 'sancionados', 'regularización', 'bancarización', 'uso', 'venezuela', 'buena', 'noticia']",Neutral,0,0,0
"['lamentablemente', 'menos', 'esperan', 'caídas', 'similares', 'registradas', 'años', 'recientes']",Neutral,0,0,0
"['oposición', 'homogénea', 'diferentes', 'grupos', 'pensamientos', 'clave', 'toda', 'unas', 'reglas', 'comunes', 'decidir', 'poder', 'trabajar', 'conjunto', 'momento', 'despreciar', 'apoyos', 'sino', 'integrarlos']",Neutral,0,0,0
"['proceso', 'franco', 'crecimiento', 'creo', 'absolutamente', 'imparable']",Neutral,0,0,0
"['valls', 'moneda', 'depende', 'confianza', 'variable', 'destruida', 'acción', 'gobierno', 'revolucionario', 'solo', 'revertirá', 'cambios', 'profundos', 'país', 'reinstituiconalizacion', 'independiente', 'mismo']",Neutral,0,0,0
"['mucha', 'demora', 'luego', 'abusos', 'típicos', 'poder', 'harán', 'injusta', 'entrada', 'proceso', 'vacunación', 'tarde', 'temprano', 'entrarán', 'vacunas', 'apoyo', 'humanitario', 'proceso', 'intenso', 'pensaba', 'originalmente']",Neutral,0,0,0
"['nones', 'pregunta', 'puede', 'responderse', 'igual', 'mundo', 'sectores', 'segmentos', 'siguen', 'siendo', 'atractivos', 'podrían', 'seguir', 'creciendo', 'futuro', 'peligro', 'extinción', 'dependerá', 'capacidad']",Neutral,0,0,0
"['medida', 'economía', 'dolarizada', 'transaccional', 'mente', 'banca', 'va', 'adorándose', 'necesidades', 'mercado', 'crédito', 'paso', 'natural', 'siempre', 'moneda', 'extranjera', 'indexado']",Neutral,0,0,0
"['existe', 'absolutamente', 'ninguna', 'posibilidad', 'gobierno', 'maduro', 'claramente', 'minoritario', 'controlando', 'territorio', 'instituciones', 'permita', 'referéndum', 'ponga', 'peligro']",Neutral,0,0,0
"['situación', 'sector', 'agrícola', 'dramática', 'problema', 'diésel', 'potencia', 'exponencialmente', 'país', 'camina', 'agresivamente', 'elevar', 'dependencia', 'alimentaria', 'productos', 'importados', 'aunque', 'limitaciones', 'graves', 'transporte']",Neutral,0,0,0
"['problema', 'valor', 'moneda', 'ver', 'desconfianza', 'autoridad', 'monetarias', 'modelo', 'económico', 'país', 'recatar', 'confianza', 'reconversión', 'valga', 'aunque', 'corto', 'plazo', 'siempre', 'impactos', 'positivos']",Neutral,0,0,0
['creo'],Neutral,0,0,0
"['equilibrios', 'macro', 'lograrán', 'mientras', 'recate', 'confianza', 'parece', 'cerca', 'condición', 'zonas', 'especiales', 'igual', 'apertura', 'facto', 'abre', 'oportunidades', 'negocios', 'nunca', 'replantear', 'crecimiento', 'estable', 'país']",Neutral,0,0,0
"['igual', 'cualquier', 'empresa', 'logrado', 'cumplir', 'objetivos', 'centrales', 'indispensable', 'presentar', 'propuesta', 'cambio', 'profunda', 'incluyendo', 'liderazgos', 'fin', 'rescatar', 'esperanzas', 'repetir', 'hecho', 'garantía', 'obtener', 'mismo', 'resultado']",Neutral,0,0,0
"['difícil', 'opo', 'logre', 'acuerdo', 'integral', 'participar', 'regionales', 'pues', 'diferencias', 'insalvables', 'atarla', 'referéndum', 'elección', 'presidencial', 'embargo', 'parece', 'imparable', 'decisión', 'participación', 'varios', 'grupos', 'opositores', 'relevantes']",Neutral,0,0,0
"['minutos', 'sesión', 'preguntas', 'respuestas', 'comenzando', 'inmediato']",Neutral,0,0,0
"['quiero', 'darle', 'gracias', 'inscritos', 'evento', 'horizontes', 'laureanomar', 'luisvicenteleon', 'confiar', 'haber', 'llenado', 'capacidad', 'transmisión', 'ampliada', 'tarde', 'casa', 'llena', 'honor', 'compromiso', 'vemos', 'datanalisis']",Neutral,0,0,0
"['población', 'quiere', 'cambio', 'gobierno', 'solo', 'cree', 'oposición', 'institucional', 'capacidad', 'producirlo', 'analizaremos', 'detalle', 'mañana', 'jueves', 'pm', 'horizontes', 'laureanomar', 'luisvleon', 'inscripciones', 'eventos', 'datanalisis', 'com', 'datanalisis']",Neutral,0,0,0
"['¿sabias', 'transacciones', 'comerciales', 'realizan', 'moneda', 'extranjera', 'vzla', 'comentaremos', 'detalle', 'mañana', 'horizontes', 'laureanomar', 'luisvleon', 'inscripciones', 'eventos', 'datanalisis', 'com', 'datanalisis', 'wtcvalencia', 'foropeps']",Neutral,0,0,0
"['encantados', 'recibir', 'amigos', 'natick', 'cómo', 'patrocinante', 'horizontes', '\u2066\u2066', 'laureanomar', 'luisvleon\u2069', 'jueves', 'pm', 'datanalisis\u2069', 'wtcvalencia\u2069', 'foropeps', 'mencionan', 'lema', 'juntos', 'multiplicamos”']",Neutral,0,0,0
"['evidente', 'mayoría', 'pob', 'desea', 'salida', 'maduro', 'poder', 'responsabiliza', 'crisis', 'suficiente', 'provocar', 'cambio', 'si', 'propuesta', 'alternativa', 'queda', 'colgada', 'brocha', 'depender', 'terceros', 'propia', 'lucha', 'política']",Neutral,0,0,0
"['opo', 'concentra', 'esfuerzos', 'atacar', 'grupos', 'opositores', 'piensan', 'distinto', 'mantener', 'poder”', 'interno', 'ofrecer', 'diferente', 'pueda', 're', 'construir', 'esperanzas', 'cambio', 'condena', 'pulverización', 'cambio', 'incontrolado', 'adentro']",Neutral,0,0,0
"['solución', 'tratar', 'opositores', 'piensen', 'igual', 'diferencias', 'deben', 'ser', 'bienvenidas', 'puede', 'avanzar', 'acuerdo', 'básico', 'indispensable', 'reglas', 'juego', 'usarán', 'dirimir', 'diferencias', 'naturales', 'base', 'democracia']",Neutral,0,0,0
"['división', 'opositora', 'buenos', 'malos', 'sino', 'formas', 'distintas', 'pensamiento', 'intentar', 'cambiar', 'dueño', 'verdad”', 'planteando', 'antagonismo', 'sospecha', 'denigra', 'piensen', 'cómo', 'hacer', 'exactamente', 'mismo', 'hace', 'chavismo']",Neutral,0,0,0
"['pob', 'vzlana', 'necesita', 'reconstruir', 'esperanza', 'tener', 'liderazgo', 'motive', 'recibir', 'propuestas', 'creíbles', 'tener', 'triunfos', 'tempranos', 'aunque', 'parciales', 'tiempo', 'abandonar', 'propuesta', 'paralizadora', 'binaria', 'pues', 'vista', 'conduce']",Neutral,0,0,0
"['vzlanos', 'demandan', 'cambio', 'político', 'punto', 'fuerte', 'une', 'población', 'problema', 'deseo', 'usualmente', 'gran', 'impulsor', 'lucha', 'política', 'convierte', 'decepción', 'desánimo', 'concreta', 'tiempo', 'conduce', 'migración', 'adaptación']",Neutral,0,0,0
"['conversando', 'gibelli', 'viviana', 'onda', 'super', 'estación', 'hablar', 'horizontes', 'evento', 'horizontes', 'datanalisis']",Neutral,0,0,0
"['ratico', 'conversando', 'laureanomar\u2069', 'evento', 'horizontes', 'dos', 'perspectivas', 'realidad', 'datanalisis']",Neutral,0,0,0
"['lamento', 'partida', 'bellita', 'troconis', 'durán', 'vez', 'celebro', 'vida', 'larga', 'buena', 'plena', 'dedicada', 'educación', 'muchas', 'generaciones', 'tovareños', 'recordarán', 'afecto', 'agradecimiento', 'primos', 'lauri', 'edgad', 'abrazo', 'cariño']",Neutral,0,0,0
"['aunque', 'condiciones', 'acuerdos', 'humanitarios', 'básicos', 'parciales', 'necesidad', 'atender', 'pob', 'riesgo', 'lleva', 'solicitar', 'apoyo', 'acciones', 'unilaterales', 'orienten', 'vacunar', 'urgentemente', 'vzlanos', 'venga', 'venga', 'sumándolas', 'dividiéndolas']",Neutral,0,0,0
"['decisión', 'gob', 'atacar', 'nuevo', 'fedecamaras', 'romper', 'posibilidades', 'acuerdos', 'parciales', 'allá', 'desconfianza', 'mutua', 'puedan', 'ayudar', 'resolver', 'problemas', 'humanitarios', 'fundamentales', 'población', 'duda', 'decepcionante', 'negativa', 'país']",Neutral,0,0,0
"['listos', 'conversar', 'maría', 'isabel', 'parraga', 'laureanomar', 'onda', 'súper', 'estación', 'hablando', 'horizontes', 'evento', 'junio', 'pm', 'organizado', 'datanalisis\u2069', 'wtcvalencia', 'foropeps']",Neutral,0,0,0
"['hoy', 'am', 'laureanomar\u2069', '\u2066\u2066', 'luisvicenteleon\u2069', 'conversaremos', 'instagram', 'live', 'evento', 'horizontes', 'vemos', 'cuenta', 'ig', 'luisvleon']",Neutral,0,0,0
"['aquí', 'muestra', 'manipulación', 'imbecilidad', 'todas', 'anteriores']",Neutral,0,0,0
"['impresentable', 'triste', 'terrible', 'inhumano']",Neutral,0,0,0
"['claro', 'si', 'trata', 'solución', 'sino', 'buscando']",Neutral,0,0,0
"['si', 'posibilidad', 'teórica', 'empíricamente', 'cualquier', 'intervención', 'permita', 'empresas', 'cumplirán', 'funciones', 'productivas', 'mayoría', 'empresas', 'expropiadas', 'ahora', 'necesitan', 'privatizar']",Neutral,0,0,0
"['ustedes', 'precisamente', 'reto', 'importante', 'sociedad', 'posible', 'construir', 'país', 'si', 'podemos', 'ofrecer', 'jóvenes', 'futuro', 'digno', 'podemos', 'descansar', 'resolverlo']",Neutral,0,0,0
"['totalmente', 'articulista', 'opinión', 'oficio', 'ejerzo', 'hace', 'ańos', 'junto', 'profesor', 'encuestador', 'orgulloso', 'serlo', 'cambio', 'oficio', 'encanta', 'criticar']",Neutral,0,0,0
"['banca', 'procesos', 'sofisticados', 'manejo', 'dólar', 'efectivo', 'va', 'avanzado', 'posibilidad', 'retroceso', 'leyes', 'van', 'rezagadas', 'detrás', 'imparables']",Neutral,0,0,0
"['dios', 'quiera', 'si']",Neutral,0,0,0
"['totalmente', 'acuerdo']",Neutral,0,0,0
"['análisis', 'objetivo', 'racional', 'analista', 'privilegia', 'posición', 'política', 'deseos', 'encima', 'verdad', 'analista']",Neutral,0,0,0
"['posible', 'hacer', 'proyección', 'evolución', 'dólar', 'períodos', 'específicos', 'tiempo', 'solo', 'referencias', 'cualitativas', 'claro', 'límite', 'dólar', 'rescatar', 'confianza', 'cielo']",Neutral,0,0,0
"['preocupación', 'pensamos', 'error', 'basar', 'estrategia', 'presión', 'cambio', 'sanciones', 'generales', 'sido', 'decepcionantes', 'todas', 'partes', 'mundo', 'muestran', 'venezuela', 'trata', 'tema', 'ideológico', 'empírico', 'obvio']",Neutral,0,0,0
"['país', 'proceso', 'masificación', 'uso', 'transaccional', 'dólar', 'proceso', 'formal', 'dolarizacion', 'oficial', 'gobierno', 'quiere', 'puede', 'implementar', 'pues', 'sancionado']",Neutral,0,0,0
"['creo', 'cualquier', 'cosa', 'permita', 'masificación', 'vacunas', 'venezuela', 'lógica', 'necesaria', 'humana']",Neutral,0,0,0
"['venezuela', 'pulverizó', 'tres', 'cuartas', 'partes', 'pib', 'destrucción', 'importante', 'valor', 'historia', 'america', 'latina', 'periodo', 'tan', 'corto', 'guerra']",Neutral,0,0,0
"['creo', 'sinceramente', 'últimos', 'intentos', 'control', 'estrategias', 'tendientes', 'controlar', 'voces', 'radicales', 'internas', 'chavismo', 'regresar', 'estrategia', 'intensa', 'control', 'gobierno', 'reconoce', 'sido', 'inútil', 'inadecuada', 'contraproducente']",Neutral,0,0,0
"['relación', 'nunca', 'cumplió', 'recurso', 'discursivo', 'populista', 'tantos', 'venezuela']",Neutral,0,0,0
"['entendiendo', 'nadie', 'va', 'sacar', 'afuera']",Neutral,0,0,0
"['agudización', 'pandemia', 'venezuela', 'nuevos', 'intentos', 'inaplicables', 'distorsionantes', 'control', 'estatal', 'precios', 'obligado', 'recalcular', 'mayoría', 'proyecciones', 'pib', 'negativo', 'aún', 'sectores', 'puedan', 'flotar']",Neutral,0,0,0
"['utilizar', 'insultos', 'calificar', 'actores', 'políticos', 'argumentos', 'serios', 'descalifica', 'insultas', 'independientemente', 'uses']",Neutral,0,0,0
"['lamentablemente', 'venezuela', 'gran', 'debilidad', 'institucional', 'hace', 'instituciones', 'responda', 'revolución', 'constitución', 'reto', 'complejo', 'reconstrucción', 'venezuela', 'independientemente', 'quién', 'aborde']",Neutral,0,0,0
"['economía', 'alta', 'incertidumbre', 'clave', 'análisis', 'entorno', 'construir', 'escenarios', 'prepararse', 'diferentes', 'opciones', 'futuras', 'técnica', 'uso', 'común', 'aunque', 'compleja', 'siempre', 'subjetiva']",Neutral,0,0,0
"['oposición', 'inteligente', 'preocupada', 'país', 'representa', 'población', 'heterogénea', 'diferentes', 'formas', 'pensar', 'trata', 'buenos', 'malos', 'sino', 'diferencias', 'visión', 'unidad', 'necesaria', 'pensamiento', 'autocracia', 'reglas', 'juego', 'decidir']",Neutral,0,0,0
"['usaré', 'minutos', 'complementar', 'sesión', 'preguntas', 'respuestas', 'antier', 'pues', 'quedaron', 'muchas', 'pendientes', 'tintero']",Neutral,0,0,0
"['bolívar', 'perdió', 'funciones', 'moneda', 'gob', 'intenta', 'mantenerlo', 'vivo', 'presionando', 'uso', 'logra', 'multiplicar', 'encarecer', 'operaciones', 'cambio', 'bs', 'proteger', 'patrimonios', 'operación', 'natural', 'divisas', 'seguiría', 'siéndolo', 'futuro']",Neutral,0,0,0
"['forma', 'crecimiento', 'pandemia', 'venezuela', 'impacto', 'aún', 'peor', 'evolución', 'económica', 'país', 'lamentablemente', 'fenómeno', 'mundial', 'venezuela', 'podría', 'ser', 'difícil', 'debilidad', 'economia', 'recibe', 'tardía', 'primera', 'ola', 'local']",Neutral,0,0,0
"['creo', 'problema', 'twitter', 'session', 'respuestas', 'normalmente', 'muchas', 'ocasiones', 'especiales']",Neutral,0,0,0
"['diésel', 'producto', 'homogéneo', 'sirve', 'diésel', 'alto', 'bajo', 'sulfuro', 'usos', 'distintos', 'vzla', 'produce', 'ahora', 'sólo', 'alto', 'sulfuro', 'insuficiente', 'incluso', 'demanda', 'interna', 'importaciones', 'difícil', 'garantizar', 'equilibrios']",Neutral,0,0,0
"['condiciones', 'relevantes', 'hacer', 'elección', 'instrumento', 'lucha', 'suficiente', 'necesita', 'población', 'confíe', 'oposición', 'capaz', 'defender', 'vote', 'provocar', 'presiones', 'necesarias', 'respete']",Neutral,0,0,0
"['hiperinflacionario', 'activa', 'imposible', 'evitar', 'incrementos', 'nominales', 'liquidez', 'supuesto', 'permiten', 'subida', 'tipo', 'cambio', 'devaluación', 'proceso', 'depreciación', 'moneda', 'pérdida', 'confianza', 'valor', 'ocurre', 'liquidez']",Neutral,0,0,0
"['nadie', 'va', 'producir', 'cambio', 'gobierno', 'venezuela', 'exterior', 'procesos', 'modernos', 'cambio', 'transición', 'producen', 'internamente', 'apoyo', 'internacional', 'necesario', 'suficiente']",Neutral,0,0,0
"['creo', 'proyecto', 'fedecamaras', 'racional', 'humano', 'eficiente', 'obviamente', 'costos', 'elevados', 'puede', 'contar', 'soportes', 'financieros', 'privados', 'internacionales', 'humanitarios']",Neutral,0,0,0
"['apertura', 'facto', 'mercado', 'cambiario', 'precios', 'generó', 'estímulos', 'actividades', 'podríamos', 'llamar', 'ganadoras', 'embargo', 'recrudecimiento', 'pandemia', 'intentos', 'oficiales', 'recientes', 'control', 'vuelven', 'reducir', 'expectativas', 'mejora']",Neutral,0,0,0
"['distinto', 'visto', 'años', 'vzla', 'allá', 'debate', 'filosófico”', 'sanciones', 'generales', 'personales', 'debilitado', 'presionado', 'gob', 'negociar', 'abandonar', 'poder', 'aunque', 'si', 'deteriorado', 'aún', 'vida', 'pob', 'clásico', 'previsible']",Neutral,0,0,0
"['cifras', 'covid', 'vzla', 'mundo', 'dependientes', 'número', 'pruebas', 'número', 'real', 'casos', 'vzla', 'sistema', 'pruebas', 'masivas', 'pacientes', 'sintomáticos', 'asintomáticos', 'estadística', 'reflejan', 'realidad', 'problema', 'obvio', 'desbordado']",Neutral,0,0,0
"['impedir', 'entrada', 'vacunas', 'aztrazeneca', 'política', 'impresentable', 'inhumana', 'probablemente', 'expectativa', 'gubernamental', 'sustitución', 'vacunas', 'esperan', 'introducir', 'vinculadas', 'gob', 'oposición', 'final', 'espera', 'entrada', 'aunque', 'tardía', 'lenta']",Neutral,0,0,0
"['tipo', 'cambio', 'refleja', 'precio', 'dispuesto', 'pagar', 'comprar', 'garanticen', 'patrimonio', 'capacidad', 'compra', 'si', 'confianza', 'bs', 'inflación', 'imparable', 'casi', 'vzla', 'forma', 'devaluación', 'detenga', 'día', 'laboral', 'feriado']",Neutral,0,0,0
"['minutos', 'sesión', 'preguntas', 'respuestas', 'comenzando', 'inmediato']",Neutral,0,0,0
"['felices', 'pascuas', 'próximo', 'año', 'podamos', 'celebrarlas', 'familia', 'ampliada', 'misas', 'cálidas', 'multitudinarias', 'calle', 'montaña', 'playa', 'llano', 'aprovechando', 'tierra', 'historia', 'pasa', 'ayudarlo', 'pasar']",Neutral,0,0,0
"['quiero', 'enviar', 'toda', 'solidaridad', 'cariño', 'amiga', 'andreina', 'niño', 'momento', 'tan', 'doloroso', 'difícil', 'representa', 'fallecimiento', 'mamá', 'olga', 'niño', 'hermano', 'humberto', 'josé', 'niño', 'víctimas', 'pandemia', 'recrudece', 'manera', 'exponencial', 'país']",Neutral,0,0,0
"['quiero', 'enviar', 'compañero', 'colega', 'alumno', 'amigo', 'francisco', 'allen', 'toda', 'familia', 'palabras', 'condolencias', 'fallecimiento', 'padre', 'francisco', 'allen', 'dios', 'ayude', 'superar', 'tristeza', 'momento', 'tan', 'difícil', 'injusto']",Neutral,0,0,0
"['petare', 'pregúntale', 'manipuladores', 'hicieron', 'creer', 'dimos', 'datos', 'absurdos']",Neutral,0,0,0
"['monickred', 'dato', 'falso', 'acerca', 'información', 'nacional', 'manipuladores', 'ponen', 'precisamente', 'generar', 'confusión', 'clásico', 'fake', 'news']",Neutral,0,0,0
"['krlozgalindz', 'empieza', 'averiguar', 'dónde', 'dimos', 'semejante', 'dato', 'encuentres', 'ninguna', 'fuente', 'des', 'cuenta', 'engañaron', 'vuelves', 'escribir']",Neutral,0,0,0
"['cicerncatilina', 'dato', 'falso', 'nunca', 'dado', 'información', 'nonse', 'parece', 'cálculos', 'muestra', 'fake', 'news', 'gente', 'manipulada', 'hatersl', 'profesionales', 'solo', 'quieren', 'crear', 'confusión', 'rabia']",Neutral,0,0,0
"['juanuzc', 'si', 'gustan', 'estadísticas', 'diría', 'mayoría', 'casos', 'producen', 'cambios', 'total', 'producen', 'negociados', 'salidas', 'radicales']",Neutral,0,0,0
"['abel', 'mp', 'cambiando']",Neutral,0,0,0
"['robertomonagas', 'así', 'trabajo', 'evitarlo', 'toda', 'costa']",Neutral,0,0,0
"['bellofer', 'claro', 'entiende', 'único', 'pueden', 'ver', 'realidad', 'compleja', 'linealpensantes']",Neutral,0,0,0
"['lucha', 'cambio', 'clave', 'entender', 'significa', 'buscar', 'perfección', 'pues', 'perspectiva', 'decía', 'adelman', 'consecuencias', 'terribles', 'sido', 'causa', 'grandes', 'guerras', 'revoluciones', 'golpes', 'supusieron', 'carnicerías', 'humanas']",Neutral,0,0,0
"['¿pueden', 'producirse', 'cambios', 'vzla', 'claro', 'si', 'trata', 'discursos', 'delirantes', 'amenazas', 'increíbles', 'absurdas', 'llamadas', 'suicidio', 'colectivo', 'sino', 'decisiones', 'inteligentes', 'articular', 'lucha', 'política', 'interna', 'sustituto', 'ninguna', 'parte', 'mundo']",Neutral,0,0,0
"['importa', 'extremistas', 'griten', 'duro', 'activen', 'mercenarios', 'hoy', 'convertidos', 'policías', 'políticos', 'bárbaros', 'haters”', 'internet', 'posibilidad', 'éxito', 'construir', 'condiciones', 'obliguen', 'partes', 'lograr', 'acuerdos', 'políticos', 'llama', 'presión']",Neutral,0,0,0
"['análisis', 'entorno', 'país', 'buscar', 'desesperadamente', 'ser', 'simpático', 'condescendiente', 'artificialmente', 'esperanzador', 'desmotivante', 'único', 'ser', 'cierto', 'certero']",Neutral,0,0,0
"['recordé', 'reflexion', 'albert', 'hirshman', 'uso', 'clases', 'análisis', 'entorno', 'oído', 'años', 'privilegian', 'argumentos', 'dejan', 'sociedades', 'delirantes', 'expectativas', 'imposibles', 'desesperanzadas', 'seguras', 'derrotas”']",Neutral,0,0,0
"['conversación', 'alumni”', 'giró', 'alrededor', 'marca', 'actividad', 'análisis', 'entorno', 'funciona', 'máxima', 'complacer”', 'cliente', 'perspectiva', 'decir', 'popular', 'deseado', 'gratificante', 'esperado', 'menos', 'verdad”']",Neutral,0,0,0
"['aunque', 'hoy', 'colegas', 'carreras', 'académicas', 'espectaculares', 'mejores', 'universidades', 'mundo', 'posible', 'romper', 'relación', 'alumno', 'profesor', 'interés', 'centraba', 'experiencias', 'aprendizajes', 'éxitos', 'fracasos', 'ver', 'fotos', 'actuales']",Neutral,0,0,0
"['primer', 'reto', 'conversar', 'ex', 'alumnos', 'evitar', 'coyuntural', 'críticas', 'lamentos', 'funcionado', 'rescatar', 'equilibrios', 'bienestar', 'país', 'concentrarnos', 'analizar', 'alternativas', 'futuro', 'abandonen', 'pasiones', 'cambio', 'racional']",Neutral,0,0,0
"['quiero', 'agradecer', 'grupo', 'alumni', 'ex', 'alumnos', 'universidades', 'venezuela', 'españa', 'méxico', 'invitación', 'pensar', 'venezuela', 'enormes', 'retos', 'frente', 'siempre', 'rico', 'comentarios', 'ideas', 'siempre', 'frescas', 'inteligentes']",Neutral,0,0,0
"['lujo', 'compartir', 'nuevo', 'laureanomar\u2069', 'analizar', 'país', 'dos', 'perspectivas', 'puedes', 'perder', 'datanalisis\u2069', 'wtcvalencia\u2069', 'foropeps']",Neutral,0,0,0
"['lejos', 'visión', 'miope', 'plantea', 'acuerdos', 'políticos', 'garantizar', 'vida', 'evitar', 'destrucción', 'cesión', 'enemigo', 'acción', 'coloca', 'oposición', 'lado', 'gente', 'cabeza', 'búsqueda', 'soluciones', 'concretas', 'ceder', 'lucha', 'cambio']",Neutral,0,0,0
"['oposición', 'dio', 'paso', 'gigante', 'solicitar', 'liberación', 'recursos', 'congelados', 'compra', 'vacunas', 'pesar', 'implementación', 'local', 'exigía', 'acuerdos', 'maduro', 'significa', 'reconocen', 'legitimidad', 'sino', 'derecho', 'vida', 'venezolanos']",Neutral,0,0,0
"['gran', 'noticia', 'acuerdo', 'permite', 'compra', 'vacunas', 'venezuela', 'busca', 'atender', 'fondo', 'crisis', 'momentos', 'hace', 'pico', 'estragos', 'población', 'demostración', 'madurez', 'política', 'pone', 'vida', 'gente', 'primer', 'lugar', 'debe', 'ser']",Neutral,0,0,0
"['regresar', 'estrategia', 'control', 'precios', 'restricción', 'cambiaría', 'tan', 'contraproducente', 'vale', 'pena', 'hilo', 'explicación', 'tema', 'pues', 'incluso', 'intenta', 'sabe', 'servirá', 'construir', 'cortina', 'humo', 'absurdo', 'sino', 'siguiente']",Neutral,0,0,0
"['minutos', 'conversando', 'oportunidades', 'retos', 'sector', 'empresarial', 'pandemia', 'live', 'instagram', 'luisvleon\u2069', 'patrocinado', 'lm', 'logística', 'vemos', 'ahí']",Neutral,0,0,0
"['allá', 'debate', 'responsabilidades', 'culpas', 'importante', 'ambiente', 'político', 'historia', 'momento', 'relevante', 'explicar', 'población', 'cómo', 'puede', 'masificar', 'único', 'resolverá', 'tema', 'vacunación', 'posible', 'acuerdos', 'nacionales', 'urgentes']",Neutral,0,0,0
"['luego', 'año', 'enfermedad', 'variantes', 'contaminantes', 'país', 'covid', 'hace', 'pico', 'ocupaciones', 'visibles', 'camas', 'terapias', 'intensivas', 'hospitales', 'clínicas', 'muestra', 'cualquier', 'estadística', 'imperfecta', 'peligro', 'severo', 'debemos', 'actuar']",Neutral,0,0,0
"['debido', 'aislamiento', 'natural', 'vzla', 'penetración', 'covid', 'menor', 'resto', 'vecinos', 'debajo', 'europa', 'usa', 'vendió', 'éxito', 'gestión', 'realidad', 'efecto', 'secundario', 'quizás', 'único', 'bueno', 'crisis', 'situación', 'acabó']",Neutral,0,0,0
"['sevecost', 'estimado', 'aquí', 'pide', 'efectivo', 'comerciante', 'venesuela', 'producen', 'dólares', 'traen', 'desordenadamente', 'acuerdos', 'emisor', 'imposible', 'planificarlo']",Neutral,0,0,0
"['banca', 'reaccionando', 'ofrecer', 'soporte', 'tecnológico', 'productos', 'permitan', 'llenar', 'vacío', 'bs', 'efectivo', 'vuelto', 'pagos', 'virtuales', 'doble', 'vía', 'custodia', 'débitos', 'bs', 'respaldados', 'custodias', 'banplusonline', 'ejemplo', 'desarrollos']",Neutral,0,0,0
"['comercio', 'hace', 'esfuerzos', 'claves', 'adaptarse', 'situación', 'dolarización', 'desordenada', 'lejos', 'ser', 'criticable', 'sido', 'mecanismo', 'apoyo', 'actividad', 'econ', 'abastecimiento', 'población', 'claro', 'enfrenta', 'barreras', 'aún', 'tratando', 'resolver']",Neutral,0,0,0
"['billete', 'millón', 'bs', 'aún', 'circula', 'masivamente', 'hoy', 'vale', 'cts', 'dos', 'meses', 'valdrá', 'menos', 'monedita', 'solución', 'vuelto', 'estabilizar', 'bs', 'tener', 'dolarización', 'formal', 'ser', 'tecnológica', 'través', 'banca']",Neutral,0,0,0
"['opción', 'dar', 'vuelto', 'bs', 'efectivo', 'aunque', 'compra', 'dólares', 'viable', 'mientras', 'cono', 'monetario', 'restringido', 'volumen', 'billetes', 'valor', 'real', 'mismos', 'incluso', 'ahora', 'billete', 'millón', 'bs', 'equivale', 'apenas', 'moneda', 'centavos', 'amp']",Neutral,0,0,0
"['suficientes', 'billetes', 'baja', 'denominación', 'monedas', 'imposible', 'garantizar', 'comercios', 'dispongan', 'vueltos', 'exactos', 'limitación', 'técnica', 'obvia', 'externas', 'comerciantes', 'bien', 'hacen', 'esfuerzos', 'gigantes', 'mantener', 'operaciones']",Neutral,0,0,0
"['efectivos', 'entran', 'vzla', 'provienen', 'acuerdo', 'reserva', 'federal', 'sino', 'operaciones', 'entran', 'desordenadamente', 'circulación', 'monedas', 'puede', 'entonces', 'planificar', 'disponibilidad', 'efectivo', 'realizar', 'operaciones', 'completas', 'dar', 'vuelto', 'exacto']",Neutral,0,0,0
"['entiendo', 'paga', 'divisas', 'ofrecen', 'vuelto', 'exacto', 'moleste', 'importante', 'entender', 'debe', 'comerciantes', 'sino', 'déficit', 'monedas', 'billetes', 'pues', 'dolarización', 'informal', 'desordenada', 'efectivo', 'bs', 'suficiente', 'compensar']",Neutral,0,0,0
"['gatoxxx', 'jajaja', 'guao', 'revolucionario', 'venezuela', 'destruida', 'pulverizado', 'pib', 'primitivizada', 'agua', 'luz', 'diciendo', 'puede', 'vivir', 'así', 'tiempo', 'equivocado', 'enmarcarlo']",Neutral,0,0,0
"['apyme', 'estimado', 'henry', 'sanciones', 'gobierno', 'privados', 'importan', 'productos', 'bodegones', 'absolutamente', 'ver', 'cosa']",Neutral,0,0,0
"['nikita', 'cimbalas', 'jenbarretoleyva', 'problema', 'memoria', 'grave', 'nunca', 'presentado', 'marcel', 'datanálisis', 'accionista', 'cierto', 'tampoco', 'presentado', 'auditorium', 'santa', 'maria', 'nunca']",Neutral,0,0,0
"['gatoxxx', 'invito', 'oírlo', 'cambia', 'canal', 'contrario', 'problema', 'llama', 'masoquismo']",Neutral,0,0,0
"['gusgararq', 'pepeclavijoa', 'jajaja', 'analisis', 'tan', 'sofisticado', 'menos', 'mal', 'estudiaste', 'arquitectura', 'ciencias', 'políticas', 'raspan', 'curso']",Neutral,0,0,0
"['placer', 'compartir', 'partner', 'laureanomar\u2069', 'evaluar', 'realidad', 'vzlana', 'dos', 'perspectivas', 'común', 'transmitiremos', 'casa', 'teatro', 'auditorium', 'esperamos', 'datanalisis\u2069', 'wtcvalencia\u2069', 'foropeps']",Neutral,0,0,0
"['comunicado', 'cámara', 'transporte', 'centro', 'catracentro', 'alerta', 'riego', 'humanitario', 'corremos', 'frente', 'desabastecimiento', 'racionamiento', 'creación', 'mercados', 'negros', 'diesel', 'vzla', 'drama', 'ocurriendo', 'momento']",Neutral,0,0,0
"['ahora', 'une', 'problema', 'diesel', 'transporte', 'pasajeros', 'afectado', 'escasez']",Neutral,0,0,0
"['si', 'prohibe', 'importación', 'diesel', 'través', 'swap', 'petróleo', 'genera', 'colapso', 'abastecimiento', 'mayor', 'control', 'gob', 'asignación', 'cuotas', 'monetización', 'petróleo', 'liberan', 'dolarización', 'diesel', 'interno', 'ahora', 'cobra', 'regalo', 'lacito', 'maduro']",Neutral,0,0,0
"['cámara', 'transporte', 'centro', 'catracentro', 'envío', 'comunicado', 'oficial', 'levanta', 'alarmas', 'indica', 'racionamiento', 'diesel', 'genera', 'discrecionalidad', 'entregas', 'mercado', 'negro', 'paralización', 'amenaza', 'distribución', 'alimentos', 'medicinas', 'plena', 'pandemia']",Neutral,0,0,0
"['fedeagro', 'manifiesta', 'continuar', 'crisis', 'abastecimiento', 'diésel', 'sector', 'condenado', 'muerte', 'súbita”']",Neutral,0,0,0
"['sector', 'agroindustrial', 'enfrenta', 'problemas', 'críticos', 'falta', 'diesel', 'venezuela']",Neutral,0,0,0
"['estima', 'cada', 'camiones', 'transportan', 'alimentos', 'parados', 'falta', 'diésel']",Neutral,0,0,0
"['encontramos', 'industria', 'venezolana', 'afectada', 'abastecimiento', 'diésel', 'fundamental', 'operaciones', 'producción', 'distribución']",Neutral,0,0,0
"['hacemos', 'paneo', 'situación', 'diésel', 'venezuela', 'mirando', 'medios', 'nacionales', 'internacionales', '¿qué', 'encontramos', 'transportistas', 'desesperados', 'diésel', 'gasoil']",Neutral,0,0,0
"['basta', 'mirar', 'estaciones', 'servicio', 'país', 'largas', 'colas', 'camiones', 'transporte', 'alimentos', 'medicinas', 'varados', 'falta', 'diésel', 'espeluznarse', 'significa', 'gob', 'sino', 'población', 'inocente', 've', 'amenazada', 'vida']",Neutral,0,0,0
"['noviembre', 'expresamos', 'preocupación', 'crisis', 'abastecimiento', 'diésel', 'lucía', 'inevitable', 'insuficiencia', 'producción', 'local', 'calidad', 'prohibición', 'importación', 'diésel', 'reduce', 'dramáticamente', 'disponibilidad', 'realidad', 'alcanzó']",Neutral,0,0,0
"['cesarsaval', 'necesitas', 'billetes', 'equivalentes', 'dólares', 'efectivo', 'realmente', 'mecanismo', 'pago', 'masivo', 'emisión', 'billetes', 'valor', 'ser', 'gigante', 'llenar', 'demanda', 'valor', 'pierde', 'semanas', 'necesitarías']",Neutral,0,0,0
"['jimeaje', 'coye', 'bueno', 'dile', 'vaya', 'dar', 'clases', 'universidad', 'directo']",Neutral,0,0,0
"['nuevos', 'billetes', 'alta”', 'denominación', 'dólar', 'mayor', 'resuelven', 'inflación', 'escasez', 'efectivo', 'problema', 'maquinas', 'facturas', 'ceros', 'recuperar', 'confianza', 'sirve', 'pagar', 'transporte', 'dar', 'vueltos', 'si', 'ratico']",Neutral,0,0,0
"['rockola', 'rlozinski', 'circuitoexitos']",Neutral,0,0,0
"['listos', 'comenzar', 'participación', 'rockola', 'rlozinski', 'circuitoexitos']",Neutral,0,0,0
"['vzla', 'sólo', 'dos', 'instituciones', 'logran', 'altos', 'niveles', 'aprobación', 'confianza', 'población', 'iglesia', 'católica', 'empresarios', 'líderes', 'políticos', 'partidos', 'políticos', 'instituciones', 'poder', 'todas', 'tendencias', 'ubican', 'debajo']",Neutral,0,0,0
"['expulsión', 'embajadora', 'europea', 'aleja', 'solución', 'problema', 'menos', 'posibilidades', 'negociación', 'menos', 'interlocutores', 'válidos', 'menos', 'probable', 'ayuda', 'humanitaria', 'menos', 'posibilidades', 'cambio', 'interno', 'desastre', 'mire']",Neutral,0,0,0
"['expulsar', 'embajadora', 'unión', 'europea', 'decisión', 'dirigida', 'públicos', 'internos', 'élite', 'chavista', 'nivel', 'nacional', 'inmadura', 'impopular', 'aleja', 'cualquier', 'solución', 'negociada', 'condenándonos', 'aislamiento', 'primitivización']",Neutral,0,0,0
"['dicen', 'futuro', 'vzlanos', 'desastroso', 'cambios', 'politicos', 'cierto', 'vale', 'pena', 'garantizar', 'abastecimiento', 'enviarles', 'ayuda', 'humanitaria', 'decir', 'enfermo', 'grave', 'mejor', 'dejarlo', 'morir', 'atenderlo', 'medicarlo', 'acompañarlo']",Neutral,0,0,0
"['máximo', 'podemos', 'esperar', 'cambios', 'estructurales', 'reinstitucionalicen', 'país', 'parches', 'apertura', 'ayuda', 'humanitaria', 'reduzcan', 'peores', 'impactos', 'mantener', 'empresas', 'sobreviviendo”', 'población', 'subsistiendo”', 'nunca', 'creciendo', 'construyendo', 'bienestar']",Neutral,0,0,0
"['posible', 'rescatar', 'equilibrios', 'econ', 'recatar', 'confianza', 'pues', 'base', 'valor', 'moneda', 'decisiones', 'inversión', 'fijación', 'tasas', 'mínimas', 'requeridas', 'rendimiento', 'confianza', 'rescata', 'instituciones', 'serias', 'bien', 'escaso', 'vzla']",Neutral,0,0,0
"['fprego', 'llegar', 'gente', 'vacunas', 'pesar', 'maduro', 'ejemplo']",Neutral,0,0,0
"['pedro', 'telleria', 'gracias']",Neutral,0,0,0
"['meetandpotatoes', 'razón', 'hacerte', 'grafico']",Neutral,0,0,0
"['joselaurencios', 'verdad', 'importa', 'comino', 'piensen', 'gafos', 'importante', 'gente', 'racional', 'entienda', 'problema']",Neutral,0,0,0
"['crperezalfaro', 'parecer', 'viven', 'venezuela', 'piensan', 'sanciones', 'sólo', 'afectan', 'maduro', 'análisis', 'profundo', 'realidad']",Neutral,0,0,0
"['eduardo', 'hz', 'necesitas', 'cursar', 'materia', 'urgente', 'interpretación', 'politica', 'luego', 'vuelves', 'analizar', 'discutimos']",Neutral,0,0,0
"['oscarcito', 'mundo']",Neutral,0,0,0
"['guillent', 'desastre']",Neutral,0,0,0
"['phill', 'razón', 'pasado', 'década', 'sanciones', 'peor']",Neutral,0,0,0
"['luis', 'ayudar', 'maten', 'da', 'doble', 'vacunas', 'pueblo', 'pesar', 'maduro', 'interesante', 'interpretación']",Neutral,0,0,0
"['edinsoncamba', 'parece', 'entendiste']",Neutral,0,0,0
"['abogadorios', 'comiste', 'pedazo', 'cita', 'ora', 'jamás', 'ahora', 'vuelve', 'analizarlo', 'darás', 'cuenta', 'mismo', 'dale', 'si', 'puedes']",Neutral,0,0,0
"['herreramerys', 'ah', 'clarisimo', 'pedimos', 'jack', 'destripador', 'proteja', 'chicas', 'barrio', 'brillante']",Neutral,0,0,0
"['saul', 'parece', 'mientras', 'esperanza', 'mañana', 'suficiente', 'gente', 'proteja', 'hoy', 'coronavirus', 'ejemplo']",Neutral,0,0,0
"['sergio', 'oportunidades', 'seguir', 'poder', 'oportunidades', 'saquen', 'sacado', 'oportunidad', 'empobrecer', 'empobrecieron']",Neutral,0,0,0
"['alfenafe', 'dicho', 'maravilla', 'ahora', 'si', 'dices', 'sanciones', 'empeorado', 'dime', 'mejorarle', 'vida', 'aunque', 'sacaran', 'maduro']",Neutral,0,0,0
"['giorpin', 'bajo', 'tesis', 'entonces', 'respuesta', 'dejar', 'gente', 'sometida', 'muera', 'mientras', 'posible', 'vaya', 'evidentemente', 'pasado', 'años', 'ninguna', 'probabilidad', 'éxito', '¿esa', 'propuesta']",Neutral,0,0,0
"['luisdesanmartin', 'quién', 'hablando', 'normalizar', 'hablando', 'ayuda', 'humanitaria', 'población', 'peligro', 'maniqueísmo', 'pusiste']",Neutral,0,0,0
"['slbunny', 'hugosuarezm', 'buena', 'interpretación']",Neutral,0,0,0
"['abel', 'mp', 'alegro', 'estes', 'bienvenido', 'luchamos', 'pensar', 'igual', 'si', 'tener', 'derecho', 'pensar', 'cómo', 'quieras']",Neutral,0,0,0
"['mrbrightside', 'abrahan', 'bicho', 'tan', 'gafo']",Neutral,0,0,0
"['marinie', 'gracias']",Neutral,0,0,0
"['ledezma', 'jose', 'importa', 'hijos', 'adolescentes', 'lonque', 'sognifica', 'machacar', 'algún', 'momento', 'entenderán']",Neutral,0,0,0
"['jean', 'mil', 'gracias']",Neutral,0,0,0
"['meching', 'gracias']",Neutral,0,0,0
"['dawidaniel', 'solidaridad', 'cambios', 'demás', 'intereses']",Neutral,0,0,0
"['lenceantonio', 'ah', 'exacto', 'si', 'madre', 'enfermedad', 'grave', 'va', 'morir', 'entonces', 'damos', 'medicinas', 'atendemos', 'brillante', 'análisis']",Neutral,0,0,0
"['frank', 'silva', 'negociación', 'gente', 'vacuna', 'maduro', 'gana', 'interesante', 'interpretación']",Neutral,0,0,0
"['venezuelansaudi', 'gracias', 'aunque', 'verdad', 'espero', 'muchas', 'acuerdo', 'democracia', 'consenso', 'sino', 'diferencias', 'derechos', 'pensar', 'diferente']",Neutral,0,0,0
"['cadenasoctavio', 'dicho', 'irá', 'jamas', 'ahora', 'estrategias', 'sanciones', 'poniendo', 'peligro', 'gente', 'inocente', 'claro', 'va', 'puedes', 'ver', 'cuba', 'corta', 'zimbabue', 'irán']",Neutral,0,0,0
"['cuadrivio', 'exactamente']",Neutral,0,0,0
"['jorvintreyes', 'seguramente', 'número', 'neuronas']",Neutral,0,0,0
"['oskrzerpa', 'mucha', 'gen', 'ayuda', 'convertir', 'tema', 'humanitario', 'asunto', 'político', 'grave', 'equivocación', 'terrible', 'dilema', 'moral']",Neutral,0,0,0
"['marcosemora', '¿y', 'cómo', 'va', 'ayudamos', 'gen', 'vivir', 'pesar']",Neutral,0,0,0
"['eleazarengifo', 'mejor', '¿que', 'va', 'muera', 'gente', 'riesgo', 'vacunas']",Neutral,0,0,0
"['ofrecerte', 'ayuda', 'si', 'maduro', 'va', 'dejarte', 'morir', 'si', 'queda', 'sabiendo', 'además', 'irá', 'jamás', 'tampoco', 'importa', 'verdad', '¿te', 'parece', 'humanitario', 'parece', 'barbaridad']",Neutral,0,0,0
"['gobierno', 'venezolano', 'dejado', 'llegar', 'punto', 'vergonzoso', 'enfermedad', 'haber', 'actuado', 'garantizar', 'proceso', 'masivo', 'vacunación', 'solo', 'refuerza', 'sido', 'sorprendente', 'demás', 'dejen', 'manos', 'solución', 'problema']",Neutral,0,0,0
"['vacunación', 'vida', 'muerte', 'muchas', 'personas', 'asunto', 'humanitario', 'puede', 'debe', 'condicionarse', 'negociaciones', 'políticas', 'equivalente', 'usar', 'vida', 'inocentes', 'ficha', 'canje', 'acción', 'posría', 'llamarse', 'cualquier', 'forma', 'menos', 'humanitaria']",Neutral,0,0,0
"['vzla', 'penetración', 'covid', 'inferior', 'latam', 'allá', 'datos', 'oficiales', 'cuestionables”', 'registraron', 'crisis', 'hospitalarias', 'graves', 'inocultables', 'razón', 'aislamiento', 'mundo', 'vacuna', 'vzla', 'queda', 'desvalida', 'comparación', 'dramática']",Neutral,0,0,0
"['siempre', 'placer', 'conversar', 'luisolavarrieta', 'siempre', 'creativo', 'inteligente', 'profundo', 'vez', 'analizando', 'estrategia', 'empresas', 'pandemia']",Neutral,0,0,0
"['crisis', 'devasta', 'vzla', 'origina', 'modelo', 'primitivo', 'hostil', 'pulverizó', 'confianza', 'inversiones', 'instituciones', 'derechos', 'políticos', 'sanciones', 'resuelven', 'crisis', 'amplifican', 'inútilmente', 'problemas', 'absurdo', 'achacarles', 'raíz', 'problema']",Neutral,0,0,0
"['placer', 'compartir', 'informacion', 'análisis', 'diferentes', 'opiniones', 'conferencistas', 'tan', 'preparados', 'mariana', 'afectados', 'directamente', 'marien', 'sensibles', 'miguel', 'reestablecimiento', 'importaciones', 'diesel', 'fundamental', 'evitar', 'mayores', 'costos', 'humanitarios']",Neutral,0,0,0
"['pleasure', 'to', 'share', 'with', 'marianna', 'parraga', 'reuters', 'marien', 'vielma', 'chamber', 'of', 'transport', 'of', 'the', 'center', 'and', 'miguel', 'pizarro', 'to', 'talk', 'about', 'the', 'diesel', 'ban', 'to', 'venezuela', 'organized', 'by', 'washington', 'on', 'latin', 'america', 'wola']",Neutral,0,0,0
"['mañana', 'hora', 'caracas', 'conversación', 'interesante', 'impacto', 'económico', 'político', 'opinión', 'pública', 'prohibición', 'importación', 'diésel', 'venezuela']",Neutral,0,0,0
"['listos', 'pata', 'conversar', 'tumundobbc', 'futuro', 'crisis', 'venezuela']",Neutral,0,0,0
"['tarde', 'compartir', 'hijos', 'imperdible']",Neutral,0,0,0
"['siempre', 'gusto', 'compartir', 'amigos', 'visión', 'país']",Neutral,0,0,0
"['país', 'libre', 'establecer', 'mecanismos', 'migratorios', 'temas', 'humanitarios', 'distintos', 'supongo', 'tantos', 'chilenos', 'buenos', 'vivieron', 'trabajaron', 'criaron', 'hijos', 'vzla', 'huyendo', 'terror', 'acuerdo', 'repeler', 'militarmente', 'gente', 'vulnerable', 'frontera']",Neutral,0,0,0
"['debemos', 'agradecer', 'colombia', 'decisión', 'dar', 'vzlanos', 'país', 'estatus', 'legal', 'fundamental', 'viven', 'drama', 'vida', 'tener', 'salir', 'propio', 'país', 'distinto', 'vemos', 'frontera', 'chilena', 'deportando', 'personas', 'buscan', 'sobrevivir']",Neutral,0,0,0
"['país', 'mundo', 'crisis', 'palabra', 'clave', 'humanitario”', 'debe', 'encima', 'cálculos', 'políticos', 'trata', 'ética', 'sensibilidad', 'moral', 'si', 'basta', 'quizás', 'vela', 'pena', 'recordar', 'historia', 'necesidad', 'reciprocidad']",Neutral,0,0,0
"['discutiremos', 'viernes', 'amigos', 'washington', 'on', 'latin', 'america', 'wola', 'impactos', 'prohibición', 'importación', 'diésel', 'venezuela', 'placer', 'compartir', 'marianna', 'parraga', 'reuters', 'marien', 'vielma', 'cámara', 'transporte', 'miguel', 'pizarro']",Neutral,0,0,0
"['tiovervain', 'negocias', 'secuestro', '¿con', 'beato', 'iglesia']",Neutral,0,0,0
"['regnaulttineo', 'si', 'negocias', 'monjitas', 'cole']",Neutral,0,0,0
"['¿qué', 'decimos', 'niño', 'cancer', 'espere', 'saquemos', 'maduro', 'poder', 'tiempo', 'indeterminado', 'incierto', 'juzgar', 'resultados', 'poder', 'producir', 'traer', 'distribuir', 'medicinas', 'necesita', 'vivir', '¿o', 'dejamos', 'manos', 'hace']",Neutral,0,0,0
"['buscar', 'soluciones', 'problemas', 'operativos', 'sector', 'privado', 'garantizar', 'abastecimiento', 'alimentos', 'medicinas', 'servicios', 'responsabilidad', 'social', 'humanitaria', 'sólo', 'puede', 'negociar', 'controla', 'territorio', 'abstracciones']",Neutral,0,0,0
"['natural', 'sector', 'privado', 'manteniendo', 'crítica', 'terribles', 'condiciones', 'derechos', 'políticos', 'contactos', 'gob', 'control', 'territorial', 'garantizar', 'millones', 'vzlanos', 'vzla', 'comida', 'medicinas', 'servicios', 'lvl', 'shirleyvarnagy']",Neutral,0,0,0
"['duda', 'buena', 'noticia', 'líderes', 'políticos', 'opositores', 'hablen', 'necesidad', 're', 'unificarse', 'reconstruir', 'estrategia', 'lucha', 'política', 'reto', 'disposición', 'convierta', 'acción', 'pese', 'diferencias', 'lvl', 'shirleyvarnagy']",Neutral,0,0,0
"['claro', 'liderazgo', 'político', 'vzla', 'objetivo', 'ayuda', 'internacional', 'debe', 'ser', 'estimular', 'integración', 'desarrollo', 'reglas', 'comunes', 'dirimir', 'diferencias', 'estimularlo', 'retomar', 'posiciones', 'lucha', 'política', 'campo', 'acción', 'lvl', 'shirleyvarnagy']",Neutral,0,0,0
"['lucha', 'política', 'debe', 'ser', 'integral', 'flancos', 'dar', 'vzla', 'apoyo', 'internacional', 'importante', 'útil', 'jamás', 'sustituto', 'si', 'quedas', 'dependiendo', 'sólo', 'ayudan', 'afuera', 'guindado', 'brocha', 'lvl', 'shirleyvarnagy']",Neutral,0,0,0
"['problema', 'diferencias', 'líderes', 'opositores', 'clave', 'consensuar', 'único', 'requiere', 'democracia', 'reglas', 'juego', 'través', 'cuáles', 'dirimir', 'disenso', 'reglas', 'comunes', 'oposición', 'condenada', 'pulverización', 'lvl', 'shirleyvarnagy']",Neutral,0,0,0
"['natural', 'diferentes', 'posiciones', 'dentro', 'oposición', 'reflejo', 'típico', 'democracia', 'derecho', 'expresarse', 'intentar', 'propuesta', 'oída', 'implementada', 'unidad', 'pensamiento', 'monopolio', 'autocracias', 'lvl', 'shirleyvarnagy']",Neutral,0,0,0
"['italmary', 'pastel', 'tan', 'grande', 'cabeza', 'primero', 'aclárate', 'estudia', 'aprende', 'leer', 'artículos', 'investigar', 'entender', 'diferencia', 'objetividad', 'deseos', 'entonces', 'hablamos', 'siempre', 'orden', 'discutir', 'primero', 'entender']",Neutral,0,0,0
"['mil', 'gracias', 'participación', 'vemos', 'nueva', 'oportunidad']",Neutral,0,0,0
"['elecciones', 'parlamentarias', 'consulta', 'popular', 'eventos', 'cumplieron', 'condiciones', 'democráticas', 'participación', 'integral', 'todas', 'partes', 'transparencia', 'auditoría', 'local', 'internacional', 'motivación', 'poblacional', 'eventos', 'partes', 'país']",Neutral,0,0,0
"['pese', 'devaluación', 'severa', 'reciente', 'inflación', 'interna', 'sigue', 'siendo', 'superior', 'presenta', 'fuerte', 'rezago', 'cambiario', 'sobrevaluación', 'evidente', 'hiper', 'estimula', 'importaciones', 'desestimula', 'producción', 'local']",Neutral,0,0,0
"['usar', 'información', 'demostrada', 'científicamente', 'comprobada', 'tratamientos', 'covid', 'pueblo', 'amenazado', 'pandemia', 'acción', 'deplorable', 'peligrosa', 'impresentable']",Neutral,0,0,0
"['gafo', 'vale', 'dos']",Neutral,0,0,0
"['bancos', 'privados', 'venezolanos', 'bancos', 'corresponsales', 'gobierno', 'instituciones', 'sancionadas']",Neutral,0,0,0
"['criptomonedas', 'forman', 'parte', 'nueva', 'economía', 'quizás', 'falta', 'tiempo', 'masifiquen', 'consoliden', 'camino', 'duda', 'recorreremos', 'futuro']",Neutral,0,0,0
"['recatar', 'confianza', 'cielo', 'límite']",Neutral,0,0,0
"['mundo', 'globalizado', 'cambios', 'podrían', 'generar', 'mucha', 'rapidez', 'pasado', 'igual', 're', 'estabilización', 'tomará', 'menos', 'década']",Neutral,0,0,0
"['respeto', 'opinión', 'ojalá', 'razón', 'compadece', 'experiencia', 'histórica', 'países', 'sancionados', 'aislados', 'cuyos', 'gobiernos', 'quedado', 'décadas', 'poder', 'cuba', 'siria', 'irán', 'corea', 'norte', 'zimbabue', 'innumerables', 'países', 'africanos']",Neutral,0,0,0
"['creo', 'proceso', 'negación', 'venezuela', 'tratará', 'combinar', 'ambas', 'apuntando', 'avanzar', 'segunda']",Neutral,0,0,0
"['error', 'pensar', 'crisis', 'generan', 'estímulos', 'lucha', 'negativos', 'desactivadores', 'tristeza', 'frustración', 'miedo', 'angustia', 'genera', 'huida', 'habituación', 'experiencia', 'africana', 'contundente', 'lucha', 'estimula', 'plano', 'político', 'económico']",Neutral,0,0,0
"['siempre', 'sostenido', 'forma', 'resolver', 'problema', 'venezuela', 'negociación', 'política', 'negociación', 'funcione', 'primero', 'oposición', 'negociar', 'internamente', 'construir', 'estrategia', 'común', 'liderazgo', 'sólido', 'hoy', 'existe']",Neutral,0,0,0
"['momento', 'gente', 'debate', 'izquierda', 'derecha', 'sino', 'genera', 'expectativas', 'cambio', 'solución', 'problemas', 'cotidianos', 'población']",Neutral,0,0,0
"['espera', 'condiciones', 'mínimas', 'elección', 'pueda', 'reflejar', 'aunque', 'manera', 'imperfecta', 'opinión', 'mayorías', 'busca', 'presionar', 'hagan', 'cesiones', 'tema', 'poder', 'negociación', 'ser', 'amenaza', 'creíble', 'difícil', 'lograrlo']",Neutral,0,0,0
"['liderazgos', 'ser', 'vivo', 'nacen', 'desarrollan', 'montańa', 'rusa', 'suben', 'bajan', 'mueren', 'quedan', 'recuerdo', 'pasan', 'desapercibidos', 'demanda', 'liderazgos', 'siempre', 'genera', 'propia', 'oferta', 'vez', 'vacíos', 'corto', 'plazo']",Neutral,0,0,0
"['mientras', 'gob', 'verá', 'presionado', 'privatizar', 'internacionalizar', 'actividades', 'econ', 'servicios', 'públicos', 'aislamiento', 'oposición', 'presionada', 'nacionalizar', 'actividad', 'política', 'hoy', 'mayoritariamente', 'ejecutada', 'dependiente', 'exterior', 'capacidad', 'resolución']",Neutral,0,0,0
"['lamentablemente', 'remota', 'idea']",Neutral,0,0,0
"['campo', 'aún', 'contamos', 'información', 'valoración', 'regionales', 'si', 'sabemos', 'perfectamente', 'dirigencia', 'regional', 'partidos', 'presionará', 'duro', 'participar', 'factor', 'división', 'oposición', 'intereses', 'encontrados']",Neutral,0,0,0
"['valor', 'bolívar', 'pulverizado', 'funciones', 'prácticamente', 'inexistentes', 'pérdida', 'valor', 'hace', 'ridiculo', 'imprimir', 'moneda', 'tendencia', 'dejarla', 'moneda', 'virtual', 'referencial', 'operar', 'transaccionalmente', 'moneda', 'extranjera']",Neutral,0,0,0
"['dos', 'tipos', 'cuenta', 'cuentas', 'exportables', 'custodias', 'exportables', 'reciben', 'dinero', 'exportadores', 'inversionistas', 'traen', 'recursos', 'pueden', 'transferir', 'custodias', 'solo', 'efectivo', 'circula', 'vzla', 'posibilidad', 'transferencia', 'directa']",Neutral,0,0,0
"['respuesta', 'común', 'toda', 'venezuela', 'devaluación', 'tipo', 'cambio', 'sido', 'menor', 'inflación', 'interna', 'bolivares', 'obliga', 'comerciantes', 'aumentar', 'precios', 'dólares', 'obtener', 'misma', 'cantidad', 'bolívares', 'pagar', 'costos', 'internos']",Neutral,0,0,0
"['debe', 'hablar', 'ambas', 'dimensiones', 'supuesto', 'objetivo', 'central', 'resolver', 'origina', 'crisis', 'población', 'gob', 'mientras', 'producen', 'cambios', 'inhumano', 'amplificar', 'sufrimiento', 'gente', 'inocente', 'esperanza', 'ayude', 'solución']",Neutral,0,0,0
"['dado', 'quedaron', 'muchas', 'preguntas', 'sesión', 'ayer', 'responder', 'dedicamos', 'minutos', 'chance', 'nuevas', 'preguntas', 'hoy', 'espero', 'menos', 'atender', 'grupos', 'inquietudes', 'quedaron', 'pendientes']",Neutral,0,0,0
"['mil', 'gracias', 'preguntas', 'entiendo', 'muchas', 'forma', 'atenderla', 'todas', 'trataré', 'agruparlas', 'inquietudes', 'trabajarlas', 'nuevo', 'breve']",Neutral,0,0,0
"['si', 'mismo', 'impacto']",Neutral,0,0,0
"['data', 'aún', 'campo', 'compartiremos', 'tenerla']",Neutral,0,0,0
"['claro', 'tendencia', 'apertura', 'viendo', 'solo', 'aumentará']",Neutral,0,0,0
"['cualquier', 'intento', 'negociación', 'respiro', 'significa', 'garantizado', 'ningún', 'resultado']",Neutral,0,0,0
"['parece', 'tratarán', 'presionar', 'entrar', 'negociación', 'meta', 'paquete', 'elección', 'presidencial', 'lográndolo', 'probable', 'oposición', 'vea', 'presionada', 'internamente', 'participar', 'incluso', 'condiciones', 'mejores']",Neutral,0,0,0
"['seguramente', 'si', 'decisión', 'operativa', 'colapsaren', 'computadoras', 'máquinas', 'registradoras', 'absolutamente', 'ningún', 'impacto', 'real', 'rescatar', 'equilibrios']",Neutral,0,0,0
"['tal', 'funcionando', 'cuentas', 'custodia', 'principales', 'bancos', 'hace', 'meses', 'si', 'dólares', 'cuenta', 'puedes', 'pagar', 'dólares', 'bolívares', 'cambio', 'oficial']",Neutral,0,0,0
"['mientras', 'rescate', 'confianza', 'reinstitucionalización', 'cambio', 'político', 'posibilidad', 'estabilizar', 'tipo', 'cambio', 'nula']",Neutral,0,0,0
"['aunque', 'autorizara', 'gobierno', 'venezolano', 'creo', 'forma', 'regularizar', 'operaciones', 'financieras', 'venezolana', 'medio', 'sanciones', 'financieras']",Neutral,0,0,0
"['absolutamente', 'ninguna', 'posibilidad', 'reserva', 'federal', 'autorice', 'dolarizacion', 'formal', 'pais', 'sancionados', 'planteado', 'momento', 'dolarización', 'fáctica', 'procedimental', 'formal', 'estable']",Neutral,0,0,0
"['lamentablemente', 'oposición', 'decida', 'evento', 'ocurrirá', 'convenga', 'gobierno', 'sig', 'utica', 'oposición', 'pueda', 'tomar', 'ventajas']",Neutral,0,0,0
"['pandemia', 'afectado', 'toda', 'economía', 'mundial', 'incluyendo', 'venezuela', 'sectores', 'ganadores', 'perdedores', '¿quien', 'gana', 'alimentos', 'cercanos', 'tecnología', 'salud', 'medicamentos', 'distribución', 'última', 'milla', 'importantes']",Neutral,0,0,0
"['ninguna', 'forma', 'bonos', 'deuda', 'venezolana', 'congelados', 'sancionados', 'resuelva', 'crisis', 'interna', 'levantarán', 'sanciones', 'posibilidad', 'rescatarlos', 'cobrar', 'nula']",Neutral,0,0,0
"['totalmente', 'acuerdo', 'reglas', 'juego', 'común', 'permitan', 'dirimir', 'disidencias', 'oposición', 'surgimiento', 'objetivo', 'comun', 'allá', 'discursos', 'políticos', 'abstractos', 'absurdos', 'irrealizables', 'posibilidad', 'cambio', 'nula']",Neutral,0,0,0
"['momento', 'cuentas', 'custodia', 'dólares', 'funcionando', 'perfectamente', 'bien', 'mueven', 'moneda', 'extranjera', 'claro', 'existen', 'riesgos', 'país', 'efectivo', 'circula', 'poder', 'salir', 'decisión', 'sino', 'necesidad', 'usar', 'banca']",Neutral,0,0,0
"['lamentablemente', 'recuperación', 'crédito', 'formalicen', 'créditos', 'moneda', 'extranjera']",Neutral,0,0,0
"['presentando', 'proceso', 'apertura', 'económica', 'aunque', 'resultado', 'aprendizaje', 'real', 'inteligente', 'absolutamente', 'imparable', 'si', 'veremos', 'apertura', 'económico', 'aunque', 'así', 'político']",Neutral,0,0,0
"['evidente', 'nuevo', 'gobierno', 'americano', 'evaluará', 'resultados', 'estrategia', 'sancionatoria', 'predecesor', 'ser', 'demasiado', 'perspicaz', 'lara', 'entender', 'resultado', 'cualquier', 'evaluación', 'tipo', 'funcionado', 'repetirlas', 'iguales', 'parece', 'probable']",Neutral,0,0,0
"['allá', 'crisis', 'riesgos', 'cualquier', 'país', 'consumidores', 'necesidades', 'existen', 'oportunidades', 'negocio', 'reto', 'buscarlas']",Neutral,0,0,0
"['planteado', 'relajamiento', 'sanciones', 'usa', 'gobierno', 'maduro', 'si', 'espera', 'apertura', 'temas', 'humanitarios', 'eviten', 'sanciones', 'afecten', 'pueblo', 'gobierno']",Neutral,0,0,0
"['absolutamente', 'imposible', 'evitar', 'líderes', 'regionales', 'partidos', 'presionen', 'participación', 'elecciones', 'regionales', 'líder', 'articule', 'va', 'tener', 'ventaja', 'substancial', 'capitalizar', 'liderazgo', 'nacional']",Neutral,0,0,0
"['medida', 'sector', 'público', 've', 'restringido', 'evidente', 'producen', 'oportunidades', 'apertura', 'sector', 'privado', 'definitivamente', 'sancionado', 'países', 'sancionados', 'empresas', 'privadas', 'terminan', 'paradójicamente', 'protagonizando', 'economía']",Neutral,0,0,0
"['esperanzas', 'recuperar', 'confianza', 'instituciones', 'imposible', 'rescate', 'equilibrios', 'económicos', 'embargo', 'apertura', 'facto', 'mercado', 'cambiario', 'precios', 'sectores', 'puede', 'generar', 'oportunidades', 'puntuales', 'mejora']",Neutral,0,0,0
"['ciencias', 'sociales', 'incapaces', 'proyectar', 'tiempos', 'incierto', 'claro', 'momento', 'infinitamente', 'probable', 'ver', 'cambios', 'económicos', 'políticos', 'venezuela']",Neutral,0,0,0
"['sector', 'privado', 'indispensable', 'abastecer', 'bienes', 'servicios', 'forma', 'operar', 'acuerdos', 'básicos', 'gob', 'control', 'territorial', 'acción', 'natural', 'buscar', 'mantenerse', 'operando', 'problema', 'sino', 'capases', 'producir', 'cambio']",Neutral,0,0,0
"['minutos', 'tradicional', 'sesión', 'preguntas', 'respuestas', 'comenzando', 'ahora', 'mismo', 'gracias', 'adelantadas', 'participación']",Neutral,0,0,0
"['policiavzla', 'terrible', 'realidad']",Neutral,0,0,0
"['josmor', 'historia', 'llena', 'casos', 'cuba', 'irán', 'siria', 'north', 'korea', 'zimbabue']",Neutral,0,0,0
"['mbloqueados', 'elipaez', 'dicho', 'tema', 'sanción', 'amplifica', 'castigo', 'imprimía', 'gobierno', 'parece', 'sacrificio', 'resultados']",Neutral,0,0,0
"['cperezlavatelli', 'estimado', 'cristobal', 'sino', 'estudios', 'demuestran', 'amplificación', 'crisis', 'originada', 'gobierno', 'reforzada', 'sanciones', 'lista', 'además', 'masiva', 'cierto', 'si', 'sanciones', 'afectarán', 'exigieran', 'sacrificios', 'tampoco', 'funcionarían']",Neutral,0,0,0
"['lamh', 'jajaja', 'podría', 'responder', 'afirmación', 'comunista', 'indulto', 'imbecil', 'ignorante', 'diferencia', 'afirmación', 'falsa']",Neutral,0,0,0
"['otmarom', 'gracias']",Neutral,0,0,0
"['elipaez', 'debo', 'entender', 'entonces', 'eleazar', 'mejor', 'estrategia', 'seguir', 'castigando', 'pueblo', 'aunque', 'sirva', 'sacar', 'gobierno', 'debe', 'ser', 'difícil', 'conectar', 'pueblo', 'planteamiento', '¿no', 'parece']",Neutral,0,0,0
"['sagagodio', 'busca', 'afirmación', 'queda', 'gobierno', 'doy', 'razón', 'públicamente', 'todas', 'redes', 'si', 'co', 'sigues', 'disculpas', 'públicamente', 'rt', 'dale']",Neutral,0,0,0
"['cperezlavatelli', 'tomas', 'medicina', 'equivocada', 'resuelves', 'problema', 'dan', 'efectos', 'secundarios', 'quitarte', 'medicina', 'tampoco', 'resuelve', 'problema', 'si', 'quita', 'efectos', 'secundarios', 'seguir', 'tomándote', 'funcione', '¿te', 'parece', 'entonces', 'racional']",Neutral,0,0,0
"['jovicenter', 'tema', 'tocayo', 'negociación', 'parte', 'objetivo', 'falló', 'creo', 'completamente', 'vista', '¿qué', 'único', 'queda', 'entonces', 'avista', 'sacrifico', 'breve', 'rabia', '¿y', 'crees', 'probablemente', 'injusta', 'inevitable']",Neutral,0,0,0
"['si', 'sanción', 'aplica', 'cambiar', 'gob', 'asumiendo', 'sacrificios', 'pueblo', '¿qué', 'pasa', 'falla', 'objetivo', 'saca', 'gob', 'quedan', 'sólo', 'sacrificios', 'pueblo', 'pretendes', 'ayudar', 'pueblo', 'comienza', 'culpar', 'sanciones', 'culpable', 'gob']",Neutral,0,0,0
"['listo', 'conversar', 'ig', 'live', 'albacmujica', 'vemos', 'ahí']",Neutral,0,0,0
"['cancelación', 'acuerdo', 'petróleo', 'diésel', 'error', 'genera', 'contrario', 'buscado', 'deteriora', 'vida', 'pob', 'amenaza', 'distribución', 'alimentos', 'medicinas', 'generación', 'eléctrica', 'estimula', 'mercado', 'negro', 'genera', 'recursos', 'gob', 'sancionado']",Neutral,0,0,0
"['mientras', 'demore', 'reinstalación', 'acuerdo', 'intercambio', 'petróleo', 'diésel', 'afectará', 'vida', 'pob', 'obligándola', 'sacrificio', 'inutil', 'fallas', 'suministro', 'diésel', 'despiertan', 'fantasma', 'paralización', 'económica', 'total']",Neutral,0,0,0
"['obvio', 'demostrado', 'solución', 'problema', 'vzlano', 'usa', 'europa', 'china', 'rusia', 'cuba', 'sino', 'vzla', 'ayuda', 'internacional', 'importante', 'pierde', 'biden', 'después', 'éxito', 'estrategia', 'radical', 'vigente', 'hoy', 'contundente', 'vista']",Neutral,0,0,0
"['dado', 'admon', 'biden', 'mucha', 'presión', 'temas', 'internos', 'usa', 'venezuela', 'pierde', 'protagonismo', 'propia', 'oposición', 'sector', 'privado', 'ong’s', 'vzlanos', 'reto', 'colocar', 'temas', 'humanitarios', 'agenda', 'todas', 'reuniones', 'relaciones', 'nuevo', 'gob']",Neutral,0,0,0
"['reto', 'clave', 'conseguir', 'vías', 'entrada', 'ayuda', 'humanitaria', 'venezuela', 'connotaciones', 'políticas', 'mientras', 'segmentos', 'conflicto', 'pongan', 'primero', 'gente', 'sufre', 'intereses', 'políticos', 'conexión', 'lideres', 'población', 'pulveriza']",Neutral,0,0,0
"['reto', 'inmediato', 'diferencias', 'políticas', 'lograr', 'reinstale', 'inmediato', 'acuerdo', 'intercambio', 'petróleo', 'diésel', 'canceló', 'noviembre', 'pasado', 'impactos', 'negativos', 'transporte', 'electricidad', 'producción', 'agrícola', 'agua', 'max', 'días']",Neutral,0,0,0
"['probable', 'administración', 'biden', 'abandone', 'apego', 'mantra', 'fin', 'usurpación', 'gob', 'transición', 'elecciones', 'libres', 'entendiendo', 'cualquier', 'solución', 'pasará', 'acción', 'multilateral', 'europa', 'presionando', 'elecciones', 'esperarán', 'salida', 'maduro']",Neutral,0,0,0
"['temas', 'prioritarios', 'biden', 'humanitario', 'mayor', 'impacto', 'vzla', 'pues', 'pese', 'sostener', 'rechazo', 'maduro', 'preservar', 'sanciones', 'mismas', 'reevaluadas', 'función', 'capacidad', 'éxito', 'ahora', 'fracasos', 'impacto', 'gente', 'ahora', 'negativos']",Neutral,0,0,0
"['temas', 'prioritarios', 'biden', 'usa', 'claros', 'decretos', 'hoy', 'manejo', 'covid', 'recuperación', 'económica', 'cuidado', 'ambiental', 'combate', 'racimismo', 'supremacismo', 'xenofobia', 'genera', 'discriminación', 'palabra', 'mágica', 'humanitario”']",Neutral,0,0,0
"['gob', 'biden', 'tema', 'vzla', 'primeros', 'temas', 'interés', 'nacional', 'usa', 'trump', 'llevó', 'fundamentalmente', 'tema', 'electoral', 'impacto', 'florida', 'hace', 'pensar', 'decisiones', 'vzla', 'inmediatas', 'generará', 'cierto', 'nivel', 'inercia']",Neutral,0,0,0
"['¿qué', 'espera', 'gob', 'biden', 'frente', 'venezuela', 'corto', 'plazo', 'mantiene', 'posición', 'rechazo', 'gob', 'maduro', 'respaldo', 'an', 'juan', 'guaidó', 'matices', 'cambio', 'frente', 'temas', 'humanitarios', 'abren', 'compuertas', 'cambios', 'pueden', 'ser', 'fundamentales']",Neutral,0,0,0
"['impactante', 'opinión', 'pública', 'vzlana', 'vea', 'continuamente', 'contaminada', 'noticias', 'falsas', 'sesgadas', 'exageradas', 'increíble', 'gente', 'siga', 'dejándose', 'manipular', 'información', 'costos', 'alquileres', 'dado', 'hablar', 'falsa', 'vez']",Neutral,0,0,0
"['país', 'repleto', 'problemas', 'económicos', 'políticos', 'sociales', 'seguro', 'loco', 'alguien', 'venda', 'compre', 'ferrari', 'noticia', 'acapara', 'atención', 'opinión', 'pública', 'debate', 'político', 'indica', 'vacío', 'espeluznante']",Neutral,0,0,0
"['hoy', 'pudimos', 'acompañar', 'presencialmente', 'divina', 'pastora', 'debido', 'restricciones', 'pandemia', 'permitieron', 'recorrido', 'anual', 'hicimos', 'virtualmente', 'recuerdos', 'guardados', 'siempre', 'felicidades', 'guaros', 'toda', 'vzla']",Neutral,0,0,0
"['cerrar', 'amenazar', 'medios', 'comunicación', 'sólo', 'acción', 'anti', 'democrática', 'inconstitucional', 'sino', 'politicamente', 'impresentable', 'hacia', 'interior', 'exterior', 'país', 'aleja', 'oficialismo', 'cualquier', 'arista', 'negociación', 'futura', 'camine', 'rescatar', 'equilibrios']",Neutral,0,0,0
"['posiciones', 'extremas', 'irreverentes', 'supremacistas', 'lograron', 'dividir', 'mostrar', 'división', 'usa', 'habla', 'futuro', 'complejo', 'presiones', 'conflictos', 'afortunadamente', 'instituciones', 'pese', 'embates', 'siguen', 'funcionando', 'defendiendo', 'legado', 'democrático']",Neutral,0,0,0
"['difícil', 'imposible', 'demócratas', 'consigan', 'senadores', 'necesarios', 'impeachment”', 'trump', 'aunque', 'aliados', 'resquebrajan', 'obstante', 'acuerdo', 'probable', 'podría', 'lograrse', 'alrededor', 'inhabilitación', 'política', 'impida', 'lanzarse']",Neutral,0,0,0
"['previsible', 'encuestas', 'mostraran', 'muestran', 'caída', 'significativa', 'popularidad', 'trump', 'usa', 'luego', 'asaltó', 'capitolio', 'posibilidades', 'desvincularse', 'menos', 'perceptualmente', 'extremadamente', 'bajas', 'rechazo', 'general', 'acción', 'gigante']",Neutral,0,0,0
"['gobiernos', 'políticos', 'desarrollan', 'estrategias', 'consolidar', 'ganar', 'poder', 'nones', 'posible', 'entender', 'racionalidad', 'política', 'considerar', 'intereses', 'agendas', 'partes']",Neutral,0,0,0
"['probable', 'ver', 'cambios', 'profundos', 'modelo', 'económico', 'chavismo', 'hacia', 'mayor', 'apertura', 'sector', 'privado', 'ver', 'cambio', 'político', 'venezuela', 'corto', 'mediano', 'plazo']",Neutral,0,0,0
"['ninguna', 'diferencia', 'republicanos', 'demócratas', 'respecto', 'posición', 'irreconocimiento', 'legitimidad', 'maduro', 'instituciones', 'diferencias', 'implementación', 'estrategia']",Neutral,0,0,0
"['negociación', 'política', 'nacional', 'internacional', 'rescate', 'vía', 'electoral', 'mecanismo', 'institucionalización', 'país', 'absolutamente', 'guns', 'posibilidad', 'resolver', 'conflicto', 'prolongará', 'indefinidamente']",Neutral,0,0,0
"['gob', 'biden', 'seguirá', 'política', 'firme', 'desconocimiento', 'gob', 'maduro', 'pueden', 'esperar', 'matices', 'apertura', 'matices', 'van', 'temas', 'humanitarios', 'posibilidad', 'actuar', 'multilateralmente', 'europa', 'presionar', 'condiciones', 'electorales']",Neutral,0,0,0
"['lamentablemente', 'economía', 'vzlana', 'llena', 'distorsiones', 'graves', 'dolarización', 'sino', 'masificación', 'informal', 'desordenada', 'uso', 'divisas', 'traduce', 'regularizaciones', 'salariales', 'allá', 'impactos', 'facto”']",Neutral,0,0,0
"['reconocimiento', 'político', 'venezuela', 'momento', 'depende', 'ninguna', 'cosa', 'interés', 'revolución']",Neutral,0,0,0
"['valor', 'bolívar', 'depende', 'confianza', 'confianza', 'pueden', 'maniobrar', 'rato', 'cantidad', 'dinero', 'dejan', 'circular', 'final', 'siempre', 'explota', 'devaluación', 'fenómeno', 'imparable', 'continuará']",Neutral,0,0,0
"['europa', 'tomó', 'decisión', 'esperaba', 'posición', 'gobierno', 'maduro', 'instituciones', 'mantiene', 'puede', 'lograr', 'consenso', 'mantener', 'soporte', 'gob', 'interino', 'límite', 'tiempo', 'elecciones', 'expectativas', 'solución', 'corto', 'plazo']",Neutral,0,0,0
"['mismo', 'hacían', 'instituciones', 'poder', 'controladas', 'revolución', 'tsj', 'an', 'decidir', 'función', 'interés', 'revolución', 'tema', 'formal', 'fondo']",Neutral,0,0,0
"['mecanismo', 'utilizará', 'abrir', 'espacios', 'sector', 'privado', 'incluyendo', 'áreas', 'constitucionalmente', 'restringidas', 'edo', 'energía', 'petróleo', 'atractivo', 'restringido', 'inversionistas', 'países', 'aliados', 'revolución', 'empresas', 'irreverentes', 'sanciones']",Neutral,0,0,0
"['haber', 'pasado', 'negociación', 'interna', 'obligue', 'decidir', 'través', 'metodología', 'común', 'claro', 'presión', 'dentro', 'oposición', 'participar', 'regionales', 'ínfimamente', 'mayor', 'parlamentarias', 'opinión', 'imparable']",Neutral,0,0,0
"['pregunta', 'sola', 'respuesta', 'pues', 'dependería', 'razón', 'va', 'maduro', 'gob', 'control', 'territorial', 'maduro', 'salida', 'natural', 'interna', 'cubierta', 'rodriguez', 'ninguna', 'duda', 'salida', 'negociación', 'elección', 'historia']",Neutral,0,0,0
"['proceso', 'político', 'tiende', 'radicalizarse', 'paralelo', 'estima', 'mayor', 'apertura', 'materia', 'económica', 'esquivar', 'sanciones', 'puede', 'abrir', 'espacios', 'inversión', 'negocios', 'altos', 'niveles', 'riesgo', 'elevada', 'tasa', 'requerida', 'retorno']",Neutral,0,0,0
"['decisión', 'emigración', 'personalísima', 'existe', 'receta', 'cocina”', 'común', 'mundo']",Neutral,0,0,0
"['todas', 'partes', 'oportunidades', 'inversión', 'negocio', 'cambia', 'tasa', 'requerida', 'retorno', 'inversiones', 'altas', 'países', 'riesgosos', 'aversión', 'riesgo', 'inversionistas', 'países', 'debe', 'ser', 'baja', 'concretan', 'inversiones']",Neutral,0,0,0
"['chavismo', 'posición', 'homogénea', 'allá', 'diferencias', 'internas', 'actúa', 'bloque', 'método', 'miedo', 'logra', 'oposición', 'diferencias', 'encuentran', 'unas', 'reglas', 'comunes', 'través', 'cuales', 'decidir', 'condena', 'división', 'profunda']",Neutral,0,0,0
"['forma', 'resolver', 'problema', 'económico', 'rescatar', 'confianza', 'instituciones', 'capacidad', 'autoridades', 'desarrollar', 'modelo', 'racional', 'respetuoso', 'inversión', 'empresa', 'privada', 'requiere', 'acuerdos', 'políticos', 'medidas', 'económicas', 'aisladas']",Neutral,0,0,0
"['minutos', 'sesión', 'preguntas', 'respuestas', 'comenzando', 'inmediato']",Neutral,0,0,0
"['cerca', 'cambios', 'políticos', 'relevantes', 'venezuela', 'aunque', 'economía', 'tampoco', 'parece', 'tener', 'opciones', 'transformación', 'estructural', 'ámbito', 'verán', 'muchas', 'diferencias', 'nuevos', 'actores', 'apertura', 'política', 'nacional']",Neutral,0,0,0
"['mapa', 'interés', 'económico', 'gobierno', 'maduro', 'restringido', 'empíricamente', 'aliados', 'sector', 'privado', 'internacional', 'irreverente', 'sanciones', 'podría', 'generar', 'cambio', 'fundamental', 'perfil', 'futuro', 'inversionistas', 'vzla']",Neutral,0,0,0
"['económicamente', 'instalación', 'nueva', 'an', 'oficialista', 'servirá', 'mecanismo', 'implementación', 'ley', 'antibloqueo', 'buscando', 'abrir', 'espacios', 'privatización', 'concesiones', 'privadas', 'sectores', 'sensibles', 'orientadas', 'aliados', 'inversión', 'general']",Neutral,0,0,0
"['nombramiento', 'jorge', 'rodríguez', 'presidencia', 'an', 'muestra', 'maduro', 'preserva', 'muestra', 'fuerza', 'interna', 'chavismo', 'busca', 'cualquier', 'intento', 'negociación', 'política', 'futura', 'parta', 'reconocimiento', 'implícito', 'institucionalidad']",Neutral,0,0,0
"['opo', 'dos', 'retos', 'centrales', 'evitar', 'cambio', 'posición', 'europea', 'frente', 'gob', 'interino', 'mine', 'relación', 'internacional', 'presentar', 'propuesta', 'acción', 'interna', 'distinta', 'fallado', 'quedará', 'vulnerable', 'incapacidad', 'presentar', 'resultados']",Neutral,0,0,0
"['estrategia', 'maduro', 'frente', 'diputados', 'cantada', 'buscará', 'consolidar', 'bóveda', 'miedo', 'fracturarlos', 'desmembrar', 'institucionalidad', 'aunque', 'difícilmente', 'cruzará', 'línea', 'guaidó', 'pues', 'entorpecería', 'cualquier', 'posible', 'arista', 'relación', 'nuevo', 'gob', 'usa']",Neutral,0,0,0
"['pese', 'cambios', 'usa', 'traerán', 'matices', 'caso', 'vzla', 'reconocimiento', 'an', 'guaido', 'continuidad', 'garantizado', 'país', 'problema', 'presenta', 'europa', 'reconocimiento', 'esperado', 'líder', 'opositor', 'gob', 'interino']",Neutral,0,0,0
"['maduro', 'incrementa', 'poder', 'controlando', 'an', 'utilizaba', 'tsj', 'anc', 'tomar', 'todas', 'decisiones', 'requería', 'control', 'político', 'territorial', 'total', 'busca', 'fracturar', 'oposición', 'comunidad', 'internacional', 'frente', 'continuidad', 'indeterminada']",Neutral,0,0,0
"['presentarán', 'cambios', 'respecto', 'mapa', 'internacional', 'reconocimientos', 'legitimidad', 'maduro', 'instituciones', 'aliados', 'reconocerán', 'nueva', 'an', 'comunidad', 'internacional', 'deslegitima', 'mantendrá', 'posición', 'frente', 'institucionalidad', 'chavista']",Neutral,0,0,0
"['¿que', 'representa', 'instalación', 'an', 'oficialista', 'hoy', 'términos', 'políticos', 'económicos', 'veamos']",Neutral,0,0,0
"['trata', 'gritos', 'guerra', 'discursitos', 'sacan', 'aplausos', 'emocionados', 'sino', 'estrategia', 'inteligente', 'logre', 'articular', 'luchainterna', 'cambio', 'regeneré', 'esperanzas']",Neutral,0,0,0
"['remota', 'idea', 'dependerá', 'capacidad', 'oposición', 'reestructurarse', 'inteligentemente', 'presentar', 'oferta', 'distinta', 'funcionado', 'cómo', 'reaccione', 'comunidad', 'internacional', 'reto', 'entender', 'solucionará', 'adentro', 'afuera']",Neutral,0,0,0
"['batalla', 'política', 'hace', 'tiempo', 'batalla', 'legal', 'relevante', 'si', 'sirve', 'mantener', 'articulación', 'interna', 'soporte', 'internacional', 'opinión', 'presentar', 'resultados', 'si', 'tiempo', 'contado']",Neutral,0,0,0
"['puede', 'ser', 'fuente', 'importante', 'divisas', 'exportaciones', 'oro', 'bienes', 'tradicionales', 'ron', 'cacao', 'camarones', 'frijoles', 'remesas', 'repatriación', 'divisas', 'contrabando', 'narco', 'demasiadas', 'fuentes', 'activas', 'sustituyen', 'petróleo']",Neutral,0,0,0
"['año', 'ingrata', 'recordación', 'pase', 'pase']",Neutral,0,0,0
"['si', 'marca', 'difícilmente', 'visualiza', 'entrada', 'inversión', 'extranjera', 'clásica', 'nuevos”', 'actores', 'países', 'convencionales']",Neutral,0,0,0
"['ningún', 'grupo', 'político', 'puede', 'sostenerse', 'permanentemente', 'presentar', 'resultados', 'concretos', 'reto', 'mayor', 'dependerá', 'futuro']",Neutral,0,0,0
"['busca', 'darle', 'ejecutivo', 'poder', 'discrecional', 'privatizar', 'empresas', 'sectores', 'restricciones', 'constitucionales', 'mecanismo', 'buscar', 'inversión', 'extranjera', 'aliados', 'maduro', 'esquivar', 'sanciones', 'escudo', 'sector', 'privado']",Neutral,0,0,0
"['nunca', 'leído']",Neutral,0,0,0
"['tesis', 'legal', 'usos', 'casos', 'pasado', 'gobernadores', 'alcaldes', 'tesis', 'aceptación', 'universal', 'débil', 'medida', 'concreta', 'objetivo', 'plantea']",Neutral,0,0,0
"['si', 'sigue', 'siendo', 'opción', 'interesante', 'inteligente']",Neutral,0,0,0
"['proceso', 'indetenible', 'medio', 'aislamiento', 'sanciones', 'oferta', 'orientada', 'aliados', 'maduro', 'china', 'rusia', 'irán', 'turquía']",Neutral,0,0,0
"['si', 'interesado', 'temas', 'humanitarios', 'exigirá', 'cambios', 'política', 'usa', 'funcionado', 'puede', 'interesado', 'relación', 'europa', 'frente', 'vzla', 'desechará', 'mantra', 'cese', 'usurpación', 'gob', 'transición', 'par', 'privilegiar', 'negociación', 'elección']",Neutral,0,0,0
"['alimentos', 'tecnología', 'salud', 'distribución']",Neutral,0,0,0
"['necesitaría', 'revivir', 'estrategia', 'jesús', 'lazaro']",Neutral,0,0,0
"['siempre', 'negociaciones', 'políticas', 'abiertas', 'encubiertas', 'posibilidad', 'avanzar', 'dependerá', 'si', 'oposición', 'logra', 'repotenciar', 'poder', 'negociación', 'si', 'genera', 'posición', 'multilateral', 'usa', 'ue', 'latam', 'sincerando', 'expectativas']",Neutral,0,0,0
"['facilite', 'transacciones', 'moneda', 'dura', 'positivo']",Neutral,0,0,0
"['mínima', 'posibilidad', 'moneda', 'estabilice', 'corto', 'plazo', 'batalla', 'inflación', 'devaluación', 'seguirá', 'siendo', 'juego', 'perro', 'mordiéndose', 'cola']",Neutral,0,0,0
"['lamentablemente', 'expectativas', 'racionales', 'cambio', 'político', 'venezuela', 'trata', 'deseos', 'derechos', 'sino', 'hechos', 'concretos', 'permitan', 'predecir', 'cambio', 'allá', 'emociones', 'mayoría', 'loa', 'vzlanos', 'hoy', 'totalmente', 'claro']",Neutral,0,0,0
"['medida', 'transacciones', 'realizan', 'puedan', 'reponer', 'monedas', 'billetes', 'formalmente', 'difícil', 'sector', 'comercial', 'tener', 'moneda', 'sencilla', 'menudeo', 'tiempo', 'envejecerán', 'billetes', 'gente', 'aceptará', 'cualquier', 'cosa']",Neutral,0,0,0
"['moneda', 'extranjera', 'deposita', 'banca', 'local', 'circula', 'efectivo', 'internamente', 'vías', 'expeditas', 'salir', 'normal', 'banca', 'privada', 'protegida', 'bancarizada', 'siempre', 'riesgos', 'guardarla', 'bajo', 'colchón', 'opción']",Neutral,0,0,0
"['necesitamos', 'llegar', 'azotea', 'bajamos', 'varios', 'pisos']",Neutral,0,0,0
"['recatarán', 'equilibrios', 'confianza', 'confianza', 'produzcan', 'cambios', 'políticos', 'económicos', 'fondo', 'esperan', 'cambios', 'corto', 'plazo', 'buena', 'noticia', 'verdad']",Neutral,0,0,0
