,word,count
0,universidad,46
1,visto,15
2,estudiantes,36
3,eligen,1
4,l√≠deres,2
5,literalmente,10
6,mejor,26
7,destaca,1
8,√°rea,3
9,ej,1
10,delegado,1
11,estudiante,15
12,dejen,7
13,relacionar,1
14,estudio,5
15,liderazgo,1
16,mismo,27
17,pueden,8
18,ser,53
19,peor,7
20,esperado,1
21,recuerda,1
22,cierto,6
23,profesor,20
24,estrella,1
25,estr√©s,3
26,junto,1
27,poder,17
28,salir,12
29,consumiendo,1
30,psicol√≥gicamente,1
31,niveles,4
32,insoportables,1
33,diariamente,3
34,pensamientos,2
35,existencialistas,1
36,soledad,1
37,sano,2
38,untalsiso,38
39,mano,9
40,pasa,3
41,viejos,2
42,ojo,4
43,refiero,1
44,solo,57
45,nivel,7
46,pol√≠tico,5
47,cualquier,18
48,contexto,3
49,siempre,36
50,problema,19
51,d√©spota,1
52,quieren,10
53,negociar,1
54,ir,16
55,buenas,5
56,as√≠,23
57,escupan,1
58,cara,7
59,generaciones,1
60,anteriores,1
61,venezuela,20
62,gran,10
63,creen,6
64,cosa,13
65,puede,30
66,resolver,1
67,mediante,1
68,negociaci√≥n,1
69,brother,1
70,acabas,2
71,ver,28
72,c√≥mo,2
73,patearon,1
74,mesa,2
75,veces,17
76,seguidas,2
77,insultaron,1
78,quieres,6
79,seguir,13
80,negociando,1
81,imb√©cil,1
82,in√∫til,3
83,this,2
84,is,8
85,what,2
86,heroin,1
87,does,1
88,to,7
89,ppl,1
90,respecta,1
91,importa,5
92,tt,5
93,nacional,5
94,lleg√≥,3
95,hashtag,2
96,acciones,1
97,consejo,3
98,universitario,3
99,iniciativa,2
100,rotundo,1
101,fracaso,1
102,comportamientos,2
103,vez,32
104,buscar,11
105,a√±adir,3
106,causa,1
107,alejaron,1
108,noches,2
109,felicito,1
110,representantes,7
111,estudiantiles,7
112,dieron,6
113,respuestas,5
114,incluyentes,1
115,respetuosas,1
116,llamar,3
117,respeto,4
118,dem√°s,8
119,miembros,3
120,comunidad,1
121,ucabista,6
122,bastante,6
123,dejan,3
124,desear,1
125,antiguos,1
126,tutores,1
127,figuras,1
128,p√∫blicas,2
129,egresados,2
130,ucab,43
131,guayana,14
132,comportamiento,3
133,bien,29
134,alto,6
135,valores,2
136,ucabistas,2
137,atacando,1
138,forma,19
139,haciendo,16
140,hacer,41
141,silencio,2
142,actitudes,2
143,negativas,1
144,justamente,3
145,argumentos,2
146,negativo,2
147,debe,15
148,reprochable,1
149,venga,1
150,si,127
151,dejar,4
152,hacerlo,4
153,pues,22
154,insultar,5
155,justificar,4
156,opini√≥n,12
157,acosar,1
158,sexualmente,1
159,sino,21
160,medi√°tica,1
161,meter,3
162,grupos,2
163,dar,16
164,fuerza,7
165,argumento,2
166,cada,23
167,libre,7
168,tener,23
169,propia,5
170,defenderla,1
171,bajo,9
172,desprestigia,1
173,imagen,4
174,movimiento,4
175,generaci√≥n,2
176,agrupaci√≥n,4
177,universitaria,9
178,√≥rgano,2
179,representaci√≥n,5
180,estudiantil,9
181,reglamento,1
182,establece,1
183,expl√≠citamente,1
184,intereses,4
185,pol√≠ticos,4
186,opiniones,2
187,propones,1
188,efecto,5
189,opuesto,2
190,verdadero,3
191,objetivo,4
192,usarlo,2
193,creo,20
194,presenciando,1
195,inicio,2
196,barbra,1
197,streisand,1
198,hermoso,2
199,fan,1
200,bukele,1
201,hace,40
202,cerrada,2
203,boca,1
204,bella,1
205,acabo,6
206,presenciar,1
207,horas,9
208,empezar,6
209,semestre,27
210,quiero,19
211,decirles,4
212,clases,16
213,precarias,1
214,caiga,1
215,problemas,10
216,escuela,9
217,hable,2
218,autonom√≠a,7
219,recuerden,4
220,cuanto,4
221,pagaron,1
222,votaron,1
223,consta,2
224,primera,13
225,cede√±o,1
226,persona,17
227,honrada,1
228,honesta,1
229,verg√ºenza,3
230,deber√≠a,11
231,darle,8
232,autoridades,18
233,caso,16
234,pertenecer,2
235,facultad,1
236,derecho,11
237,violar,1
238,leyes,2
239,nacionales,1
240,reglamentos,1
241,universitarios,2
242,arruinan,1
243,molesta,2
244,entorno,1
245,trabajo,8
246,comuniquen,1
247,incomodidades,1
248,nadie,13
249,adivino,1
250,saber,9
251,surgidos,1
252,sentimientos,1
253,terminan,4
254,intoxicando,1
255,ambiente,2
256,medicenyunta,3
257,llaman,2
258,alucinaciones,1
259,s√≠ntoma,1
260,inicial,3
261,esquizofrenia,1
262,gracioso,2
263,usb,17
264,escuchaba,1
265,canserbero,1
266,empec√©,3
267,dudar,1
268,carrera,9
269,escucharlo,1
270,activamente,1
271,marico,6
272,gradu√©,1
273,a√±os,21
274,bachiller,1
275,maldita,1
276,gente,47
277,gusta,12
278,lluvia,1
279,dorada,1
280,intentando,4
281,justificarse,1
282,arcemiotico,1
283,gb,2
284,aqu√≠,21
285,abrahamapk,11
286,entero,1
287,contenido,3
288,program√°tico,1
289,vot√≥,3
290,chavez,5
291,criaron,1
292,mozart,1
293,s√≥crates,1
294,ayer,8
295,realizando,1
296,unas,9
297,modificaciones,1
298,discord,3
299,amigo,4
300,enteramos,1
301,cambi√≥,2
302,completamente,6
303,perspectiva,1
304,vida,23
305,üî∞es,1
306,s√≠mbolo,1
307,japon√©s,1
308,principiante,1
309,podr√©,1
310,usar,12
311,emoji,2
312,misma,5
313,hac√≠a,1
314,ah,13
315,ta,2
316,tardas,1
317,contestar,3
318,hola,3
319,vean,1
320,kaguya,1
321,sama,1
322,love,1
323,war,2
324,adi√≥s,1
325,va,39
326,funar,1
327,algoritmos,1
328,programaci√≥n,3
329,ii,2
330,jos√©,1
331,saad,2
332,desarroll√©,2
333,pensamiento,2
334,abstracto,1
335,estructuras,1
336,datos,5
337,d√≠a,23
338,hoy,30
339,impresiona,1
340,materia,18
341,casi,9
342,cracking,1
343,the,25
344,coding,1
345,interview,1
346,oh,4
347,llevo,8
348,semana,10
349,so√±ando,1
350,vainas,4
351,semipresencial,2
352,transcurre,1
353,perlas,1
354,convierte,2
355,cursado,1
356,cabe,2
357,destacar,3
358,sue√±os,2
359,sido,7
360,down,1
361,earth,2
362,ahora,30
363,miedo,9
364,sasageyo,3
365,shinzou,1
366,wo,1
367,recuerdo,7
368,a√±o,14
369,curs√©,1
370,verano,2
371,matem√°ticas,3
372,sal√≠amos,1
373,iba,5
374,amigos,8
375,jardines,1
376,tumbar,2
377,pumarrosas,1
378,criticar,4
379,biden,20
380,bombardear,1
381,milicias,1
382,iran√≠es,2
383,siria,2
384,trump,48
385,bombarde√≥,2
386,empezando,2
387,gobierno,10
388,carro,2
389,soleimani,1
390,hip√≥crita,4
391,critiquen,1
392,fanaticada,1
393,pacifistas,1
394,hip√≥critas,4
395,muchas,10
396,cosas,19
397,anthxnyb,8
398,ocurren,2
399,terraria,2
400,perder,10
401,items,1
402,cay√≥,1
403,internet,12
404,duda,4
405,alguna,7
406,platinum,2
407,mejoras,1
408,t√©cnicas,1
409,necesarias,4
410,viniendo,1
411,dp,1
412,ambientaci√≥n,1
413,parece,17
414,perfecta,1
415,misticismo,1
416,regi√≥n,1
417,palpable,1
418,primer,7
419,paso,10
420,historias,4
421,maduras,1
422,bw,1
423,dios,6
424,postgame,1
425,visitar,1
426,hokkaido,1
427,trabajando,2
428,mientras,15
429,escucho,4
430,soundtrack,1
431,witcher,2
432,abandonar,1
433,volver,1
434,matar,2
435,cuantos,1
436,ghouls,1
437,water,1
438,temple,1
439,f√°cil,5
440,zora,1
441,domain,1
442,arbiter,1
443,ground,1
444,city,1
445,in,4
446,sky,2
447,tp,3
448,change,1
449,my,6
450,mind,1
451,qued√≥,4
452,dormido,1
453,cama,1
454,perro,2
455,reu,4
456,llama,9
457,mascota,1
458,espada,1
459,grad√∫e,1
460,t√≠tulo,1
461,pregrado,1
462,reuni√≥n,12
463,rectorales,2
464,espera,2
465,comunicados,2
466,respectivos,1
467,video,12
468,identifica,1
469,inform√°tica,11
470,ingeniero,1
471,inform√°tico,2
472,seg√∫n,3
473,real,3
474,academia,2
475,espa√±ola,3
476,autoritarismo,2
477,autoritario,1
478,ismo,1
479,actitud,4
480,ejerce,1
481,exceso,1
482,autoridad,3
483,abusa,1
484,trastorno,1
485,sue√±o,2
486,grave,5
487,crisis,6
488,ansiedad,3
489,afectaron,1
490,logrado,3
491,controlar,2
492,excelencia,5
493,acad√©mica,5
494,exigencia,2
495,notas,5
496,imparte,1
497,conocimiento,6
498,pagando,3
499,raspar,1
500,vano,2
501,haga,3
502,respecto,7
503,interior,1
504,estudia,1
505,capital,2
506,suele,3
507,gastar,2
508,privada,8
509,vivir,1
510,tampoco,9
511,inmune,1
512,pasado,8
513,viv√≠,2
514,factor,2
515,psicol√≥gico,1
516,mundo,15
517,fortaleza,1
518,mental,6
519,capacidad,4
520,econ√≥mica,2
521,vive,6
522,mismas,2
523,condiciones,11
524,presenciado,1
525,mucha,5
526,desertado,1
527,da√±os,2
528,psicol√≥gicos,2
529,viable,1
530,semestres,8
531,promedio,1
532,acad√©mico,3
533,tan,35
534,repitan,2
535,fallando,1
536,sistema,9
537,seguro,4
538,culpables,1
539,impartir,2
540,evaluar,1
541,manera,10
542,justa,1
543,imparcial,1
544,motivando,1
545,interesarse,1
546,formar,4
547,integrales,1
548,aprender,5
549,juntos,2
550,proceso,11
551,mejores,2
552,universidades,5
553,destacan,1
554,ello,10
555,saben,8
556,√∫nico,10
557,dos,18
558,materias,9
559,cadena,4
560,encuentro,3
561,perjudicarte,1
562,siguiente,6
563,secretar√≠a,1
564,aka,2
565,posibilidad,7
566,modificaci√≥n,1
567,recuperaci√≥n,1
568,problem√°ticas,2
569,lujo,1
570,detalles,2
571,pas√≥,6
572,mayor√≠a,5
573,afecta,1
574,personalmente,2
575,dado,6
576,retroalimentaci√≥n,4
577,efectiva,3
578,aprobado,1
579,comunic√≥,4
580,√∫ltima,6
581,problem√°tica,2
582,tiempo,24
583,solicit√≥,1
584,pasada,2
585,cargadas,1
586,aplazaron,1
587,quisieron,2
588,vuelvan,2
589,aquellos,7
590,esfuerzo,4
591,riesgo,2
592,beca,1
593,bajaron,1
594,√≠ndice,1
595,posteriormente,1
596,finales,3
597,luego,30
598,presentar,1
599,queja,1
600,corrigi√≥,1
601,nota,9
602,grupo,8
603,m√≠nima,2
604,aprobatoria,1
605,invidualizando,1
606,nuevamente,3
607,decir,22
608,individualiz√≥,1
609,grupal,2
610,marginando,1
611,resto,4
612,excusa,1
613,vaga,2
614,haber,11
615,minimiz√≥,1
616,hecho,14
617,quiera,2
618,rendimiento,1
619,alta,1
620,carga,1
621,cr√©ditos,1
622,consideraci√≥n,3
623,anteriormente,1
624,encargado,2
625,entregas,1
626,bastantes,2
627,luz,2
628,contest√≥,1
629,voy,20
630,pasaste,1
631,casos,6
632,aislados,1
633,jam√°s,5
634,ninguna,4
635,evaluaci√≥n,2
636,pidi√≥,4
637,actividad,1
638,peque√±o,1
639,desfase,1
640,parcial,6
641,media,9
642,hora,8
643,ejercicios,2
644,enviados,1
645,individualmente,1
646,resoluci√≥n,1
647,min,7
648,flexibilidad,1
649,fallas,4
650,agentes,1
651,externos,1
652,entregado,1
653,inc√≥moda,1
654,requer√≠an,1
655,an√°lisis,4
656,prudencial,1
657,tercer,3
658,realidad,9
659,varios,5
660,seguidos,2
661,cambio,4
662,fecha,4
663,examen,2
664,forzada,1
665,medicaci√≥n,1
666,afectaban,1
667,negativamente,1
668,alumnos,2
669,groseras,1
670,intentaron,1
671,dialogar,1
672,amablemente,1
673,llorar,5
674,privado,2
675,hiciese,1
676,remedial,1
677,ejercicio,4
678,final,13
679,realiz√≥,4
680,beneficiaban,1
681,demasiado,3
682,punto,20
683,vista,2
684,deben,5
685,justas,2
686,iguales,1
687,ambos,3
688,segundo,7
689,coloc√≥,2
690,err√≥neos,1
691,irresolvible,1
692,tard√≥,2
693,corregirlo,1
694,largo,2
695,dio,1
696,descuento,1
697,explicamos,1
698,archivos,3
699,comprimidos,1
700,descomprimirlos,1
701,prefiri√≥,1
702,pedirnos,1
703,videos,4
704,descomprimida,1
705,evaluarnos,1
706,entrega,3
707,tard√≠a,2
708,archivo,4
709,all√≠,4
710,capaz,2
711,comunicarse,3
712,laboratorios,9
713,equipo,4
714,envi√≥,1
715,formato,1
716,zip,1
717,entreg√≥,1
718,sac√≥,1
719,preguntarle,1
720,dijo,8
721,pod√≠a,3
722,abrir,5
723,aprovechar,2
724,hilo,14
725,citar,1
726,vi,3
727,fama,2
728,terrible,1
729,abstendr√©,1
730,nombre,11
731,proteger,3
732,identidad,1
733,toca,3
734,jugar,4
735,franquicia,2
736,expectativa,2
737,imaginamos,1
738,dir√°n,1
739,consciente,1
740,d√≠as,12
741,pr√≥ximos,2
742,realizar√°,1
743,espero,8
744,comunique,1
745,prontamente,1
746,dicho,6
747,ambas,1
748,reuniones,1
749,parte,18
750,despu√©s,4
751,joya,2
752,encontrado,2
753,ning√∫n,8
754,comunicado,3
755,todav√≠a,2
756,ocurri√≥,5
757,terminemos,1
758,enterando,2
759,medios,24
760,estatales,3
761,cu√°ndo,1
762,acord√≥,1
763,f√≠o,1
764,relatos,1
765,momento,18
766,oficial,1
767,tweet,9
768,electa,2
769,explique,1
770,habl√≥,3
771,menos,20
772,diciendo,6
773,orden,7
774,dudas,3
775,difunden,1
776,hilito,1
777,r√°pido,4
778,corto,2
779,precio,5
780,uc,7
781,comunicativo,1
782,escribo,2
783,am,5
784,protip,1
785,escuchado,6
786,ganando,1
787,mal,18
788,ocurrir,2
789,chavistas,1
790,retwitteaban,1
791,locos,2
792,nahumgiral,1
793,presente,2
794,familia,5
795,padrino,2
796,ni√±o,1
797,conoc√≠,1
798,fantasma,1
799,pudo,2
800,conmigo,2
801,√∫ltimos,3
802,madrina,1
803,porras,1
804,vamos,19
805,escuchar,3
806,cre√≠a,1
807,conocer,1
808,quiso,2
809,denunciar,2
810,original,3
811,invitar,1
812,personas,14
813,motivo,3
814,gracias,11
815,mostrar,2
816,verdaderos,1
817,colores,2
818,üò§ü§¶‚Äç‚ôÇÔ∏è,1
819,marialenat,1
820,star,3
821,wars,4
822,clone,1
823,hablaba,1
824,monopolio,4
825,refer√≠a,1
826,ü§£ü§£ü§£,1
827,actuales,1
828,condici√≥n,3
829,situaci√≥n,16
830,compleja,1
831,podr√≠a,8
832,llevar,3
833,debate,2
834,much√≠simas,2
835,vertientes,1
836,adem√°s,4
837,siento,13
838,ra√≠z,1
839,nueva,4
840,exclusivamente,1
841,venezolana,5
842,latinoamericana,1
843,apuntar,2
844,puedan,3
845,quieran,4
846,aceptar,4
847,capaces,4
848,eficazmente,1
849,sepas,2
850,habilidades,8
851,pedag√≥gicas,1
852,distintas,2
853,aprendiendo,1
854,debemos,3
855,suficientemente,2
856,flexibles,1
857,sabes,4
858,puedes,8
859,transmitir,2
860,pesar,5
861,dificultades,1
862,entonces,12
863,sigue,5
864,adelante,2
865,aplaudo,1
866,tarea,1
867,favor,16
868,ap√°rtate,1
869,profesores,31
870,mayor,4
871,uso,15
872,tecnolog√≠as,1
873,empez√≥,5
874,hicieron,5
875,magistral,3
876,impartiendo,1
877,herramientas,4
878,consideraciones,1
879,vivimos,2
880,capacitados,1
881,usaron,2
882,creatividad,1
883,comunicaron,1
884,vuelta,1
885,interesa,4
886,observar,1
887,ocurre,7
888,m√≠nimo,4
889,calidad,12
890,dan,8
891,c√°lculo,5
892,whatsapp,1
893,hacen,10
894,dentro,4
895,capacidades,1
896,sistemas,2
897,trazables,1
898,funcionales,1
899,muestra,3
900,bot√≥n,7
901,llamada,1
902,estructura,1
903,computador,1
904,profesora,7
905,intermitente,2
906,deficiente,2
907,conferencias,1
908,hizo,14
909,enviar,2
910,presentaciones,1
911,powerpoint,1
912,audio,1
913,servidor,1
914,excelente,4
915,aunque,3
916,difiero,1
917,importante,7
918,debas,1
919,apartar,1
920,instituci√≥n,2
921,capacitar,1
922,apegarte,1
923,nuevas,2
924,exigencias,4
925,debes,1
926,demostrar,3
927,altura,3
928,certificarlo,1
929,lamento,1
930,directo,2
931,anterior,1
932,general,6
933,necesario,8
934,cambiar,3
935,tono,1
936,enf√°tico,1
937,har√©,3
938,ver√©,1
939,desarrolla,1
940,asunto,3
941,decidir√©,1
942,danielmarquezvz,1
943,debates,1
944,acudimos,1
945,redes,10
946,confiamos,2
947,consejeros,4
948,mecanismos,1
949,di√°logo,2
950,revisarse,1
951,acabando,1
952,finalmente,2
953,mensaje,2
954,universitarias,3
955,preg√∫ntense,3
956,ahorita,4
957,ruidoso,1
958,beneficioso,1
959,lleve,1
960,inflaci√≥n,1
961,cuadran,1
962,excusas,2
963,aumentos,3
964,contable,1
965,transparente,2
966,trazable,1
967,libremente,1
968,auditable,1
969,van,24
970,formarse,1
971,rumores,1
972,corrupci√≥n,3
973,ven,2
974,chimbos,1
975,pago,3
976,necesidad,7
977,transparencia,1
978,trazabilidad,1
979,trazar,1
980,bol√≠vares,2
981,pagan,4
982,matr√≠cula,3
983,aumentando,2
984,exponencial,1
985,siga,3
986,debajo,1
987,muera,1
988,sigamos,1
989,yendo,1
990,campus,1
991,profesoral,2
992,decayendo,1
993,acelerada,1
994,precios,1
995,sigan,1
996,pueda,6
997,acceder,7
998,esencial,1
999,dejar√°,1
1000,sencillamente,5
1001,vale,9
1002,negar,2
1003,d√©spotas,2
1004,aprendido,4
1005,acad√©micamente,1
1006,aprendo,1
1007,lecciones,3
1008,puedo,10
1009,ganar,1
1010,√°mbito,1
1011,social,7
1012,honestamente,2
1013,valido,1
1014,playlist,1
1015,youtube,3
1016,humilde,1
1017,tribuna,1
1018,sigo,1
1019,estudiando,4
1020,cantidad,7
1021,morales,2
1022,servir√°n,1
1023,profesional,2
1024,emp√°ticos,1
1025,cursos,3
1026,l√≠nea,1
1027,coste√°rselo,1
1028,comodidad,1
1029,hogar,2
1030,har√°,2
1031,acceso,7
1032,ir√°,2
1033,costearse,1
1034,educaci√≥n,7
1035,desea,2
1036,pretende,1
1037,arreglar,2
1038,elementales,2
1039,tradicional,2
1040,revoluci√≥n,2
1041,realmente,10
1042,pena,9
1043,podemos,5
1044,profesionales,2
1045,formando,2
1046,enorgullesen,1
1047,tal,2
1048,buscan,2
1049,contratarlos,1
1050,cr√≠tica,1
1051,desconfianza,3
1052,piensen,2
1053,presumo,1
1054,buena,7
1055,fe,1
1056,quiz√°s,7
1057,vivi√≥,1
1058,tomar,2
1059,decisi√≥n,2
1060,incorrecta,1
1061,voz,4
1062,responsabilidad,7
1063,lidiar,1
1064,manifestarnos,1
1065,idea,6
1066,correctas,1
1067,correcto,8
1068,escuchada,1
1069,presionando,1
1070,escuchados,1
1071,m√©todos,1
1072,quedan,5
1073,abstengo,1
1074,manifestar,1
1075,cuales,4
1076,incentivar,2
1077,pretendo,1
1078,impulsar,2
1079,manifestaci√≥n,1
1080,activa,4
1081,firme,1
1082,quejas,4
1083,manifiesta,1
1084,estudiantado,1
1085,indistintamente,2
1086,propuestas,1
1087,electos,1
1088,labor,1
1089,principal,6
1090,salientes,1
1091,entrantes,1
1092,demuestren,1
1093,palabras,3
1094,pienso,2
1095,reducirse,1
1096,entiendo,13
1097,dejarlo,1
1098,p√∫blico,4
1099,vuelva,2
1100,gallinero,1
1101,importar,2
1102,postura,3
1103,cualquiera,4
1104,importantes,6
1105,presentes,1
1106,dicha,3
1107,comunicaci√≥n,2
1108,diga,9
1109,manifestado,1
1110,bueno,12
1111,ruido,2
1112,aun,19
1113,convoc√≥,1
1114,esper√©,1
1115,anoche,2
1116,volviese,1
1117,viral,1
1118,agradecer,1
1119,ayudado,1
1120,difundir,1
1121,empatizado,1
1122,padezcan,1
1123,cortico,1
1124,ps,3
1125,aclaratoria,1
1126,√∫nica,5
1127,escuch√©,1
1128,pidiendo,2
1129,plata,3
1130,pasar,8
1131,botado,1
1132,acto,2
1133,planteo,1
1134,hipot√©tico,1
1135,ir√≥nico,1
1136,echa,1
1137,salones,1
1138,padeciendo,1
1139,igual,10
1140,postul√©,1
1141,quejarme,1
1142,habl√©,2
1143,frente,7
1144,pudieron,1
1145,preocupo,1
1146,amo,2
1147,sirvo,1
1148,gremio,2
1149,llegar,3
1150,all√°,5
1151,confianza,6
1152,representante,2
1153,much√≠simo,1
1154,consideran,6
1155,ultrarradical,1
1156,quedar,2
1157,registro,1
1158,futuro,3
1159,preocup√©,1
1160,hagan,6
1161,presi√≥n,3
1162,necesaria,3
1163,llegado,4
1164,negligencia,2
1165,√°nimos,2
1166,dinero,4
1167,trata,1
1168,quita,1
1169,requisito,1
1170,entrada,2
1171,dirigencia,3
1172,pol√≠tica,8
1173,partidos,1
1174,llegando,2
1175,cr√≠tico,2
1176,elecciones,18
1177,ganaron,2
1178,ejerzan,1
1179,cargo,6
1180,correctamente,3
1181,finalizar,1
1182,cerrando,2
1183,√∫ltimo,4
1184,extensi√≥n,2
1185,gastaron,1
1186,campa√±a,4
1187,ejercieron,1
1188,ejercer,1
1189,adorno,2
1190,ponerlo,2
1191,curr√≠culum,1
1192,inciso,1
1193,apellido,1
1194,alguien,8
1195,espec√≠fico,2
1196,ejemplos,1
1197,referenciales,1
1198,rehuso,1
1199,superior,3
1200,presencial,1
1201,clausula,1
1202,confidencialidad,1
1203,institucional,3
1204,lastimosamente,1
1205,dice,8
1206,padre,4
1207,latino,3
1208,fascina,1
1209,colectivismo,1
1210,individualista,1
1211,da,13
1212,gana,3
1213,esquiroles,1
1214,grande,10
1215,pareciera,1
1216,ocurriese,2
1217,inscribir,1
1218,v√°lidas,1
1219,coherencia,3
1220,cine,1
1221,abre,1
1222,organicemos,1
1223,paro,1
1224,motivos,1
1225,asco,3
1226,ajena,2
1227,dicen,6
1228,miseria,2
1229,encuestas,1
1230,farsa,1
1231,sentimiento,3
1232,compartido,1
1233,incluso,8
1234,invitan,1
1235,duele,1
1236,digan,3
1237,duelen,1
1238,sabemos,2
1239,digamos,1
1240,perjudiquen,1
1241,empiece,1
1242,revisar,1
1243,aumentar,1
1244,valen,2
1245,forzado,4
1246,polar,2
1247,alimenticio,1
1248,movistar,2
1249,digitel,2
1250,movilnet,1
1251,oligopolio,5
1252,telecomunicaciones,1
1253,unimet,2
1254,hablar,6
1255,peso,1
1256,palabra,1
1257,sector,2
1258,econ√≥mico,1
1259,competidores,1
1260,llega,4
1261,zonas,2
1262,geogr√°ficas,1
1263,excesivos,1
1264,corrije,1
1265,verdad,8
1266,fino,1
1267,maneja,1
1268,nunca,22
1269,preguntado,1
1270,ucv,7
1271,competencia,1
1272,directa,3
1273,amar,3
1274,servir,2
1275,d√≥lares,3
1276,bolsillo,1
1277,queda,5
1278,estudiar,3
1279,cooperaci√≥n,1
1280,pide,3
1281,millones,4
1282,copias,2
1283,flexibiliza,1
1284,siguen,4
1285,reducci√≥n,1
1286,ayudas,2
1287,deber√≠an,8
1288,exhaustivo,1
1289,escuelas,2
1290,ofrecer,4
1291,planes,4
1292,paquetes,3
1293,usados,1
1294,deber√≠amos,2
1295,representar,1
1296,mantener,1
1297,bioseguridad,1
1298,alternativas,1
1299,situaciones,2
1300,extraordinarias,1
1301,gasolina,5
1302,veo,7
1303,tec,1
1304,mx,1
1305,usp,1
1306,br,1
1307,actividades,3
1308,rato,3
1309,bienvenida,2
1310,super,9
1311,c√°lida,1
1312,promoci√≥n,2
1313,programa,6
1314,hacemos,1
1315,captar,3
1316,ejemplo,4
1317,microsoft,14
1318,student,2
1319,ambassador,1
1320,represento,1
1321,tutor,2
1322,internacional,1
1323,ofrece,7
1324,especializados,1
1325,podido,1
1326,toda,17
1327,propaganda,3
1328,divertida,2
1329,llamaron,1
1330,direcci√≥n,2
1331,comunes,2
1332,preguntaron,1
1333,dando,3
1334,tutor√≠as,1
1335,dije,6
1336,pretenden,1
1337,usando,4
1338,mercadeo,2
1339,promocionar,1
1340,im√°genes,2
1341,existir,2
1342,caer,3
1343,chamos,1
1344,libros,2
1345,ingl√©s,2
1346,dibujos,1
1347,ut√≥picos,1
1348,cielo,1
1349,atalaya,1
1350,aumentado,1
1351,exponencialmente,1
1352,normal,7
1353,poseemos,1
1354,recursos,5
1355,hablado,1
1356,agrupaciones,1
1357,piensa,1
1358,infraestructura,4
1359,preocupa,6
1360,borde,2
1361,muerte,6
1362,habilitados,1
1363,recargo,2
1364,usarlos,1
1365,casas,1
1366,usada,1
1367,consecutivo,1
1368,transporte,2
1369,flexibilizaci√≥n,2
1370,taxonom√≠as,2
1371,usan,6
1372,viven,2
1373,alejadas,1
1374,podr√°n,2
1375,electoral,10
1376,pocos,5
1377,votos,6
1378,claramente,1
1379,omiso,2
1380,exigen,1
1381,presencialidad,1
1382,quejan,2
1383,propias,1
1384,habilit√≥,1
1385,ruta,1
1386,vicerrectorado,1
1387,plante√≥,1
1388,enorme,2
1389,ciudad,6
1390,plane√≥,1
1391,soluci√≥n,3
1392,l√≠mites,1
1393,pagar,3
1394,delirios,1
1395,todas,12
1396,esperar,2
1397,queden,3
1398,brazos,1
1399,cruzados,1
1400,frasesita,1
1401,garantiza,1
1402,monitoreando,1
1403,usa,3
1404,herramienta,3
1405,at√≠pica,2
1406,virtuales,1
1407,h√°ganlas,1
1408,obliguen,1
1409,estandarizarse,1
1410,entrar,3
1411,realizarla,1
1412,m√≥dulo,2
1413,big,6
1414,blue,1
1415,button,1
1416,absolutamente,5
1417,correo,2
1418,electr√≥nico,1
1419,jacta,1
1420,servicio,10
1421,incapaz,1
1422,obligar,1
1423,capacitarse,1
1424,forzados,1
1425,activas,1
1426,evaluaciones,1
1427,promociona,1
1428,tecnolog√≠a,3
1429,canvas,1
1430,excesivamente,4
1431,debido,7
1432,servidores,2
1433,imagino,2
1434,hosteados,1
1435,localment,1
1436,montalb√°n,2
1437,servicios,7
1438,gratuito,1
1439,office,1
1440,gapps,1
1441,for,5
1442,education,2
1443,licencias,1
1444,software,6
1445,licencia,3
1446,revis√©,1
1447,responsable,4
1448,vuelve,5
1449,burra,1
1450,trigo,1
1451,temas,1
1452,empapados,1
1453,profesorado,1
1454,educativos,1
1455,computadora,8
1456,casa,5
1457,compartir,2
1458,hermanos,1
1459,pirateando,1
1460,conocimientos,1
1461,descargando,3
1462,malware,1
1463,da√±a,1
1464,pc,5
1465,velocidad,4
1466,desembolsillar,1
1467,virtual,3
1468,requiere,1
1469,quiere,12
1470,necesitan,2
1471,programar,3
1472,correr,1
1473,hac√≠an,2
1474,us√©,1
1475,absoluta,2
1476,viene,3
1477,cobrar,2
1478,taxonom√≠a,1
1479,completa,2
1480,completo,4
1481,instalaciones,1
1482,arriesgo,1
1483,exagerando,1
1484,pr√°cticamente,5
1485,obligado,1
1486,pandemia,2
1487,extraordinaria,1
1488,comentarios,1
1489,desarrollo,6
1490,veracidad,1
1491,ciertos,3
1492,elementos,1
1493,docente,2
1494,aut√≥nomo,1
1495,empieze,1
1496,pedir,3
1497,alcohol,1
1498,encontrar,2
1499,cuarta,1
1500,categor√≠a,1
1501,respuesta,7
1502,groseros,1
1503,vengativos,1
1504,demuestran,1
1505,dominio,2
1506,imparten,1
1507,parcializados,1
1508,orgullosos,1
1509,arrogantes,1
1510,primero,7
1511,m√∫ltiples,2
1512,carreras,2
1513,comportan,1
1514,dictadores,2
1515,rencorosos,1
1516,faltos,1
1517,empat√≠a,2
1518,rid√≠culas,1
1519,entrante,1
1520,acuerdo,3
1521,paga,3
1522,educativa,1
1523,entran,1
1524,factores,1
1525,instituciones,4
1526,aut√≥nomas,1
1527,vivo,1
1528,tit√°nico,1
1529,dolor,3
1530,sabr√≠a,2
1531,complicada,1
1532,costearla,1
1533,sobrehumano,1
1534,becas,1
1535,econ√≥micas,2
1536,venezolano,4
1537,lleva,7
1538,persecuci√≥n,1
1539,pa√≠s,30
1540,empresa,4
1541,costear,1
1542,empleados,1
1543,considera,4
1544,derechas,1
1545,partidario,2
1546,p√∫blica,3
1547,convertido,2
1548,adoctrinamiento,1
1549,advertido,1
1550,padres,1
1551,fundadores,1
1552,viendo,4
1553,tendencias,2
1554,siendo,7
1555,callarse,1
1556,tragado,1
1557,abro,3
1558,√°cido,1
1559,mor√≠,1
1560,megalovania,1
1561,nanutria,1
1562,co√±azo,1
1563,vox,5
1564,catalu√±a,1
1565,pr√≥ximas,1
1566,perplejos,1
1567,sanchez,3
1568,pani,1
1569,panita,1
1570,casado,1
1571,parecen,1
1572,ataques,2
1573,desesperaci√≥n,1
1574,inminente,1
1575,derrota,1
1576,c√≠rculos,1
1577,periodismo,1
1578,moderno,1
1579,basura,2
1580,carece,1
1581,√©tica,1
1582,l√©xico,1
1583,distorcionan,1
1584,romantizan,1
1585,peores,3
1586,expresiones,1
1587,sesgados,2
1588,satisfacen,1
1589,corporativistas,1
1590,eren,3
1591,did,4
1592,everything,1
1593,wrong,3
1594,creer,7
1595,nothing,2
1596,fucking,2
1597,pone,5
1598,privadas,2
1599,cometen,2
1600,error,1
1601,fin,7
1602,cr√≠a,1
1603,cuervos,2
1604,basa,3
1605,sabidur√≠a,1
1606,colectivo,1
1607,pictozurdos,1
1608,desconocen,1
1609,t√©rmino,1
1610,meritocracia,1
1611,existe,6
1612,ideolog√≠a,3
1613,olvidar,2
1614,proyecto,7
1615,terminado,3
1616,encontr√©,1
1617,clase,5
1618,mit,2
1619,manejo,1
1620,memoria,1
1621,llamado,4
1622,valgrind,1
1623,detectaba,1
1624,pila,2
1625,variables,1
1626,googlear,1
1627,conseguir,1
1628,documentaci√≥n,1
1629,sabe,11
1630,carajo,4
1631,errores,4
1632,salen,1
1633,fu√≠,1
1634,dedicar,2
1635,computaci√≥n,1
1636,gr√°fica,3
1637,webdev,1
1638,escritorio,1
1639,android,2
1640,heme,1
1641,modelando,1
1642,blender,1
1643,assets,1
1644,program,2
1645,disfrut√°ndolo,1
1646,sanar,2
1647,vaina,7
1648,encanta,4
1649,minidocumentales,1
1650,sobretodo,1
1651,teor√≠a,4
1652,dise√±o,1
1653,videojuegos,2
1654,favoritos,1
1655,deadliest,1
1656,computer,2
1657,virus,3
1658,breve,1
1659,historia,10
1660,wannacry,1
1661,tulsi,1
1662,l√°nzate,1
1663,senadora,2
1664,acordaba,1
1665,learn,1
1666,code,1
1667,obama,2
1668,p√©rdida,3
1669,trabajos,1
1670,minas,1
1671,diossss,1
1672,jasjaksajskasjksjka,1
1673,medicina,1
1674,menci√≥n,1
1675,ingenier√≠a,3
1676,üòîüëåüíØ,1
1677,dolan,1
1678,tron,2
1679,malo,2
1680,fascista,3
1681,chupen,1
1682,abr√≥chense,1
1683,cinturones,1
1684,vienen,3
1685,recesi√≥n,1
1686,mcconnell,1
1687,esperando,1
1688,thousand,1
1689,year,2
1690,blood,1
1691,sesgo,2
1692,zurdo,1
1693,twitter,13
1694,evidente,1
1695,cria,1
1696,obra,7
1697,comedia,1
1698,room,1
1699,buscaminas,1
1700,fps,2
1701,raytracing,1
1702,heck,1
1703,izquierda,10
1704,inmediatamente,3
1705,ignorante,1
1706,estudias,1
1707,estudiaste,1
1708,artes,1
1709,descartada,1
1710,muchachos,2
1711,zurdos,3
1712,culpa,3
1713,ciudadanos,2
1714,intervenci√≥n,2
1715,cazar,1
1716,episodio,1
1717,boom,1
1718,putos,1
1719,vicman,4
1720,ve,6
1721,explican,1
1722,interesante,3
1723,perseguido,1
1724,exiliado,1
1725,regresa,1
1726,sabiendo,1
1727,detener,2
1728,manuel,1
1729,rosales,1
1730,alexei,1
1731,navalny,1
1732,comparaci√≥n,1
1733,hamletvip,1
1734,farmarato,1
1735,ok,14
1736,compraste,1
1737,vendiendo,1
1738,perros,1
1739,jaeger,1
1740,dejas,1
1741,liceo,1
1742,odias,1
1743,tranquilo,1
1744,pr√≥xima,2
1745,saldr√°,1
1746,pop,1
1747,up,2
1748,discreto,1
1749,enterar√°,1
1750,excepto,2
1751,uni√≥n,2
1752,europea,2
1753,tardar√°,1
1754,realizar,1
1755,legislaci√≥n,1
1756,doncorneliano,5
1757,conspirativa,2
1758,ah√≠,4
1759,mujer,6
1760,congresista,1
1761,dem√≥crata,3
1762,ideas,4
1763,√∫ltimamente,3
1764,rozando,1
1765,actual,2
1766,partido,17
1767,republicano,5
1768,agarrado,1
1769,increible,2
1770,corriente,1
1771,progresista,1
1772,manteniendo,2
1773,ideales,1
1774,liberalistas,1
1775,conservadores,2
1776,√°reas,2
1777,relaciones,2
1778,web,2
1779,aunado,1
1780,falta,4
1781,demostrado,1
1782,deja,3
1783,hipocres√≠a,1
1784,tolera,2
1785,entiende,1
1786,comporte,1
1787,autoritaria,1
1788,atentamente,2
1789,expresa,2
1790,equivocada,1
1791,p√°nico,1
1792,why,1
1793,doral,1
1794,fl,1
1795,consegu√≠,1
1796,agregador,1
1797,bienes,1
1798,raices,1
1799,gbps,1
1800,dar√≠a,1
1801,conexi√≥n,1
1802,vpn,1
1803,activado,1
1804,claro,5
1805,duras,1
1806,penas,2
1807,mbps,2
1808,coherente,1
1809,apoyo,8
1810,asalto,4
1811,congreso,3
1812,dudo,2
1813,hechos,3
1814,considero,3
1815,recae,2
1816,tech,6
1817,emmarincon,1
1818,celebran,1
1819,censura,17
1820,americana,4
1821,cae,3
1822,lloriquean,1
1823,conatel,1
1824,desventuras,1
1825,friendly,1
1826,reminder,1
1827,nazis,2
1828,incendio,2
1829,reichstag,2
1830,falsa,3
1831,bandera,4
1832,deshacerse,1
1833,pol√≠ticamente,2
1834,pens√≥,1
1835,populares,1
1836,mueres,1
1837,h√©roe,1
1838,vives,2
1839,suficiente,4
1840,periodista,1
1841,llorando,4
1842,acci√≥n,2
1843,an√°loga,1
1844,estatal,2
1845,chinos,2
1846,eeuu,22
1847,sanciones,2
1848,china,9
1849,afectasen,1
1850,wechat,1
1851,app,3
1852,mensajer√≠a,1
1853,n¬∞,4
1854,dejase,1
1855,incomunicados,1
1856,incitaci√≥n,1
1857,violencia,3
1858,discurso,1
1859,odio,6
1860,aparentemente,2
1861,patriotas,1
1862,seguidores,2
1863,explicaron,1
1864,parler,3
1865,trending,2
1866,retiro,1
1867,store,10
1868,signal,1
1869,jack,3
1870,dorsey,1
1871,quedo,1
1872,telegram,1
1873,sedici√≥n,1
1874,emociones,2
1875,falsas,1
1876,causas,1
1877,pendientes,1
1878,resbalosas,1
1879,permite,1
1880,presidente,12
1881,ir√°n,7
1882,destruir,1
1883,israel,1
1884,famosa,1
1885,humorista,1
1886,apolog√≠a,1
1887,asesinato,2
1888,funciones,1
1889,herir,1
1890,susceptabilidades,1
1891,cierre,1
1892,cuenta,17
1893,justificaci√≥n,1
1894,blog,1
1895,serie,7
1896,especulaciones,1
1897,apelaci√≥n,1
1898,usuarios,2
1899,cr√≠menes,1
1900,compa√±√≠as,3
1901,ofrecen,1
1902,expresarse,2
1903,lin,1
1904,wood,1
1905,qtard,1
1906,opino,1
1907,violen,1
1908,ley,5
1909,aplica,1
1910,mercado,4
1911,posee,1
1912,alt√≠sima,1
1913,cuota,1
1914,permitir,1
1915,comparta,2
1916,difusi√≥n,1
1917,pertenecen,1
1918,preocupan,2
1919,absoluto,4
1920,justificarlo,1
1921,muh,2
1922,violento,1
1923,expresi√≥n,3
1924,respetar,1
1925,plazca,1
1926,compartirlo,1
1927,comunicadores,1
1928,sociales,3
1929,conozco,1
1930,justifican,1
1931,ocurriendo,2
1932,cuerda,3
1933,doblemoralistas,1
1934,pasase,1
1935,l√°grimas,1
1936,sangre,3
1937,radio,1
1938,caraota,1
1939,digital,3
1940,cocuyo,1
1941,est√≠mulo,1
1942,oposici√≥n,3
1943,minimizada,1
1944,atacada,1
1945,vengan,3
1946,propio,9
1947,expulsado,1
1948,play,1
1949,hosting,1
1950,supone,2
1951,pretender√°,1
1952,se√±ales,1
1953,humo,2
1954,red,3
1955,concentra,1
1956,ponen,3
1957,silenciar,2
1958,fines,2
1959,medio,11
1960,masiva,1
1961,produciendo,1
1962,sospechosa,1
1963,pensando,2
1964,enero,1
1965,org√°nico,1
1966,huele,2
1967,crea,6
1968,microblogging,1
1969,google,8
1970,tienda,6
1971,apple,2
1972,so,4
1973,movil,1
1974,amazon,2
1975,nube,1
1976,at,2
1977,amp,2
1978,isp,1
1979,inathanielgg,1
1980,p√©ndulo,1
1981,empieza,5
1982,oscilar,1
1983,lado,3
1984,pronto,4
1985,cuentas,2
1986,piso,2
1987,pat√©tica,2
1988,idiosincrasia,1
1989,juan,3
1990,guaid√≥,6
1991,ronna,1
1992,romney,3
1993,mcdaniel,1
1994,familiar,1
1995,mitt,3
1996,sobrina,1
1997,espec√≠ficos,1
1998,senador,1
1999,impeachment,2
2000,captamos,1
2001,contesta,1
2002,falacia,1
2003,ad,5
2004,hominem,1
2005,procede,1
2006,bloquearme,1
2007,humilla,1
2008,adeco,2
2009,onu,1
2010,rinde,1
2011,pleites√≠a,1
2012,ecologistas,1
2013,comporta,1
2014,raz√≥n,8
2015,perdi√≥,5
2016,abandon√≥,1
2017,atac√≥,1
2018,plena,1
2019,entienden,1
2020,deshacen,1
2021,gop,7
2022,terminar,4
2023,whig,1
2024,disueltos,1
2025,aprobar,1
2026,ayuda,2
2027,compone,1
2028,p√°ginas,1
2029,regala,1
2030,g√©nero,2
2031,palestina,1
2032,hierbas,1
2033,asegurado,1
2034,esca√±os,1
2035,georgia,2
2036,mitch,1
2037,mcconell,1
2038,realizasen,1
2039,investigaciones,3
2040,voto,4
2041,ted,2
2042,cruz,1
2043,denunciado,2
2044,actuar,1
2045,senadores,1
2046,consistentes,1
2047,juramentar,1
2048,juicio,3
2049,traici√≥n,2
2050,hermanntertsch,1
2051,primeras,2
2052,oraciones,1
2053,p√°gina,2
2054,inacci√≥n,1
2055,recuper√≥,1
2056,hacerle,2
2057,rid√≠culo,5
2058,alturas,5
2059,extremadamente,3
2060,peligroso,2
2061,guerra,11
2062,paz,6
2063,libertad,8
2064,esclavitud,3
2065,ignorancia,3
2066,exactamente,1
2067,preocupante,1
2068,temo,1
2069,generar,2
2070,inauguraci√≥n,1
2071,presentimiento,2
2072,vivir√©,1
2073,vengo,7
2074,repito,3
2075,kamala,1
2076,dif√≠ciles,2
2077,cuidado,2
2078,llegan,2
2079,resultados,5
2080,republicanos,7
2081,calma,2
2082,condenan,1
2083,dem√≥cratas,9
2084,msm,1
2085,lanzando,1
2086,fuego,3
2087,bandos,1
2088,responsables,3
2089,tensas,1
2090,caos,4
2091,verdadera,1
2092,pregunta,3
2093,encargadas,1
2094,seguridad,15
2095,capitolio,1
2096,reforzaron,1
2097,segurida,1
2098,sabiendas,1
2099,calle,1
2100,f√∫ricas,1
2101,ocurrido,5
2102,meses,8
2103,pa√±o,1
2104,agua,1
2105,fr√≠a,1
2106,estrellar,1
2107,cami√≥n,1
2108,lleno,2
2109,kikoperozo,1
2110,barbaraadejesus,1
2111,di,2
2112,cre√≥,1
2113,sanci√≥n,1
2114,espec√≠ficamente,1
2115,censurar,3
2116,aplic√°ndolo,1
2117,sensata,1
2118,rechaze,1
2119,desgracia,2
2120,pertenezcan,1
2121,democracia,7
2122,oscuros,1
2123,reciente,2
2124,rinos,1
2125,dems,1
2126,hablando,4
2127,solidarity,1
2128,party,2
2129,perfecto,1
2130,formalizar,1
2131,ocurra,2
2132,ma√±ana,7
2133,ceder,2
2134,fractura,1
2135,new,1
2136,patriot,1
2137,liderado,2
2138,reps,1
2139,termina,3
2140,trumpismo,1
2141,perdue,1
2142,loeffer,1
2143,dignidad,1
2144,reclamar,1
2145,irregularidades,5
2146,evidentes,1
2147,anomal√≠as,1
2148,estad√≠sticas,2
2149,repetici√≥n,1
2150,patr√≥n,1
2151,noviembre,5
2152,demostrar√°n,1
2153,conteo,2
2154,medianoche,1
2155,aparecieron,1
2156,cerraron,1
2157,diferencia,5
2158,ven√≠a,2
2159,ampliando,1
2160,noche,4
2161,mismos,2
2162,condados,2
2163,ü§∑‚Äç‚ôÇÔ∏è,1
2164,do,2
2165,you,7
2166,like,5
2167,car,4
2168,marlboro,1
2169,necesitamos,1
2170,versi√≥n,10
2171,moderna,1
2172,considerando,1
2173,plan,3
2174,caro,1
2175,netflix,1
2176,sale,3
2177,barato,2
2178,simpletv,2
2179,mentales,1
2180,necesito,3
2181,foto,4
2182,grameu,1
2183,bule,2
2184,proceder,1
2185,armar,1
2186,gamer,1
2187,dualshock,1
2188,fuertes,2
2189,convicci√≥n,1
2190,latam,3
2191,llegaron,1
2192,presidentes,2
2193,terminaron,1
2194,apertura,3
2195,ost,1
2196,hollow,1
2197,knight,2
2198,maestra,1
2199,interactiva,1
2200,oportunidad,2
2201,probar,2
2202,definitivamente,1
2203,top,7
2204,juegos,6
2205,pas√©,6
2206,bidenzolanos,1
2207,be,4
2208,encerr√≥,1
2209,ni√±os,1
2210,deportaba,1
2211,again,3
2212,linus,2
2213,tips,2
2214,meth,1
2215,casual,1
2216,gonna,3
2217,coom,1
2218,aaaaaaaaaaaaaaaaaaaaaaaaaaa,1
2219,coooooooooooooomiiiiiiiiiiiiiiiiiiiiiiiiiiing,1
2220,fraude,16
2221,pruebas,9
2222,masivo,2
2223,lt,1
2224,voltear,1
2225,volteados,1
2226,clinton,3
2227,asquea,1
2228,grandes,3
2229,empresas,3
2230,utilizan,1
2231,opinan,2
2232,distinto,3
2233,permiten,1
2234,tiranos,1
2235,puedas,2
2236,esparcir,1
2237,amenazas,2
2238,andanza,1
2239,hope,1
2240,end,1
2241,prision,1
2242,logan,1
2243,act,2
2244,us,1
2245,federal,2
2246,law,1
2247,that,4
2248,criminalizes,1
2249,negotiation,1
2250,by,2
2251,unauthorized,2
2252,american,1
2253,citizens,1
2254,with,2
2255,foreign,1
2256,governments,1
2257,having,1
2258,dispute,1
2259,united,1
2260,states,1
2261,intent,1
2262,behind,1
2263,prevent,1
2264,negotiations,1
2265,from,2
2266,undermining,1
2267,government,1
2268,position,1
2269,apag√≥n,1
2270,informativo,1
2271,expropia,1
2272,destruye,2
2273,econom√≠a,1
2274,crean,1
2275,listas,1
2276,amenazan,1
2277,prohibir,1
2278,b√°sicos,2
2279,piensan,1
2280,reconteos,1
2281,h√©roes,1
2282,c√°tedra,1
2283,period√≠stica,1
2284,burlarse,1
2285,procedes,1
2286,bajeza,1
2287,gigante,1
2288,mi√©rcoles,1
2289,joe,6
2290,preso,2
2291,logotipo,1
2292,potus,3
2293,propagand√≠sticos,1
2294,aprobaci√≥n,1
2295,ente,1
2296,gubernamental,1
2297,oficina,1
2298,electo,2
2299,colegios,4
2300,electorales,4
2301,voten,2
2302,oficialmente,5
2303,mandatario,1
2304,et√©reo,1
2305,payaso,2
2306,traje,1
2307,votan,1
2308,inteligentes,1
2309,porfa,3
2310,reconteo,2
2311,encantar√≠a,1
2312,neil,1
2313,cicierega,1
2314,game,1
2315,obstrucci√≥n,2
2316,penado,2
2317,odian,2
2318,razones,3
2319,demanden,1
2320,impugnando,1
2321,corte,2
2322,justicia,4
2323,impuestos,1
2324,robo,2
2325,anneryso,1
2326,investigaci√≥n,4
2327,tarde,5
2328,expandir,2
2329,finos,1
2330,marioneta,1
2331,arizona,1
2332,pennsylvania,2
2333,nevada,2
2334,north,1
2335,carolina,1
2336,wanna,1
2337,race,1
2338,shall,1
2339,go,2
2340,now,1
2341,gas,4
2342,step,1
2343,on,15
2344,tonight,1
2345,ll,3
2346,fly,1
2347,and,2
2348,your,2
2349,lover,1
2350,yeah,3
2351,quick,1
2352,as,2
2353,flash,2
2354,hero,1
2355,juro,4
2356,memes,1
2357,justice,2
2358,thomas,1
2359,just,2
2360,activated,1
2361,trap,1
2362,card,1
2363,federales,1
2364,realizadas,1
2365,bur√≥,1
2366,fbi,2
2367,creado,2
2368,capone,1
2369,rudy,2
2370,giuliani,2
2371,asesor,1
2372,legal,4
2373,donald,2
2374,tumb√≥,1
2375,mafia,2
2376,nyc,1
2377,fiscal,1
2378,biolocousb,1
2379,estad√≠stico,1
2380,benford,2
2381,hallar,2
2382,inconsistencias,1
2383,acusan,1
2384,totalitario,1
2385,piden,1
2386,reencuentro,2
2387,perd√≥n,1
2388,pega,1
2389,ama,1
2390,seguirle,2
2391,pegando,1
2392,cabo,1
2393,v√≠,3
2394,borrar,3
2395,daban,1
2396,apelar,1
2397,link,7
2398,redirig√≠a,1
2399,solicitar,1
2400,robada,1
2401,chantaje,1
2402,t√°cticas,1
2403,totalitarias,1
2404,bloqueada,1
2405,retweet,2
2406,americanas,2
2407,violaba,1
2408,tos,2
2409,especificar,1
2410,ban,1
2411,inmediato,1
2412,algoritmo,1
2413,hardcodeado,1
2414,ocultar,1
2415,maduro,2
2416,equivoca,1
2417,ivanka,1
2418,carlson,1
2419,cnn,3
2420,melania,2
2421,conceda,1
2422,twittea,1
2423,almendras,1
2424,gan√≥,4
2425,rusa,1
2426,reeeeeeeeeeee,1
2427,limpiamente,1
2428,censurando,1
2429,ret√≥rica,1
2430,¬øsab√≠a,1
2431,usted,2
2432,investigaci√≥,1
2433,legitimidad,1
2434,solicitarla,1
2435,ganado,2
2436,hunter,1
2437,involucrados,1
2438,ucrania,1
2439,denunciaron,1
2440,reunirse,1
2441,ucranianos,1
2442,informaci√≥n,10
2443,fantasy,1
2444,island,1
2445,adult,1
2446,bookstore,1
2447,pa,7
2448,delaware,1
2449,valley,1
2450,cremation,1
2451,center,1
2452,four,2
2453,seasons,2
2454,total,4
2455,landscaping,2
2456,ba,1
2457,sing,1
2458,plaza,1
2459,tiananmen,1
2460,hamill,1
2461,precuelas,1
2462,entend√≠,2
2463,gigantesco,2
2464,pana,17
2465,l√≥gico,1
2466,ri√©ndome,1
2467,duro,3
2468,dick,1
2469,cheney,1
2470,gabinete,3
2471,gesti√≥n,1
2472,podrida,1
2473,oler,3
2474,rochiph,1
2475,cometan,1
2476,escala,3
2477,esc√°ndalo,1
2478,salarios,1
2479,especialistas,1
2480,nubes,1
2481,ü§ëü§ëü§ëü§ëü§ëü§ëü§ë,1
2482,negra,4
2483,asi√°tica,1
2484,üòçüòçüòçüòç,1
2485,disculpa,1
2486,siso,1
2487,equivocaste,1
2488,administraci√≥n,1
2489,harris,1
2490,plano,1
2491,consolidar,1
2492,dictadura,2
2493,vuelvas,1
2494,cantar,2
2495,hijo,5
2496,puta,6
2497,acab√≥,2
2498,covid,3
2499,se√±ores,4
2500,cuesti√≥n,2
2501,defender,4
2502,claros,2
2503,decide,2
2504,reconocer,2
2505,sospechas,2
2506,predecidos,1
2507,americanos,1
2508,pugnas,1
2509,mio,2
2510,empezado,1
2511,aludiendo,1
2512,remoci√≥n,1
2513,removieron,1
2514,mentir,2
2515,juego,15
2516,ignorar,1
2517,juicios,1
2518,especializaci√≥n,1
2519,controlando,1
2520,cortes,2
2521,decidir,1
2522,celebrando,2
2523,mitad,7
2524,frustrada,1
2525,fallan,1
2526,revierte,1
2527,resultado,2
2528,choque,1
2529,emocional,2
2530,producir,1
2531,reacciones,3
2532,imprevistas,1
2533,desatar,1
2534,civil,3
2535,declarar,1
2536,candidato,4
2537,tendencia,1
2538,irreversible,1
2539,contar,2
2540,inferior,1
2541,candidatos,2
2542,more,2
2543,know,1
2544,tibi,1
2545,impugnados,1
2546,nv,1
2547,declarados,1
2548,wi,1
2549,otorgados,1
2550,martes,2
2551,victoria,1
2552,poblaci√≥n,1
2553,apela,1
2554,crear,4
2555,adjudic√≥,1
2556,predecir,2
2557,adjudicaron,1
2558,gore,3
2559,florida,3
2560,polarizado,1
2561,incorrecto,2
2562,declaraci√≥n,1
2563,nombrar,2
2564,ganador,1
2565,irresponsabilidad,1
2566,ilegal,4
2567,declararon,1
2568,prematuramente,1
2569,decidido,2
2570,impugn√≥,1
2571,termin√≥,5
2572,scotus,1
2573,diciembre,3
2574,fallaron,1
2575,bush,2
2576,rol,2
2577,sube,1
2578,m√°xima,1
2579,instancia,1
2580,analizar,1
2581,hombre,4
2582,neoyorquina,1
2583,melprzz,1
2584,yasuo,1
2585,manco,2
2586,dijiste,1
2587,vemos,1
2588,grieta,1
2589,ejecuten,1
2590,derechos,2
2591,armas,6
2592,veteranos,1
2593,militares,1
2594,apoyas,1
2595,paralizado,1
2596,vendr√≠a,2
2597,puesto,3
2598,lista,2
2599,prohibo,1
2600,nazi,1
2601,vas,4
2602,voluntad,2
2603,pueblo,3
2604,dnc,4
2605,cometi√≥,1
2606,presa,2
2607,acusaciones,1
2608,apel√≥,1
2609,demandar,1
2610,injurias,1
2611,naciones,1
2612,mundial,2
2613,punta,1
2614,lanza,1
2615,tipo,4
2616,abatido,1
2617,terroristas,1
2618,mafiosos,1
2619,poderosos,1
2620,carteles,1
2621,narcotr√°fico,2
2622,niego,3
2623,pase,3
2624,triunfar√°,1
2625,autistas,1
2626,chan,1
2627,conseguido,2
2628,muerta,3
2629,votando,1
2630,papeletas,1
2631,duplicadas,1
2632,violan,1
2633,podr√≠an,3
2634,agencias,2
2635,ojos,2
2636,revelar,1
2637,eliminar,2
2638,mediados,1
2639,department,1
2640,of,6
2641,homeland,1
2642,security,1
2643,dhs,1
2644,involucrado,1
2645,altamente,1
2646,probable,2
2647,solicitado,1
2648,exhaustiva,1
2649,ustedes,5
2650,imaginan,1
2651,pasar√≠a,1
2652,avi√≥n,1
2653,comercial,1
2654,estrellase,1
2655,estatua,1
2656,detonase,1
2657,bomba,1
2658,externa,1
2659,interna,2
2660,construido,1
2661,impenetrable,1
2662,m√°ximos,1
2663,fechas,3
2664,l√≥gicas,1
2665,navidad,3
2666,nuevo,12
2667,independencia,1
2668,thanksgiving,1
2669,etc,3
2670,muestran,1
2671,tribunales,2
2672,partir,4
2673,volverse,1
2674,conspiran√≥ico,1
2675,cia,2
2676,nsa,1
2677,ej√©rcito,1
2678,americano,1
2679,atacado,1
2680,evento,2
2681,bistec,1
2682,cuantas,1
2683,bolas,7
2684,helado,1
2685,usado,2
2686,imag√≠nense,1
2687,sagrado,1
2688,impugnen,1
2689,elecci√≥n,2
2690,vayan,2
2691,instancias,2
2692,deseen,1
2693,ir√≠a,1
2694,espalda,3
2695,perjudica,1
2696,popular,2
2697,valor,2
2698,embargo,3
2699,d√°ndole,2
2700,perjudican,2
2701,elector,1
2702,apoyar,4
2703,graves,2
2704,lamentablemente,1
2705,crearnos,1
2706,accedimos,1
2707,estipulado,1
2708,eula,1
2709,toman,1
2710,bloqueen,1
2711,mensajes,1
2712,ciertas,2
2713,desvirt√∫an,1
2714,criterio,2
2715,base,3
2716,cortar,2
2717,transmisi√≥n,1
2718,conclusi√≥n,1
2719,apresurada,1
2720,nbc,2
2721,univision,1
2722,echar,1
2723,le√±a,1
2724,insult√°ndolo,1
2725,fundaci√≥n,1
2726,naci√≥n,2
2727,admirado,1
2728,transmitan,1
2729,wh,1
2730,voluntariamente,1
2731,tramitando,1
2732,legalmente,1
2733,posibles,4
2734,pie,1
2735,pertenece,1
2736,confesiones,1
2737,manipulaci√≥n,1
2738,presidenciales,1
2739,extra√±o,8
2740,entender,5
2741,justificaciones,1
2742,ala,1
2743,critican,1
2744,merecen,4
2745,comente,1
2746,detalladamente,1
2747,facebook,4
2748,inmediata,3
2749,paradoja,1
2750,comunista,3
2751,d√≠galo,1
2752,dyco,1
2753,tardaron,1
2754,alrededor,3
2755,mes,4
2756,peo,6
2757,cap√≠tulos,1
2758,pelea,1
2759,arco,1
2760,freezer,1
2761,fabricaci√≥n,1
2762,hear,1
2763,out,1
2764,wind,1
2765,waker,1
2766,randomizer,1
2767,gustan,2
2768,risa,5
2769,abc,1
2770,axios,1
2771,politico,1
2772,time,2
2773,forbes,1
2774,cereza,1
2775,pastel,1
2776,buzzfeed,1
2777,ü§°ü§°ü§°ü§°ü§°,1
2778,pegao,1
2779,rules,1
2780,twt,1
2781,nudesfoods,1
2782,fos,1
2783,lenguaje,2
2784,arreglos,1
2785,empiezan,4
2786,poseen,1
2787,humanos,1
2788,perpetua,1
2789,tortura,1
2790,f√≠sica,5
2791,psicol√≥gica,1
2792,sexual,1
2793,constante,1
2794,fight,2
2795,mashup,1
2796,mesoneros,2
2797,hugo,2
2798,superaron,1
2799,concepto,1
2800,not,1
2801,even,2
2802,mad,3
2803,actually,2
2804,really,1
2805,proud,1
2806,old,1
2807,senile,1
2808,man,2
2809,gets,1
2810,roughtly,1
2811,butt,1
2812,fucked,1
2813,orange,2
2814,guy,3
2815,live,2
2816,tv,1
2817,pornhub,1
2818,weeb,1
2819,underground,1
2820,productos,3
2821,juega,1
2822,enferma,1
2823,oficio,2
2824,tercera,1
2825,vela,1
2826,jugando,3
2827,golden,1
2828,disfrutando,1
2829,autor,2
2830,colocar,2
2831,plagar,1
2832,flyer,1
2833,ajeno,1
2834,logos,1
2835,honesto,1
2836,logro,2
2837,respetuoso,1
2838,agradecimientos,1
2839,reconocimientos,1
2840,p√∫blicos,1
2841,proyectos,2
2842,laboral,1
2843,honestidad,1
2844,ignora,1
2845,existencia,1
2846,miguel,1
2847,olim,1
2848,referencia,2
2849,ucalculadora,1
2850,preocupe,1
2851,biblioteca,2
2852,wladimir,1
2853,sanvicente,1
2854,ing,2
2855,drive,1
2856,colaborativo,1
2857,contribuyeron,1
2858,donar,1
2859,pdfs,1
2860,contribuy√≥,1
2861,merece,2
2862,reconocimiento,2
2863,mencionarlos,1
2864,siquiera,2
2865,termin√©,3
2866,amistad,1
2867,deteriorando,1
2868,semanas,2
2869,conflicto,1
2870,fuerte,4
2871,tenso,1
2872,dormir,3
2873,messi,1
2874,serbia,1
2875,esp√≠ritu,1
2876,santo,1
2877,mia,1
2878,khalifa,1
2879,ingenieros,1
2880,industriales,2
2881,habla,2
2882,ganas,2
2883,rumba,2
2884,co√±azos,3
2885,ege,2
2886,llegu√©,1
2887,sal√≥n,3
2888,maldito,4
2889,marcado,1
2890,llev√©,2
2891,rega√±o,1
2892,profe,1
2893,sent√©,1
2894,entr√©,3
2895,discretas,1
2896,shitpost,2
2897,acaba,3
2898,lanzar,1
2899,wholesome,1
2900,pasamos,1
2901,toko,6
2902,boi,7
2903,lester,2
2904,future,1
2905,tense,1
2906,joserguzman,1
2907,panconcon,6
2908,pacon,3
2909,pan,2
2910,mortadela,1
2911,wrath,1
2912,cortex,1
2913,bruh,1
2914,it,3
2915,luchamos,1
2916,detenernos,1
2917,seguimos,1
2918,vistas,1
2919,pel√≠cula,1
2920,darse,1
2921,sheik,1
2922,zelda,4
2923,sheeps,1
2924,bienvenidos,1
2925,bugs,1
2926,incompleta,1
2927,rusheado,1
2928,partes,3
2929,aburridas,1
2930,mec√°nicas,1
2931,cinem√°ticas,1
2932,saltar,1
2933,twinsanity,1
2934,remake,1
2935,confirmed,2
2936,gust√≥,2
2937,empataron,1
2938,huecos,1
2939,argumentales,1
2940,uka,2
2941,tropy,1
2942,villanos,1
2943,anunciado,1
2944,gustar√≠a,3
2945,desarrolladores,1
2946,let,1
2947,gooooooooooooooooooooooooooooooooooooo,1
2948,alg√∫n,1
2949,espa√±a,2
2950,convocando,1
2951,protestas,6
2952,hablan,2
2953,protestan,1
2954,fachas,1
2955,abascal,1
2956,literally,2
2957,hitler,3
2958,omg,4
2959,erga,1
2960,leopoldo,1
2961,√©poca,2
2962,bot,1
2963,entendible,1
2964,sas,1
2965,pj,2
2966,coger,1
2967,pasaje,1
2968,fijo,1
2969,buen,5
2970,salario,1
2971,lugar,1
2972,quedarse,1
2973,muerto,2
2974,pirarla,1
2975,pal,1
2976,construyeron,1
2977,muro,1
2978,genucab,2
2979,ricardo,1
2980,segunda,4
2981,coord,2
2982,quitas,1
2983,twittear,1
2984,permiso,1
2985,mira,10
2986,idiota,6
2987,jguaido,6
2988,kllate,1
2989,cubano,1
2990,bamovien,1
2991,propone,1
2992,traumas,1
2993,pinga,2
2994,barbilla,1
2995,rechazado,1
2996,pegan,1
2997,diablo,1
2998,safaera,1
2999,pongo,1
3000,repunte,2
3001,repentino,2
3002,lejos,1
3003,populi,1
3004,similares,2
3005,dif√≠cil,1
3006,habana,2
3007,obvio,1
3008,encima,5
3009,interesados,1
3010,salga,4
3011,parada,1
3012,prefieren,1
3013,nexos,2
3014,gubernamentales,1
3015,ni√±a,1
3016,levantar,1
3017,luis,3
3018,holder,1
3019,obviamente,3
3020,pisoteando,1
3021,narcod√≥lares,1
3022,comprar,2
3023,puestos,1
3024,puso,3
3025,dichas,1
3026,manipular,1
3027,data,1
3028,mamar,4
3029,conf√≠o,1
3030,ponga,1
3031,pura,1
3032,controlada,2
3033,guadalajara,1
3034,gracia,2
3035,veneca,1
3036,dices,2
3037,arte,2
3038,atacar,1
3039,insultan,1
3040,disfrut√©,1
3041,chovinismo,1
3042,repugno,1
3043,alejar,1
3044,encuentras,1
3045,com√©rtelo,1
3046,parecer,2
3047,pato,1
3048,c√≥metelo,1
3049,homo,1
3050,halagos,1
3051,gay,1
3052,chanero,1
3053,recalcitrante,1
3054,anon,1
3055,dedic√≥,1
3056,baits,2
3057,frecuentes,2
3058,apoyando,1
3059,hra,1
3060,odiaba,1
3061,posts,1
3062,importaba,1
3063,adoraba,1
3064,apodo,1
3065,madiquito,1
3066,miche,1
3067,cigarro,1
3068,viol√≠n,2
3069,dejaron,1
3070,paracos,1
3071,viajar,2
3072,decirme,1
3073,muchacho,1
3074,mong√≥lico,1
3075,grad√∫ate,1
3076,mejorar,2
3077,gringos,1
3078,gafos,1
3079,trayectoria,1
3080,lanzar√≠a,1
3081,secretario,1
3082,apoye,1
3083,mandado,1
3084,salgan,1
3085,sancionados,1
3086,meto,2
3087,pipe,1
3088,miui,1
3089,terminal,1
3090,millenials,1
3091,descubren,1
3092,peter,1
3093,jackson,1
3094,adaptaci√≥n,1
3095,carb√≥n,1
3096,tiembla,1
3097,magnitud,1
3098,norte,1
3099,tkn,1
3100,regularmente,1
3101,identificar,1
3102,variable,1
3103,token,2
3104,funci√≥n,4
3105,strtok,1
3106,librer√≠a,1
3107,string,1
3108,usarse,1
3109,obteniendo,1
3110,caracteres,1
3111,separados,1
3112,danielsalazar,1
3113,champagnemaam,1
3114,sorprendido,1
3115,salgo,1
3116,entregar,3
3117,laboratorio,1
3118,jodid√≠simamente,1
3119,adivinen,1
3120,actualizando,1
3121,mierdas,1
3122,romper,1
3123,funcionar,2
3124,medias,4
3125,altas,1
3126,branchs,1
3127,pulls,1
3128,git,1
3129,visualizaci√≥n,1
3130,gitkraken,1
3131,funciona,2
3132,saludos,2
3133,ancla,1
3134,news,1
3135,network,1
3136,establishment,1
3137,trolls,1
3138,reencarnaci√≥n,1
3139,terminen,1
3140,nukear,1
3141,pais,3
3142,costoso,1
3143,abismal,1
3144,cumplen,1
3145,distancia,1
3146,recomendada,1
3147,mayoria,1
3148,mascarilla,1
3149,estan,5
3150,tosiendo,1
3151,tocandose,1
3152,gritando,1
3153,lavarse,1
3154,manos,3
3155,pajuo,1
3156,flagsmashupbot,1
3157,independentismo,1
3158,catalan,1
3159,falso,1
3160,significar,1
3161,occidental,1
3162,conocemos,1
3163,viviendo,1
3164,fria,1
3165,boris,1
3166,yeltsin,1
3167,hu,1
3168,jintao,1
3169,armisticio,1
3170,realdonaldtrump,2
3171,investigacion,1
3172,obamagate,3
3173,sera,2
3174,tendra,1
3175,disolverse,1
3176,democrata,3
3177,presos,1
3178,seran,1
3179,purgados,1
3180,matado,1
3181,democratas,3
3182,oponerse,1
3183,forzando,1
3184,bombardeo,1
3185,informacion,1
3186,tergiversada,1
3187,neutrales,1
3188,votar,2
3189,opcion,1
3190,comun,1
3191,manda,2
3192,ido,1
3193,manifestando,1
3194,descontento,4
3195,blancos,1
3196,racial,1
3197,saqueos,2
3198,alteracion,1
3199,publico,1
3200,simpatizando,1
3201,fuerzas,1
3202,desesperados,1
3203,psiquis,1
3204,llegaran,1
3205,abstencion,1
3206,castigo,1
3207,saqueadores,1
3208,bogino,1
3209,soberano,1
3210,poderes,1
3211,constitucionales,1
3212,emergencia,1
3213,solucion,1
3214,asi,1
3215,cientos,1
3216,ademas,1
3217,negros,1
3218,habra,1
3219,salido,2
3220,tiro,1
3221,culata,1
3222,luischataing,1
3223,corta,1
3224,material,2
3225,nawebona,3
3226,caraja,3
3227,caution,1
3228,buenos,1
3229,dias,1
3230,deponer,1
3231,podra,1
3232,reeleccion,1
3233,supondria,1
3234,disolucion,1
3235,corrucion,1
3236,unfollow,1
3237,explicativo,1
3238,filtraciones,1
3239,anonymous,2
3240,chavista,3
3241,aguanto,1
3242,neuronas,1
3243,recuerdan,4
3244,se√±or,1
3245,godgiven,1
3246,hair,1
3247,show,1
3248,cavern√≠cola,1
3249,canal,1
3250,fallido,1
3251,chile,1
3252,temprano,1
3253,brisita,1
3254,bolivariana,1
3255,llegar√≠a,1
3256,arturo,1
3257,canga,3
3258,talk,1
3259,nocturno,1
3260,brazo,1
3261,especial,1
3262,ultrasecreto,1
3263,operaciones,1
3264,especiales,1
3265,sayin,1
3266,carlosvecchio,1
3267,c√°llate,1
3268,tweets,2
3269,dirigidas,1
3270,parados,1
3271,anuncio,1
3272,an,4
3273,rechazamos,1
3274,atencion,2
3275,cinico,1
3276,bola,4
3277,ojala,1
3278,toque,4
3279,hacerles,1
3280,cabron,1
3281,ademocratica,1
3282,fusilo,1
3283,martir,1
3284,sucio,2
3285,ninguno,2
3286,preparada,2
3287,ola,3
3288,saqueo,1
3289,golpes,1
3290,costo,2
3291,sacarlo,1
3292,bichos,1
3293,miren,2
3294,simpson,1
3295,volvieron,2
3296,wait,1
3297,guevo,1
3298,cap,2
3299,periodo,1
3300,orquestado,1
3301,linea,2
3302,loco,2
3303,saltas,1
3304,exploraci√≥n,1
3305,espacial,1
3306,llegas,1
3307,andr√≥meda,1
3308,ups,2
3309,mordi√≥,1
3310,comer,3
3311,caracazo,1
3312,espont√°neo,1
3313,escalada,1
3314,patadas,1
3315,ahogado,1
3316,reelecto,1
3317,plus,1
3318,suponer,1
3319,autores,1
3320,podr√°,2
3321,simpatizo,1
3322,angela,1
3323,merkel,1
3324,faltan,2
3325,aplaudirle,1
3326,twitteando,1
3327,candela,1
3328,ajsajskajsaksjajs,1
3329,help,1
3330,aplicar,1
3331,leve,1
3332,agenda,2
3333,privados,1
3334,importancia,2
3335,escrito,1
3336,desviando,1
3337,evitando,1
3338,visibilidad,2
3339,also,7
3340,don,2
3341,forget,1
3342,pregunto,1
3343,ganarle,1
3344,inducido,1
3345,mean,3
3346,mierda,17
3347,confiado,1
3348,pilas,1
3349,aparato,1
3350,propagand√≠stico,1
3351,poderoso,1
3352,visceral,1
3353,propagandeando,1
3354,menor,2
3355,triple,1
3356,minneapolis,1
3357,resulta,1
3358,deprimente,1
3359,vuelca,1
3360,polic√≠a,1
3361,gobernaciones,1
3362,such,1
3363,racist,1
3364,how,1
3365,could,1
3366,worst,2
3367,president,2
3368,ever,2
3369,üò≠üò≠üò≠,2
3370,justificada,1
3371,vandalismo,1
3372,puro,4
3373,tankies,1
3374,progres,1
3375,muhh,2
3376,amenaz√≥,1
3377,sacar,5
3378,guardia,1
3379,nazional,1
3380,gobernador,1
3381,mamenlo,1
3382,bloque√≥,2
3383,plataforma,1
3384,insultarlo,1
3385,dm,3
3386,avance,2
3387,purga,2
3388,creciendo,1
3389,probabilidades,1
3390,sola,1
3391,hambriento,1
3392,pisoteado,1
3393,continuamente,1
3394,traicionado,1
3395,escuchando,1
3396,frase,2
3397,s√°quenme,1
3398,sentimos,1
3399,condenados,1
3400,salvaci√≥n,1
3401,sangrienta,1
3402,traidores,1
3403,paises,1
3404,complejo,3
3405,cuba,1
3406,rusia,1
3407,farc,1
3408,eln,1
3409,hezbollah,1
3410,hamas,1
3411,facci√≥n,1
3412,respaldar,1
3413,condenado,2
3414,opositora,1
3415,circos,1
3416,propagandas,1
3417,twitteras,1
3418,derecha,2
3419,proponen,1
3420,soluciones,3
3421,reales,1
3422,idiotas,1
3423,yoel,1
3424,cerebro,1
3425,representado,1
3426,politigato,1
3427,marginal,4
3428,chaborra,1
3429,regalar,1
3430,digno,1
3431,dictador,2
3432,corrupta,1
3433,dtv,1
3434,digo,2
3435,coman,1
3436,facilito,1
3437,presta,1
3438,dime,2
3439,prometo,1
3440,dare,1
3441,dolares,2
3442,diputados,1
3443,debatimos,1
3444,clorofila,1
3445,matas,1
3446,mango,1
3447,cuadramos,1
3448,guiso,1
3449,cinco,1
3450,mil,1
3451,preocupes,1
3452,pablo,1
3453,iglesias,1
3454,malnacido,1
3455,pobreza,1
3456,exilio,1
3457,seguramente,1
3458,puto,1
3459,celular,1
3460,grabar,1
3461,humillen,1
3462,ojal√°,1
3463,mueras,1
3464,cagando,1
3465,comparten,1
3466,mujeres,4
3467,vidas,1
3468,pasadas,1
3469,vivieron,1
3470,ny,1
3471,paris,1
3472,lanzan,1
3473,t√≠picas,1
3474,novela,1
3475,juvenil,1
3476,chamita,1
3477,wattpad,1
3478,dejarlos,1
3479,buques,1
3480,inofensivos,1
3481,culo,2
3482,carguen,1
3483,misiles,1
3484,eg√≥latra,1
3485,leyendo,1
3486,barcos,1
3487,parar,1
3488,vzla,1
3489,arriesgar,1
3490,radicales,1
3491,prueba,1
3492,honor,1
3493,fedec√°maras,1
3494,ctv,1
3495,atrevieron,1
3496,imposible,1
3497,hombro,1
3498,colegiados,1
3499,aniquilaci√≥n,1
3500,cenizas,1
3501,federacion,1
3502,gremial,1
3503,atreve,1
3504,decirle,1
3505,bolsa,3
3506,exigir,1
3507,capriles,1
3508,pongan,2
3509,salsa,3
3510,cacerolazo,1
3511,caracas,2
3512,preguntan,1
3513,musican,1
3514,hermano,1
3515,observando,1
3516,totalmente,1
3517,bb,2
3518,irme,1
3519,vivido,2
3520,graduado,1
3521,socialmente,2
3522,equivalente,2
3523,piedra,1
3524,est√∫pido,1
3525,rebuscado,1
3526,perjudicial,2
3527,cura,2
3528,estandar,2
3529,teor√≠as,2
3530,afectan,1
3531,sociedad,2
3532,mov,2
3533,antivacunas,2
3534,terraplanista,1
3535,rrss,1
3536,quieras,1
3537,gobiernan,1
3538,reptilianos,1
3539,illuminatis,1
3540,estilo,3
3541,promover,1
3542,distribuyen,1
3543,antenas,1
3544,chinas,2
3545,bgates,1
3546,implantarnos,1
3547,chip,1
3548,roben,1
3549,l√≠quido,2
3550,rodillas,2
3551,prensa,2
3552,objeciones,1
3553,amarillismo,1
3554,conspirativas,1
3555,retr√≥gradas,1
3556,perjudiciales,1
3557,prohibidos,1
3558,costa,2
3559,tecn√≥fobo,1
3560,anticapital,1
3561,fervientemente,1
3562,creyente,1
3563,aumento,1
3564,convertir,2
3565,humidad,1
3566,peste,3
3567,paralizar,1
3568,tecnol√≥gico,1
3569,d√©cadas,1
3570,bill,1
3571,gates,1
3572,saliendo,1
3573,control,3
3574,toma,1
3575,serio,2
3576,amarillistas,1
3577,replican,1
3578,basta,3
3579,eh,1
3580,extra√±a,1
3581,papa,1
3582,frankku,1
3583,aj√°,4
3584,cringe,3
3585,enterar,1
3586,filthy,2
3587,frank,3
3588,creador,1
3589,harlem,1
3590,shake,1
3591,causar,2
3592,controversia,1
3593,l√≠mite,1
3594,boomer,1
3595,twitterzuela,1
3596,enterarme,1
3597,noticias,1
3598,frustra,1
3599,borelli,1
3600,impulsa,1
3601,siglos,1
3602,pls,1
3603,stop,1
3604,entendimos,1
3605,p√∫blicamente,1
3606,ponerse,1
3607,pantalones,1
3608,cobarde,1
3609,estudiar√≠a,1
3610,here,2
3611,ciencias,1
3612,pol√≠ticas,1
3613,biolog√≠a,1
3614,idiomas,1
3615,modernos,1
3616,integral,2
3617,serlo,1
3618,mediocridad,1
3619,pro,1
3620,pasan,1
3621,arrancarle,1
3622,mordisco,1
3623,vaca,1
3624,hist√≥rico,1
3625,convertirse,1
3626,apenas,1
3627,terminando,1
3628,per√≠odo,1
3629,leblanc,1
3630,hayley,1
3631,after,1
3632,thoughts,2
3633,urge,1
3634,riot,5
3635,launcher,1
3636,unifique,1
3637,rework,1
3638,plugin,1
3639,lol,9
3640,compatibilize,1
3641,lor,2
3642,valorant,6
3643,implementar,1
3644,crosschat,1
3645,cambios,2
3646,parche,1
3647,sent√≠,1
3648,csgo,1
3649,pobres,1
3650,retazos,1
3651,ow,1
3652,seguir√©,1
3653,steam,2
3654,coron√©,1
3655,beta,6
3656,corregir,1
3657,alterar,1
3658,tiempos,1
3659,reducir,1
3660,cooldowns,1
3661,tratase,1
3662,personajes,3
3663,reworks,1
3664,campeones,1
3665,wild,1
3666,rift,1
3667,tft,1
3668,peleas,2
3669,rpg,1
3670,pulir,1
3671,modo,15
3672,decepcion√≥,1
3673,bomb,2
3674,defuse,1
3675,abres,1
3676,similar,2
3677,cs,6
3678,introduces,1
3679,puteado,1
3680,innovaci√≥n,1
3681,fresco,2
3682,esperaba,3
3683,puntos,2
3684,spawn,1
3685,cerca,1
3686,intermedio,1
3687,reci√©n,2
3688,ronda,1
3689,ves,1
3690,gastando,1
3691,quemando,1
3692,cartuchos,1
3693,t√°ctico,1
3694,divertido,1
3695,mapas,3
3696,laber√≠nticos,1
3697,repetitivos,1
3698,layouts,1
3699,cl√°sicos,1
3700,pierde,1
3701,primeros,2
3702,pasillos,1
3703,jugu√©,1
3704,mapa,2
3705,copia,1
3706,italy,1
3707,horizontal,1
3708,mat√°ndose,1
3709,impactan,1
3710,shooter,1
3711,atractivo,1
3712,atenci√≥n,2
3713,desbalanceado,2
3714,creeme,1
3715,preferible,1
3716,directamente,3
3717,in√∫tiles,1
3718,op,2
3719,esferas,1
3720,anulan,1
3721,ocupan,1
3722,pasillo,1
3723,flechas,1
3724,reveladoras,1
3725,duran,1
3726,murallas,1
3727,cristal,1
3728,bloquean,1
3729,granadas,1
3730,marcan,1
3731,balance,1
3732,escopetas,2
3733,quemarropa,1
3734,da√±o,3
3735,rifles,2
3736,smg,2
3737,disparo,1
3738,pistolas,1
3739,francotiradores,1
3740,pesadas,1
3741,escudo,1
3742,ligero,1
3743,pesado,1
3744,cd,1
3745,defusal,1
3746,release,1
3747,preocuparse,1
3748,overwatch,2
3749,eliges,1
3750,personaje,2
3751,partida,1
3752,predefinido,1
3753,√∫nicas,1
3754,correspondiente,1
3755,botones,1
3756,ulti,1
3757,league,1
3758,legends,2
3759,b√°sicamente,2
3760,fusi√≥n,1
3761,counter,1
3762,strike,1
3763,sosa,1
3764,sent√≠a,1
3765,hell,1
3766,propuesta,1
3767,games,1
3768,actualmente,2
3769,obtener,1
3770,trav√©s,1
3771,drop,1
3772,key,1
3773,twitch,1
3774,impresiones,1
3775,recien,1
3776,descubriendo,1
3777,beneficios,1
3778,trae,1
3779,gdrive,1
3780,infinito,1
3781,pondran,1
3782,descubran,1
3783,classroom,1
3784,ms,1
3785,teams,2
3786,slack,1
3787,enfocado,1
3788,productividad,1
3789,encontrarse,1
3790,brutal,2
3791,centro,1
3792,luchar,2
3793,mantiene,1
3794,digitalmente,1
3795,sencillo,1
3796,zoom,2
3797,integridad,1
3798,moral,1
3799,descansar√©,1
3800,prohiba,1
3801,institucionalize,1
3802,billete,1
3803,christian,1
3804,whitehead,1
3805,sonic,1
3806,team,2
3807,pelear,1
3808,monk,1
3809,maz,1
3810,koshia,1
3811,batalla,1
3812,dark,1
3813,beast,1
3814,ganon,1
3815,decepcionante,1
3816,filler,1
3817,tributo,1
3818,oot,1
3819,secuela,1
3820,¬øprimero,1
3821,regal√≥,1
3822,perico,1
3823,edul,13
3824,sali√≥,1
3825,cataclysm,1
3826,falt√≥,1
3827,edad,3
3828,gt,15
3829,coronavirus,2
3830,web√≥n,1
3831,spyro,1
3832,asexual,1
3833,ladilla,1
3834,fandom,2
3835,ricardoafranco,9
3836,zero,1
3837,twitterlatam,1
3838,a√∫n,3
3839,april,1
3840,fools,1
3841,fuck,2
3842,arepas,1
3843,marry,1
3844,cachapas,2
3845,arepa,1
3846,kill,2
3847,empanadas,1
3848,shit,2
3849,quemo,1
3850,jodas,1
3851,poquito,1
3852,bloomberg,1
3853,minombreeschris,5
3854,mas,2
3855,guste,1
3856,hediondo,1
3857,sentir,1
3858,botw,6
3859,twilight,1
3860,princess,1
3861,d√©cada,1
3862,siglo,2
3863,mantenimiento,3
3864,encienden,1
3865,aire,1
3866,pinta,1
3867,encenderlo,1
3868,intensivo,3
3869,ayatolas,2
3870,acabar,2
3871,cago,2
3872,meo,2
3873,incendiar,1
3874,uranio,1
3875,mamaguevo,1
3876,muriendo,1
3877,crinshboi,12
3878,mam√°,5
3879,dir√≠a,2
3880,joda,4
3881,caf√©,2
3882,echaste,1
3883,greca,1
3884,co√±ue,1
3885,madre,2
3886,bajaste,1
3887,verga,1
3888,egoista,1
3889,funfact,1
3890,apoya,1
3891,chavismo,2
3892,triste,1
3893,necesitaban,1
3894,t√≠,4
3895,malas,2
3896,lamentable,1
3897,modus,1
3898,operandi,1
3899,asqueroso,1
3900,convivir,1
3901,quer√≠a,2
3902,regresar,1
3903,puerto,1
3904,ordaz,1
3905,t√≥xico,1
3906,bachillerato,1
3907,marginado,1
3908,bonito,1
3909,ynhabsltmntn,1
3910,hago,2
3911,tuitazo,1
3912,franz,4
3913,urbina,4
3914,suerte,3
3915,presiento,1
3916,mains,1
3917,negro,1
3918,proxeneta,1
3919,pensar,5
3920,pasar√°,1
3921,feliz,4
3922,tloz,1
3923,introducciones,1
3924,legendarias,1
3925,evocan,1
3926,sensaciones,1
3927,inigualables,1
3928,repetir,1
3929,sensaci√≥n,2
3930,aprovechando,1
3931,experiencia,2
3932,conocerme,2
3933,mate,2
3934,alimentaci√≥n,1
3935,gastronom√≠a,1
3936,normalmente,1
3937,ve√≠a,1
3938,chama,1
3939,dec√≠a,1
3940,jeva,2
3941,equivoqu√©,2
3942,m√°ximo,2
3943,perezjimenista,1
3944,dejense,1
3945,guevonadas,1
3946,decreto,2
3947,saberlo,1
3948,certeza,2
3949,betancourt,4
3950,admirable,1
3951,consider√°rsele,1
3952,vi√≥,1
3953,nacer,1
3954,le√≠,1
3955,redact√≥,1
3956,presidencial,1
3957,inconstitucional,1
3958,instauraba,1
3959,cambiario,1
3960,rep√∫blica,3
3961,levantado,1
3962,fehaciencia,1
3963,constitucionalidad,1
3964,iban,2
3965,motivaciones,1
3966,chalbaud,2
3967,colabor√≥,1
3968,art√≠fice,2
3969,sacrificar,1
3970,modelo,1
3971,neohegem√≥nico,1
3972,puntofijismo,1
3973,r√≥mulo,1
3974,ch√°vez,1
3975,legado,1
3976,part√≠cipe,1
3977,golpe,3
3978,abr√≠a,1
3979,puertas,1
3980,preparaci√≥n,1
3981,sospechoso,1
3982,intelectual,2
3983,leal,1
3984,parejas,1
3985,cari√±o,1
3986,segur,1
3987,veamos,1
3988,comentar,1
3989,banal,1
3990,crash,2
3991,bandicoot,2
3992,pok√©mon,1
3993,black,2
3994,gta,1
3995,iv,1
3996,legend,1
3997,ratchet,1
3998,clank,1
3999,world,1
4000,warcraft,1
4001,shovel,1
4002,assassin,1
4003,creed,1
4004,refrescos,1
4005,japoneses,1
4006,best,1
4007,jap√≥n,2
4008,baja,1
4009,tasa,1
4010,natalidad,1
4011,evitar,1
4012,tire,1
4013,johelconh,7
4014,ramos,4
4015,allup,3
4016,genocidio,1
4017,recordatorio,2
4018,mmgvo,1
4019,lipton,1
4020,mercurio,1
4021,retr√≥grado,1
4022,septiembre,2
4023,empleado,1
4024,intentar,1
4025,chancear,1
4026,combinaci√≥n,1
4027,legendaria,1
4028,lograr,2
4029,paran,1
4030,intentan,1
4031,cierta,1
4032,admiraci√≥n,1
4033,dirigentes,1
4034,interesado,1
4035,placer,1
4036,verlos,1
4037,humillarse,1
4038,solos,1
4039,egocentrismo,1
4040,soberbia,4
4041,psp,1
4042,ocio,1
4043,grabaci√≥n,1
4044,surgi√≥,1
4045,aparte,1
4046,memory,1
4047,stick,1
4048,corrompi√≥,1
4049,metadata,1
4050,extra√±ar√≠a,1
4051,obsceno,1
4052,centrista,1
4053,gu√≠as,2
4054,tritti,3
4055,bro,4
4056,lavrov,1
4057,visita,1
4058,queso,2
4059,pizza,1
4060,mcpizza,1
4061,mcflurry,1
4062,nitu,1
4063,perez,2
4064,osuna,1
4065,transmit√≠a,1
4066,ratas,1
4067,acerca,1
4068,pose,1
4069,jutsu,1
4070,posesi√≥n,1
4071,sombra,1
4072,yes,1
4073,bloquearon,1
4074,trol,1
4075,florido,1
4076,sitcom,1
4077,chimba,1
4078,disney,5
4079,channel,2
4080,request,1
4081,antigua,1
4082,definitiva,2
4083,ansias,1
4084,temporada,2
4085,ejecuci√≥n,2
4086,enfoque,2
4087,space,1
4088,western,1
4089,ejecutado,1
4090,pedro,1
4091,pascal,1
4092,tremendo,2
4093,dirty,1
4094,harry,1
4095,jedis,1
4096,rebeldes,1
4097,comandos,1
4098,cazarrecompensas,1
4099,gen√©ricos,1
4100,mandalorian,2
4101,guerras,2
4102,volviendo,2
4103,potencial,2
4104,conjunto,1
4105,materiales,1
4106,audiovisuales,1
4107,sw,2
4108,excluyendo,1
4109,pel√≠culas,2
4110,anunciadas,1
4111,inmenso,1
4112,inigualable,2
4113,crecer,1
4114,mcu,2
4115,quer√≠an,1
4116,innatamente,1
4117,prefiere,1
4118,dejando,1
4119,compa√±√≠a,1
4120,videojuego,2
4121,mando,1
4122,prota,1
4123,tanta,1
4124,regres√≥,1
4125,pens√©,1
4126,convencimiento,1
4127,sod,1
4128,off,1
4129,sigimund,1
4130,dijkstra,1
4131,geralt,1
4132,tw,2
4133,camino,4
4134,trama,2
4135,simple,2
4136,f√°cilmente,1
4137,desarrollado,1
4138,miniserie,1
4139,episodios,3
4140,aparente,3
4141,relleno,2
4142,desechables,1
4143,demuestra,1
4144,alarg√≥,1
4145,alarga,1
4146,artificial,1
4147,jon,2
4148,favreau,2
4149,buscaron,1
4150,busc√≥,1
4151,director,1
4152,rescatar,1
4153,maravillosa,1
4154,gustaron,1
4155,espectador,1
4156,encargar,1
4157,desarrollar,1
4158,subtramas,1
4159,siguientes,1
4160,temporadas,1
4161,vea,1
4162,inspiraci√≥n,1
4163,george,3
4164,trilog√≠a,1
4165,di√°logos,1
4166,escenograf√≠a,1
4167,banda,2
4168,sonora,1
4169,gritan,1
4170,lucasfilms,1
4171,lados,1
4172,review,1
4173,pudiese,1
4174,resumir,1
4175,simplemente,1
4176,lucas,1
4177,porno,1
4178,qued√©,1
4179,decepcionado,1
4180,juntaron,1
4181,shakira,3
4182,jlo,1
4183,bad,2
4184,bunny,2
4185,balvin,2
4186,canci√≥n,2
4187,bueh,2
4188,baboni,1
4189,beibe,1
4190,tomado,1
4191,man√≠a,2
4192,tildar,1
4193,medianamente,1
4194,relevante,1
4195,opine,1
4196,enchufado,1
4197,mangos,1
4198,cafetal,1
4199,same,1
4200,energy,1
4201,camilagon,1
4202,screenshots,1
4203,installation,1
4204,proccess,1
4205,courtesy,1
4206,techdeals,1
4207,escribirme,2
4208,posible,3
4209,ayudarlos,1
4210,finalizados,1
4211,pasos,2
4212,windows,20
4213,opci√≥n,3
4214,disfruten,1
4215,funcional,3
4216,actualizado,1
4217,daremos,2
4218,iremos,2
4219,descargas,2
4220,actualizaciones,3
4221,buscaremos,2
4222,disponibles,1
4223,pondremos,1
4224,actualizar,2
4225,actualiza,1
4226,a√±adiremos,1
4227,cargar,1
4228,redirigirnos,1
4229,par,1
4230,realizamos,1
4231,configuraci√≥n,3
4232,actualizaci√≥n,3
4233,activaci√≥n,2
4234,bajamos,1
4235,damos,4
4236,click,1
4237,instalando,1
4238,reiniciar,1
4239,varias,1
4240,apaga,1
4241,encendemos,1
4242,borradas,1
4243,particiones,4
4244,seleccionar,4
4245,espacio,3
4246,asignar,2
4247,disco,6
4248,dejamos,1
4249,predeterminado,1
4250,saltar√°,1
4251,advertencia,1
4252,seleccionamos,2
4253,partici√≥n,2
4254,main,1
4255,identificado,1
4256,n√∫mero,1
4257,discos,2
4258,instalados,1
4259,respaldada,2
4260,borren,1
4261,borremos,1
4262,acumulando,1
4263,espacion,1
4264,apartir,1
4265,lineal,1
4266,instalar,5
4267,home,4
4268,seleccionen,1
4269,pregunte,1
4270,instalaci√≥n,3
4271,custom,1
4272,avanzado,1
4273,accedemos,1
4274,bios,2
4275,boot,3
4276,order,1
4277,colocaremos,2
4278,pendrive,8
4279,manager,1
4280,apagada,1
4281,conectamos,1
4282,justo,2
4283,encendido,1
4284,pulsar,1
4285,repetidas,1
4286,sirve,2
4287,prueben,1
4288,busquen,1
4289,manual,1
4290,conectaremos,1
4291,accederemos,1
4292,encendamos,1
4293,pulsaremos,1
4294,supr,1
4295,recomiendo,2
4296,dispositivo,2
4297,perder√°,1
4298,procuremos,1
4299,conflictos,1
4300,durar,1
4301,decidieron,1
4302,guardar,2
4303,iso,7
4304,rufus,4
4305,abrirlo,1
4306,campos,1
4307,√∫nicos,1
4308,necesarios,1
4309,letra,1
4310,asignada,1
4311,arranque,1
4312,instalarlo,2
4313,empezar√°,1
4314,descargar,4
4315,dependiendo,1
4316,listo,2
4317,queremos,4
4318,preguntar,3
4319,respalden,1
4320,adentro,1
4321,guard√©,1
4322,documentos,1
4323,seleccionaremos,1
4324,idioma,2
4325,arquitectura,2
4326,preguntar√°,1
4327,unidad,1
4328,creation,4
4329,tool,4
4330,insertar,1
4331,cargar√°,2
4332,mostrar√°,1
4333,privacidad,1
4334,descarga,3
4335,necesitar,1
4336,opcional,1
4337,paciencia,2
4338,sal√≠,2
4339,funcion√≥,2
4340,bienvenido,1
4341,computadoras,1
4342,entiendes,1
4343,avis√©,1
4344,facilitar√°,1
4345,intentar√©,1
4346,explicarlo,1
4347,suelen,1
4348,m√©todo,1
4349,dr√°stica,1
4350,reinstalar,1
4351,sencilla,1
4352,irnos,1
4353,bajemos,1
4354,encontraremos,1
4355,est√°ndar,1
4356,ltsc,1
4357,long,1
4358,term,1
4359,service,1
4360,empresarial,1
4361,aplicaciones,2
4362,causando,1
4363,soft,1
4364,brick,1
4365,been,1
4366,there,1
4367,done,1
4368,integrada,1
4369,f√°brica,1
4370,registrada,1
4371,hardware,1
4372,almacena,1
4373,validemos,1
4374,salida,1
4375,oficiales,1
4376,atrapados,1
4377,formatear,1
4378,significa,2
4379,ejecutables,1
4380,edge,2
4381,bing,1
4382,buscador,1
4383,hecha,1
4384,competir,3
4385,chromebooks,1
4386,aplicaci√≥n,1
4387,bloqueado,1
4388,logr√©,1
4389,infierno,1
4390,explicar,1
4391,capic√∫a,2
4392,capic√∫as,1
4393,repetir√°,1
4394,t√©rminos,1
4395,leer,1
4396,usen,1
4397,gris,1
4398,odiar,1
4399,mega,1
4400,plagadas,1
4401,inestable,1
4402,obligan,1
4403,bendici√≥n,1
4404,prefiero,1
4405,torrent,1
4406,seeds,1
4407,confiables,1
4408,vagancia,1
4409,vacaciones,3
4410,plante√©,1
4411,empiezo,2
4412,lunes,3
4413,estudios,2
4414,extracurriculares,1
4415,daran,1
4416,perrear,1
4417,wonderwall,1
4418,co√±o,6
4419,stanley,1
4420,narrador,1
4421,pintado,1
4422,pared,1
4423,arbolito,1
4424,paras,1
4425,sab√≠a,2
4426,culto,1
4427,jerga,1
4428,delincuencial,1
4429,trasfondo,1
4430,dato,1
4431,conversaciones,1
4432,sintamos,1
4433,inc√≥modos,1
4434,test,1
4435,wouldn,1
4436,agree,1
4437,dr,1
4438,doofenshmirtz,1
4439,ocultando,1
4440,tratos,1
4441,comunistas,1
4442,cachos,1
4443,ex,1
4444,hicimos,2
4445,spinoff,1
4446,rohan,1
4447,action,2
4448,hables,1
4449,√°balos,2
4450,pp,1
4451,liderar,1
4452,europa,1
4453,mud,1
4454,incluida,1
4455,cant√©,3
4456,gotta,1
4457,feeling,1
4458,producido,1
4459,yesterday,1
4460,violet,1
4461,hill,1
4462,want,1
4463,way,1
4464,dramatiz√°ramos,1
4465,music,1
4466,madonna,1
4467,libro,1
4468,terminamos,1
4469,cantando,2
4470,quisi√©semos,1
4471,aquella,1
4472,desaf√≠os,1
4473,ciencia,1
4474,xxi,1
4475,c√°ncer,1
4476,sida,2
4477,matem√°ticos,1
4478,milenio,1
4479,unificar,1
4480,cu√°ntica,1
4481,relativista,1
4482,deneyberlara,2
4483,incre√≠bles,1
4484,panther,1
4485,spankbang,1
4486,neanderthal,1
4487,chrome,1
4488,vac√≠a,1
4489,bugeada,1
4490,steve,1
4491,balmer,1
4492,‚Äîarturo,1
4493,admitido,1
4494,partner,1
4495,fea,2
4496,r√≠e,1
4497,dele,1
4498,retro,1
4499,nominadas,2
4500,oscar,4
4501,cantv,2
4502,pint√≥,2
4503,paloma,1
4504,irishman,1
4505,kb,1
4506,cola,2
4507,mejor√≥,1
4508,empeor√≥,1
4509,translate,1
4510,espa√±ol,1
4511,interesan,1
4512,parciales,2
4513,historial,1
4514,hice,1
4515,sufrir,2
4516,tda,1
4517,quit√≥,1
4518,auxilio,2
4519,compa√±era,1
4520,colegio,1
4521,pregunt√≥,1
4522,blink,1
4523,reggaeton,1
4524,tiraba,1
4525,rockero,1
4526,abierto,1
4527,musical,1
4528,torrents,1
4529,tragos,1
4530,amargos,1
4531,dej√≥,1
4532,marca,1
4533,bonita,1
4534,grama,1
4535,chispa,1
4536,casita,1
4537,sartenejas,1
4538,panam√°,1
4539,separado,1
4540,colombia,1
4541,cicpc,2
4542,retratos,1
4543,policiales,1
4544,miis,1
4545,trasciende,1
4546,barrera,1
4547,mcdonald,2
4548,encarga,1
4549,tapadera,1
4550,mcflurrys,1
4551,tapar,1
4552,ca√≥ticos,1
4553,necesita,1
4554,drogas,1
4555,alucin√≥genas,1
4556,tiktok,1
4557,puse,1
4558,little,1
4559,women,1
4560,descargarla,1
4561,medicenelgordoo,1
4562,ujperez,1
4563,turno,1
4564,pm,2
4565,oferta,1
4566,nrc,1
4567,damn,1
4568,comprando,1
4569,tarjeta,1
4570,principio,1
4571,somalia,1
4572,italiana,1
4573,muere,1
4574,matan,1
4575,daft,2
4576,punk,2
4577,cascos,1
4578,ft,1
4579,pharrell,1
4580,williams,1
4581,grasia,1
4582,poliedro,1
4583,chocolates,1
4584,rey,1
4585,compa√±ero,2
4586,odiada,1
4587,perra,2
4588,logran,1
4589,botarla,1
4590,coge,1
4591,jefe,1
4592,cumplea√±os,1
4593,residencia,2
4594,barrio,2
4595,baj√≥,1
4596,joder,2
4597,dimos,1
4598,robaron,1
4599,cercano,1
4600,resi,1
4601,arm√≥,1
4602,co√±iza,1
4603,fiesta,1
4604,pistola,1
4605,pnb,1
4606,apareci√≥,1
4607,termino,2
4608,estudien,1
4609,piensas,1
4610,s√≥lo,3
4611,m√©ritos,1
4612,feminazi,1
4613,academy,1
4614,awards,1
4615,validez,1
4616,saime,1
4617,megalavadora,1
4618,paguen,1
4619,c√©dulas,1
4620,pasaportes,1
4621,petros,1
4622,agostino,1
4623,decepcionan,1
4624,probar√≠as,1
4625,sexo,1
4626,nah,1
4627,negatorio,1
4628,procedure,1
4629,yesquero,1
4630,har√≠a,1
4631,yesk,1
4632,depebde,1
4633,comenta,1
4634,envio,1
4635,preguntas,1
4636,lighthouse,1
4637,conociendo,1
4638,lion,1
4639,king,1
4640,dinei,1
4641,hurr,1
4642,apuestas,1
4643,autismo,1
4644,negativos,1
4645,posibilidades,1
4646,recurrentes,1
4647,escapar,1
4648,ahogo,1
4649,eduardo,1
4650,admiro,2
4651,adjunto,1
4652,besto,1
4653,btw,1
4654,noticia,2
4655,agridulce,1
4656,pasaron,1
4657,gloria,1
4658,bruja,1
4659,maldecir,1
4660,insesantemente,1
4661,guacuyoki,1
4662,post,1
4663,juramentaci√≥n,1
4664,parra,1
4665,stalin,1
4666,edgar,1
4667,zambrano,1
4668,vallha,8
4669,andan,1
4670,creyendo,1
4671,mat√≥,1
4672,soleimmani,1
4673,ret√≥,1
4674,d√©jenme,1
4675,oriente,1
4676,commies,1
4677,iraqu√≠es,1
4678,desestabilizaron,1
4679,internas,1
4680,sacarles,1
4681,petr√≥leo,1
4682,nacho,1
4683,contactos,1
4684,nachored,3
4685,karaoke,1
4686,evangelion,1
4687,chiste,5
4688,aaaaaaaaaaaaaaaaaaa,1
4689,explica,2
4690,amenazante,1
4691,underwood,1
4692,chamberlain,1
4693,nacionalsocialismo,1
4694,consejero,1
4695,wircho,1
4696,baila,1
4697,piqu√©,1
4698,rerere,1
4699,matrimonio,1
4700,igualitario,1
4701,adopci√≥n‚òëÔ∏è,1
4702,legalizaci√≥n,2
4703,marihuana,1
4704,‚òëÔ∏è,8
4705,prostituci√≥n,1
4706,aborto,1
4707,eutanasia,1
4708,energ√≠a,1
4709,nuclear,1
4710,vacunas,1
4711,inclusivo,1
4712,tierra,1
4713,plana,1
4714,porte,1
4715,contigo,2
4716,marvel,2
4717,crossover,1
4718,ambicioso,1
4719,karol,1
4720,anuel,1
4721,son√≥,2
4722,cdpr,1
4723,escena,2
4724,steel,1
4725,humans,1
4726,peleando,1
4727,novigrad,1
4728,argentina,1
4729,white,1
4730,hombres,1
4731,secos,1
4732,dulces,1
4733,¬°luis,1
4734,unjodedor,1
4735,p√°same,1
4736,jam√≥n,1
4737,isaac,2
4738,segura,2
4739,sticker,1
4740,diego,1
4741,arria,1
4742,meti√≥,1
4743,olvid√≥,1
4744,cancelada,1
4745,organizaron,1
4746,carajos,2
4747,organizativa,1
4748,nula,1
4749,pasando,1
4750,egamanww,2
4751,siganmen,1
4752,esnakchac,1
4753,free,1
4754,kekistan,1
4755,franquista,1
4756,melee,2
4757,men√∫,1
4758,pepe,1
4759,apasionarnos,1
4760,apasiona,1
4761,cr√©anme,1
4762,agradecemos,1
4763,pote,1
4764,vara,1
4765,crippy,3
4766,quejarnos,1
4767,dignan,1
4768,tema,2
4769,directivo,1
4770,des,1
4771,laptop,4
4772,facilit√°ndoles,1
4773,bolsos,1
4774,consentimiento,1
4775,vapear,1
4776,uni,2
4777,rorornmr,1
4778,contenida,1
4779,traigo,1
4780,pierda,1
4781,pierdo,1
4782,objetos,1
4783,darles,1
4784,franklin,1
4785,bello,1
4786,mantenerme,1
4787,breakdown,2
4788,registrado,1
4789,clarysse,1
4790,quijada,1
4791,teresa,1
4792,rond√≥n,2
4793,nawebon√°,1
4794,llevado,1
4795,legendarios,1
4796,adora,1
4797,organizado,1
4798,conocido,1
4799,irma,1
4800,ense√±aste,1
4801,√©pocas,1
4802,oscuras,1
4803,jaime,1
4804,wong,1
4805,carisma,1
4806,inteligencia,1
4807,d√≠,1
4808,cu√°nto,1
4809,necesitaba,1
4810,retir√≥,1
4811,temporalmente,1
4812,fumando,1
4813,rotar,1
4814,scarlett,1
4815,johansson,1
4816,hopper,1
4817,arc,1
4818,remixes,1
4819,eurobeat,1
4820,canciones,1
4821,nintendo,1
4822,volumen,1
4823,pillar,1
4824,men,1
4825,pincheaguacate,1
4826,bloquee,1
4827,permito,1
4828,metan,1
4829,buscando,1
4830,restricci√≥n,1
4831,intensidad,1
4832,aument√≥,1
4833,recib√≠,1
4834,inicializ√≥,1
4835,correcta,1
4836,hueco,1
4837,deseos,1
4838,mejora,1
4839,personal,1
4840,logr√≥,1
4841,olvido,1
4842,gym,1
4843,cre√©rmelo,1
4844,presento,1
4845,fiebre,1
4846,olvida,1
4847,validaci√≥n,1
4848,copio,1
4849,coordenada,1
4850,agotamiento,1
4851,indiferencia,1
4852,resignaci√≥n,1
4853,fluya,1
4854,inercia,1
4855,lacava,1
4856,emigren,1
4857,reproduzcan,1
4858,educativo,1
4859,julioprofe,3
4860,balazos,1
4861,literal,1
4862,sirvi√≥,1
4863,jode,1
4864,profundidad,1
4865,cansado,1
4866,practicar,1
4867,curso,1
4868,java,1
4869,m√≥vil,1
4870,dedesarrollo,1
4871,√°gil,1
4872,devops,1
4873,verme,1
4874,series,2
4875,pasar√©,1
4876,bonitaaaaaaaaaaaaa,1
4877,er,1
4878,tere,1
4879,fa,1
4880,oro,1
4881,can,1
4882,desperdiciada,1
4883,danibarranco,1
4884,creerte,1
4885,coca,1
4886,blanca,1
4887,marr√≥n,2
4888,superioridad,1
4889,pareja,1
4890,c√≥digo,2
4891,eficiente,2
4892,dependo,1
4893,demostraci√≥n,1
4894,goza,1
4895,vi√©ndome,1
4896,anuncia,1
4897,parlamentarias,1
4898,daanielabg,1
4899,normalizan,1
4900,normalicen,1
4901,nohomo,1
4902,fueradechinazo,1
4903,retrasados,1
4904,can√≠bales,1
4905,benjamiigo,1
4906,depende,2
4907,tiende,1
4908,carla,1
4909,angola,1
4910,pelo,1
4911,invisibles,1
4912,desorden,1
4913,rawayana,1
4914,gorillaz,1
4915,foo,1
4916,fighters,1
4917,oasis,1
4918,glitch,1
4919,mob,1
4920,carajito,1
4921,rock,1
4922,edm,1
4923,update,1
4924,equivoc√≥,1
4925,gu√≠a,1
4926,terearreglalasgu√≠as,1
4927,acord√©,1
4928,raiz,1
4929,derivada,1
4930,cuadrado,1
4931,ausilio,2
4932,felizdiadelestudianteuniversitario,1
4933,beer,1
4934,rama,1
4935,profesi√≥n,1
4936,skill,1
4937,mma,1
4938,amistades,1
4939,t√≥xicas,1
4940,protegen,1
4941,necesitas,1
4942,bienestar,1
4943,felicidad,1
4944,trechos,1
4945,recompensa,1
4946,desarrollan,1
4947,rin,1
4948,waifu,1
4949,invitaron,1
4950,pongas,1
4951,tirar,2
4952,puntas,1
4953,rebeli√≥n,1
4954,granja,1
4955,orwell,1
4956,eventos,2
4957,burda,1
4958,copiar,1
4959,solito,1
4960,aparec√≠a,1
4961,emocion√©,1
4962,expliqu√©,1
4963,pap√°,2
4964,darme,1
4965,much√≠simos,1
4966,am√°,1
4967,pasarlo,1
4968,cuaderno,1
4969,caletreo,1
4970,saco,1
4971,probablemente,1
4972,‚ò∫Ô∏è,1
4973,alt,1
4974,right,1
4975,agon√≠a,1
4976,academicamente,1
4977,positivo,1
4978,secundo,1
4979,fecundo,1
4980,haberla,1
4981,raspado,1
4982,caz√≥n,1
4983,ajo,1
4984,vapean,1
4985,naahh,1
4986,demandas,1
4987,patentes,1
4988,programas,1
4989,realities,1
4990,m√©dicos,1
4991,forenses,1
4992,good,1
4993,doctor,1
4994,bull,1
4995,bones,1
4996,emergencias,1
4997,m√©dicas,1
4998,arrepiente,1
4999,estudiado,2
5000,mec√°nica,1
5001,andresitorresm,2
5002,instala,1
5003,gentoo,2
5004,ucabizate,1
5005,blanco,1
5006,cervezatipo,1
5007,larga,1
5008,panes,1
5009,guayaba,1
5010,dolar,1
5011,empezamos,1
5012,accurate,1
5013,comen,1
5014,comida,1
5015,pensaba,1
5016,com√≠an,1
5017,tortilla,1
5018,salchicha,1
5019,sisa,1
5020,hija,1
5021,vico,1
5022,cumple,1
5023,jaja,1
5024,dale,2
5025,laik,1
5026,suscr√≠bete,1
5027,metal,1
5028,gear,1
5029,solid,1
5030,kojima,2
5031,tactical,1
5032,espionage,1
5033,sigilo,2
5034,death,1
5035,stranding,1
5036,strand,1
5037,system,1
5038,walk,1
5039,simulator,1
5040,recordar√°,1
5041,vanilla,1
5042,ladill√≠sima,1
5043,volver√°,1
5044,bfa,1
5045,aaaaaaaaaaaaaaaaaaaaaaaaaaaaaaaaaaaaaaaaaaaaaaaaaaaaaaaaaaaaaaaaaaaaaaaaaaaaaaaaaaaaaaaaaaaaaaaaaaaaaaaaaaaaaaaaaaaaaaaaaaaaaaaaaaaaaaaaaaaaaaaaaaaaaaaaaaaaaaaaaaaaaaaaaaaaaaaaaaaaaaaaaaaaaaaaaaaaaaaaaaaaaaaaaaaaaaaaaaaaaaaaaaaaaaaaaaaaaaaaaaaaaaaaaaaaaaaaaaaaaaaaaaaaaaaaaaaaaaaa,1
5046,vanessa,1
5047,senior,1
5048,metiche,1
5049,dani,1
5050,barranco,1
5051,comparto,1
5052,pedido,1
5053,disculpas,1
5054,humor,1
5055,disculparnos,1
5056,ian,1
5057,gael,1
5058,outcome,1
5059,aran,1
5060,rosmery,1
5061,volviera,1
5062,famoso,2
5063,felicidades,1
5064,laverogomez,1
5065,esgaboruiz,1
5066,sinister,1
5067,six,1
5068,yaaaasssssssss,1
5069,sad,1
5070,yco,1
5071,papel,1
5072,toilet,1
5073,papelera,1
5074,poceta,2
5075,ba√±o,1
5076,elegante,1
5077,presentaci√≥n,1
5078,premium,1
5079,encaja,1
5080,leido,1
5081,art√≠culo,2
5082,resuma,1
5083,tecnol√≥gica,1
5084,telefon√≠a,1
5085,xdadevelopers,1
5086,sufro,1
5087,ciclos,1
5088,insomnio,1
5089,duermo,1
5090,retrasar√°,1
5091,madrugada,1
5092,amaneciendo,1
5093,correr√°,1
5094,srmigueltomas,1
5095,imnot,1
5096,ludaabti,1
5097,side,3
5098,c√≥mico,1
5099,leo,2
5100,thefanboylester,2
5101,bienvendio,1
5102,elcdsmmsea,2
5103,vienes,1
5104,escoria,1
5105,sushitrash,1
5106,adrianriotx,1
5107,chiguirebipolar,1
5108,robes,1
5109,chistes,1
5110,pasante,1
5111,subpagado,1
5112,vi√©ndose,1
5113,caras,1
5114,dicendo,1
5115,slaxz,1
5116,anime,3
5117,huelas,1
5118,warbot,1
5119,imarcangel,3
5120,cirqueusb,1
5121,alma,1
5122,sleep,1
5123,well,1
5124,sweet,1
5125,prince,1
5126,diplomacia,1
5127,vagin√≥n,1
5128,cumplo,1
5129,pr√≥ximo,2
5130,ganar√°,1
5131,parezco,1
5132,cigarros,1
5133,fumo,1
5134,joseph,1
5135,jojo,1
5136,caraotas,1
5137,sabor,1
5138,m√≠stico,1
5139,m√≠sticas,1
5140,faltaba,1
5141,decid√≠,1
5142,echarles,1
5143,az√∫car,1
5144,arrepiento,1
5145,cree,1
5146,ba√∫l,1
5147,wnn,1
5148,country,2
5149,roads,2
5150,take,2
5151,place,1
5152,belooooooooooong,1
5153,west,1
5154,virginiaaaaaaaaaa,1
5155,mountain,1
5156,mamaaaaaaaa,1
5157,narco,1
5158,install,1
5159,mona,1
5160,perfil,1
5161,macoya,1
5162,edition,1
5163,sucre,1
5164,paez,1
5165,marginalidad,2
5166,flor,1
5167,piel,1
5168,ain,1
5169,all,1
5170,agrupar,1
5171,mint,1
5172,repositorios,1
5173,minimalista,1
5174,bleeding,1
5175,vete,1
5176,arch,1
5177,ladillarte,1
5178,antergos,2
5179,gegege,1
5180,ekbufalo,2
5181,civilizada,1
5182,medina,1
5183,angarita,1
5184,militar,1
5185,j√≥vito,1
5186,jimenez,1
5187,dur√≥,1
5188,aparenta,1
5189,movimientoterra,1
5190,cap√≠tulo,1
5191,cruchyroll,1
5192,cargaba,1
5193,adblock,1
5194,salt√©,1
5195,publicidad,1
5196,c√©ntimo,1
5197,aport√©,1
5198,trabajan,1
5199,traduciendo,1
5200,sincronizando,1
5201,subt√≠tulos,1
5202,orgullo,3
5203,moj√≥n,1
5204,aula,1
5205,magna,1
5206,decirnque,1
5207,sagrada,1
5208,exclusiva,1
5209,ucevistas,1
5210,macoyero,2
5211,vicbeology,5
5212,depresi√≥n,1
5213,mutuamente,1
5214,superpanqsito,4
5215,empiezas,1
5216,sangrar,1
5217,nariz,1
5218,sientes,1
5219,metes,1
5220,papelazo,1
5221,deje,2
5222,kiki,1
5223,challenge,1
5224,instagram,1
5225,quite,1
5226,monas,1
5227,yahoo,1
5228,derogaci√≥n,1
5229,il√≠citos,1
5230,cambiarios,1
5231,liberar,1
5232,record√≥,2
5233,juliococo,1
5234,maquilas,1
5235,√°frica,1
5236,rechazan,1
5237,actos,1
5238,ingreso,1
5239,al√≠a,1
5240,sombras,1
5241,conozca,1
5242,amor,1
5243,wgraterol,1
5244,valssss,1
5245,javier,1
5246,trv,1
5247,gusgustavo,1
5248,vault,1
5249,looks,1
5250,amazing,1
5251,haroldsluis,1
5252,asambleave,1
5253,jcsosazpurua,1
5254,vjmc,1
5255,meme,1
5256,planificada,1
5257,aguevoniados,1
5258,harvard,1
5259,rechazados,1
5260,fraternidades,1
5261,v√≠rgenes,1
5262,dise√±aron,1
5263,pareces,1
5264,ruda,1
5265,fondo,1
5266,amors,1
5267,libertarismo,1
5268,alternativa,2
5269,prepas,1
5270,skype,1
5271,esperas,1
5272,flashy,1
5273,distop√≠a,1
5274,totalitaria,1
5275,recordarles,1
5276,fajan,1
5277,dibujando,1
5278,rimar,1
5279,ciclo,1
5280,reciclo,1
5281,sureste,1
5282,max,1
5283,caribbean,1
5284,rage,1
5285,lanz√≥,2
5286,petici√≥n,1
5287,alcance,1
5288,marcela,1
5289,bahamon,1
5290,rechazas,1
5291,cumplido,1
5292,venido,1
5293,cabeza,1
5294,autoestima,1
5295,trataba,1
5296,feminista,1
5297,millenial,1
5298,ofende,1
5299,espect√°culo,1
5300,mood,1
5301,asquito,1
5302,juegas,1
5303,we,1
5304,skyrim,1
5305,entrado,1
5306,tres,1
5307,arrechera,1
5308,mem√©tica,1
5309,dw,1
5310,espanol,1
5311,interminalbe,1
5312,grecia,1
5313,fallado,1
5314,tsipras,1
5315,socialismo,1
5316,cm,1
5317,monetario,1
5318,maneras,1
5319,fijado,1
5320,protesta,1
5321,supramovimiento,1
5322,partidista,1
5323,viv√≠a,1
5324,ccs,1
5325,caseros,1
5326,nuevos,1
5327,ricos,1
5328,marginales,1
5329,mocoso,1
5330,fb,1
5331,cortes√≠a,1
5332,critico,1
5333,burlo,1
5334,aludido,1
5335,seca,1
5336,dar√°n,1
5337,comela,1
5338,tenedor,1
5339,eldiariodedross,1
5340,enfermo,1
5341,gorda,1
5342,sopa,1
5343,insiste,1
5344,d√°rmela,1
5345,cuchara,1
5346,morder,1
