,tweet,tweet_cleaned,tweet_tokenized,sentiment
0,"Un abrazo para todos los periodistas en su día. Que sigan haciendo su trabajo pese a las limitaciones y riesgos es una muestra de compromiso, pasión y valor.",un abrazo para todos los periodistas en su día que sigan haciendo su trabajo pese a las limitaciones y riesgos es una muestra de compromiso pasión y valor ,"['un', 'abrazo', 'para', 'todos', 'los', 'periodistas', 'en', 'su', 'día', 'que', 'sigan', 'haciendo', 'su', 'trabajo', 'pese', 'las', 'limitaciones', 'riesgos', 'es', 'una', 'muestra', 'de', 'compromiso', 'pasión', 'valor']",No result
1,"“Lo notable era la division y descalificaciones que se lanzaban, el resentimiento que supuraban. Estás conmigo o contra mí. Y tuvo ingredientes para su pesimismo. ¿Quién cedería? Los que más gritaban eran quienes pedían no ceder jamás” Tranquilo. Es Padura hablando de los cubanos", lo notable era la division y descalificaciones que se lanzaban el resentimiento que supuraban estás conmigo o contra mí y tuvo ingredientes para su pesimismo ¿quién cedería los que más gritaban eran quienes pedían no ceder jamás” tranquilo es padura hablando de los cubanos,"['lo', 'notable', 'era', 'la', 'division', 'descalificaciones', 'que', 'se', 'lanzaban', 'el', 'resentimiento', 'que', 'supuraban', 'estás', 'conmigo', 'contra', 'mí', 'tuvo', 'ingredientes', 'para', 'su', 'pesimismo', '¿quién', 'cedería', 'los', 'que', 'más', 'gritaban', 'eran', 'quienes', 'pedían', 'no', 'ceder', 'jamás”', 'tranquilo', 'es', 'padura', 'hablando', 'de', 'los', 'cubanos']",Positive
2,"Cristina Aguilera Ochoa (@cotuficcion), compite en el @Nespresso Talents en la categoría ""Film School Award"", y los ganadores se darán a conocer en el 74 ° Festival de Cannes en julio. Aquí está el enlace a su video:  https://t.co/164FRJCXJN Es sensacional. Muchísima suerte.",cristina aguilera ochoa cotuficcion compite en el nespresso talents en la categoría film school award y los ganadores se darán a conocer en el ° festival de cannes en julio aquí está el enlace a su video es sensacional muchísima suerte ,"['cristina', 'aguilera', 'ochoa', 'cotuficcion', 'compite', 'en', 'el', 'nespresso', 'talents', 'en', 'la', 'categoría', 'film', 'school', 'award', 'los', 'ganadores', 'se', 'darán', 'conocer', 'en', 'el', 'festival', 'de', 'cannes', 'en', 'julio', 'aquí', 'está', 'el', 'enlace', 'su', 'video', 'es', 'sensacional', 'muchísima', 'suerte']",Positive
3,Tendencias del Consumidor Venezolano @datanalisis “la dolarización transaccional de Vzla alcanza ya casi el 70% de las transacciones totales y es un proceso irreversible”. @luisvicenteleon,tendencias del consumidor venezolano datanalisis la dolarización transaccional de vzla alcanza ya casi el de las transacciones totales y es un proceso irreversible” luisvicenteleon,"['tendencias', 'del', 'consumidor', 'venezolano', 'datanalisis', 'la', 'dolarización', 'transaccional', 'de', 'vzla', 'alcanza', 'ya', 'casi', 'el', 'de', 'las', 'transacciones', 'totales', 'es', 'un', 'proceso', 'irreversible”', 'luisvicenteleon']",No result
4,"Tendencias del Consumidor Vzlano @datanalisis “luego de una destrucción de tres cuartas partes del PIB desde 2013, las proyecciones 2021-2022 muestran una primera estabilización, aunque dejando una economía significativamente más pequeña que su tamaño histórico” Francisco Allen",tendencias del consumidor vzlano datanalisis luego de una destrucción de tres cuartas partes del pib desde las proyecciones muestran una primera estabilización aunque dejando una economía significativamente más pequeña que su tamaño histórico” francisco allen,"['tendencias', 'del', 'consumidor', 'vzlano', 'datanalisis', 'luego', 'de', 'una', 'destrucción', 'de', 'tres', 'cuartas', 'partes', 'del', 'pib', 'desde', 'las', 'proyecciones', 'muestran', 'una', 'primera', 'estabilización', 'aunque', 'dejando', 'una', 'economía', 'significativamente', 'más', 'pequeña', 'que', 'su', 'tamaño', 'histórico”', 'francisco', 'allen']",Positive
5,"Tendencias del Consumidor Venezolano: “La pérdida de poder de compra interna del dólar en Venezuela ha sido de 62,6% entre enero 2020 y abril 2021 debido al desfase entre devaluación e inflación” Francisco Allen",tendencias del consumidor venezolano la pérdida de poder de compra interna del dólar en venezuela ha sido de entre enero y abril debido al desfase entre devaluación e inflación” francisco allen,"['tendencias', 'del', 'consumidor', 'venezolano', 'la', 'pérdida', 'de', 'poder', 'de', 'compra', 'interna', 'del', 'dólar', 'en', 'venezuela', 'ha', 'sido', 'de', 'entre', 'enero', 'abril', 'debido', 'al', 'desfase', 'entre', 'devaluación', 'inflación”', 'francisco', 'allen']",Negative
6,"Tendencias del Consumidor Venezolano @datanalisis “Si bien la pandemia ha estimulado el crecimiento regional de la compra por Internet, en el caso vzlano su penetracion es significativamente inferior (14%) que el promedio regional (45%)”. @CarlosJimenez",tendencias del consumidor venezolano datanalisis si bien la pandemia ha estimulado el crecimiento regional de la compra por internet en el caso vzlano su penetracion es significativamente inferior que el promedio regional ” carlosjimenez,"['tendencias', 'del', 'consumidor', 'venezolano', 'datanalisis', 'si', 'bien', 'la', 'pandemia', 'ha', 'estimulado', 'el', 'crecimiento', 'regional', 'de', 'la', 'compra', 'por', 'internet', 'en', 'el', 'caso', 'vzlano', 'su', 'penetracion', 'es', 'significativamente', 'inferior', 'que', 'el', 'promedio', 'regional', 'carlosjimenez']",Positive
7,"Tendencias del Consumidor Venezolano @datanalisis : “los consumidores locales presentan la menor fidelidad de marcas de toda la región latinoamericana, llegando apenas del 7% frente a un promedio latino de 26%” @CarlosJimenez",tendencias del consumidor venezolano datanalisis los consumidores locales presentan la menor fidelidad de marcas de toda la región latinoamericana llegando apenas del frente a un promedio latino de ” carlosjimenez,"['tendencias', 'del', 'consumidor', 'venezolano', 'datanalisis', 'los', 'consumidores', 'locales', 'presentan', 'la', 'menor', 'fidelidad', 'de', 'marcas', 'de', 'toda', 'la', 'región', 'latinoamericana', 'llegando', 'apenas', 'del', 'frente', 'un', 'promedio', 'latino', 'de', 'carlosjimenez']",Negative
8,"Tendencias del Consumidor Venezolano @datanalisis : “54% de los consumidores locales manifiestan comparar precios antes de comprar, una  penetración de casi el doble que sus pares latinoamericanos, lo que indica su mayor sensibilidad”. @CarlosJimenez",tendencias del consumidor venezolano datanalisis de los consumidores locales manifiestan comparar precios antes de comprar una penetración de casi el doble que sus pares latinoamericanos lo que indica su mayor sensibilidad” carlosjimenez,"['tendencias', 'del', 'consumidor', 'venezolano', 'datanalisis', 'de', 'los', 'consumidores', 'locales', 'manifiestan', 'comparar', 'precios', 'antes', 'de', 'comprar', 'una', 'penetración', 'de', 'casi', 'el', 'doble', 'que', 'sus', 'pares', 'latinoamericanos', 'lo', 'que', 'indica', 'su', 'mayor', 'sensibilidad”', 'carlosjimenez']",Positive
9,Gracias a nuestros patrocinantes:  @cocuyleal  @banplusonline @jvhcorp  @ingritechven @delcopve  @idcartonaje  @jamonarichuna  @cloverfilevzla @traslados24horas @lapieldetuhogar  @simpletvve @kores_venezuela @movistar @AlimentosMaryVe   @CeproAlarm  @gpcconsulting @PagoChinchin,gracias a nuestros patrocinantes cocuyleal banplusonline jvhcorp ingritechven delcopve idcartonaje jamonarichuna cloverfilevzla traslados horas lapieldetuhogar simpletvve kores venezuela movistar alimentosmaryve ceproalarm gpcconsulting pagochinchin,"['gracias', 'nuestros', 'patrocinantes', 'cocuyleal', 'banplusonline', 'jvhcorp', 'ingritechven', 'delcopve', 'idcartonaje', 'jamonarichuna', 'cloverfilevzla', 'traslados', 'horas', 'lapieldetuhogar', 'simpletvve', 'kores', 'venezuela', 'movistar', 'alimentosmaryve', 'ceproalarm', 'gpcconsulting', 'pagochinchin']",Positive
10,"Listos para comenzar nuestro evento de Tendencias del Consumidor Vzlano a casa completamente llena y acompañados por un grupo estelar de empresas que muestran día a día su compromiso para atender al consumidor, más allá de la crisis. Gracias a todos. Nos vemos en un momento.",listos para comenzar nuestro evento de tendencias del consumidor vzlano a casa completamente llena y acompañados por un grupo estelar de empresas que muestran día a día su compromiso para atender al consumidor más allá de la crisis gracias a todos nos vemos en un momento ,"['listos', 'para', 'comenzar', 'nuestro', 'evento', 'de', 'tendencias', 'del', 'consumidor', 'vzlano', 'casa', 'completamente', 'llena', 'acompañados', 'por', 'un', 'grupo', 'estelar', 'de', 'empresas', 'que', 'muestran', 'día', 'día', 'su', 'compromiso', 'para', 'atender', 'al', 'consumidor', 'más', 'allá', 'de', 'la', 'crisis', 'gracias', 'todos', 'nos', 'vemos', 'en', 'un', 'momento']",Positive
11,"Lamento el fallecimiento de la Sra Adnaloy Zamora, madre de nuestros grandes amigos Gabriel y Miguel Osio Zamora. Envío un abrazo y toda mi solidaridad para ellos, sus hermanas, familiares y amigos. Que los recuerdos felices la mantengan siempre viva en sus mentes y corazones.",lamento el fallecimiento de la sra adnaloy zamora madre de nuestros grandes amigos gabriel y miguel osio zamora envío un abrazo y toda mi solidaridad para ellos sus hermanas familiares y amigos que los recuerdos felices la mantengan siempre viva en sus mentes y corazones ,"['lamento', 'el', 'fallecimiento', 'de', 'la', 'sra', 'adnaloy', 'zamora', 'madre', 'de', 'nuestros', 'grandes', 'amigos', 'gabriel', 'miguel', 'osio', 'zamora', 'envío', 'un', 'abrazo', 'toda', 'mi', 'solidaridad', 'para', 'ellos', 'sus', 'hermanas', 'familiares', 'amigos', 'que', 'los', 'recuerdos', 'felices', 'la', 'mantengan', 'siempre', 'viva', 'en', 'sus', 'mentes', 'corazones']",Positive
12,Mañana conversando con ⁦@laureanomar⁩ en su Instagram LIVE camino a su monólogo: “El Miedo” que realizará en streaming el próximo 27 de Junio a las 5 pm. Nos vemos.  https://t.co/getz9cjMCx,mañana conversando con ⁦ laureanomar⁩ en su instagram live camino a su monólogo el miedo” que realizará en streaming el próximo de junio a las pm nos vemos ,"['mañana', 'conversando', 'con', 'laureanomar\u2069', 'en', 'su', 'instagram', 'live', 'camino', 'su', 'monólogo', 'el', 'miedo”', 'que', 'realizará', 'en', 'streaming', 'el', 'próximo', 'de', 'junio', 'las', 'pm', 'nos', 'vemos']",Positive
13,"En la recta final para nuestro evento Tendencias del Consumidor Venezolano, que se realizará el jueves a las 10 am. Gracias a patrocinantes y participantes, quienes superaron con creces todas nuestras expectativas. Es un honor contar siempre con su confianza e interés. Nos vemos.  https://t.co/E5HP3bjnbR",en la recta final para nuestro evento tendencias del consumidor venezolano que se realizará el jueves a las am gracias a patrocinantes y participantes quienes superaron con creces todas nuestras expectativas es un honor contar siempre con su confianza e interés nos vemos ,"['en', 'la', 'recta', 'final', 'para', 'nuestro', 'evento', 'tendencias', 'del', 'consumidor', 'venezolano', 'que', 'se', 'realizará', 'el', 'jueves', 'las', 'am', 'gracias', 'patrocinantes', 'participantes', 'quienes', 'superaron', 'con', 'creces', 'todas', 'nuestras', 'expectativas', 'es', 'un', 'honor', 'contar', 'siempre', 'con', 'su', 'confianza', 'interés', 'nos', 'vemos']",Positive
14,Fue un placer compartir con ustedes… como siempre.,fue un placer compartir con ustedes… como siempre ,"['fue', 'un', 'placer', 'compartir', 'con', 'ustedes…', 'como', 'siempre']",No result
15,"@Francisco19643 Puedes pedir lo que quieras y merezcas. La pregunta real es si te lo van a dar o lo puedes conseguir. Y la respuesta es obviamente no. Con ese marco, se analiza la realidad. No con base en los deseos o derechos, incluso merecidos.", francisco puedes pedir lo que quieras y merezcas la pregunta real es si te lo van a dar o lo puedes conseguir y la respuesta es obviamente no con ese marco se analiza la realidad no con base en los deseos o derechos incluso merecidos ,"['francisco', 'puedes', 'pedir', 'lo', 'que', 'quieras', 'merezcas', 'la', 'pregunta', 'real', 'es', 'si', 'te', 'lo', 'van', 'dar', 'lo', 'puedes', 'conseguir', 'la', 'respuesta', 'es', 'obviamente', 'no', 'con', 'ese', 'marco', 'se', 'analiza', 'la', 'realidad', 'no', 'con', 'base', 'en', 'los', 'deseos', 'derechos', 'incluso', 'merecidos']",Positive
16,"@luisdiazt69 No existe posibilidad de que se liberen sin conseguir el Quid Pro Quo (algo a cambio) y eso sólo se logra negociando. Pero las sanciones que generan costos humanitarios, sin afectar al gobierno, han sido un error desde el principio y deben ser retiradas cuanto antes.", luisdiazt no existe posibilidad de que se liberen sin conseguir el quid pro quo algo a cambio y eso sólo se logra negociando pero las sanciones que generan costos humanitarios sin afectar al gobierno han sido un error desde el principio y deben ser retiradas cuanto antes ,"['luisdiazt', 'no', 'existe', 'posibilidad', 'de', 'que', 'se', 'liberen', 'sin', 'conseguir', 'el', 'quid', 'pro', 'quo', 'algo', 'cambio', 'eso', 'sólo', 'se', 'logra', 'negociando', 'pero', 'las', 'sanciones', 'que', 'generan', 'costos', 'humanitarios', 'sin', 'afectar', 'al', 'gobierno', 'han', 'sido', 'un', 'error', 'desde', 'el', 'principio', 'deben', 'ser', 'retiradas', 'cuanto', 'antes']",No result
17,"@iElViento ¿Y quien dijo que votar, sin una estrategia, ha funcionado?  Si así fuera no estaríamos aquí. Lo que significa decir que votar o no votar no es el dilema, es que ninguno sirve sin estrategia, pues a tu argumento deberías agregar que abstenerse, sin ella, ha sido incluso peor.", ielviento ¿y quien dijo que votar sin una estrategia ha funcionado si así fuera no estaríamos aquí lo que significa decir que votar o no votar no es el dilema es que ninguno sirve sin estrategia pues a tu argumento deberías agregar que abstenerse sin ella ha sido incluso peor ,"['ielviento', '¿y', 'quien', 'dijo', 'que', 'votar', 'sin', 'una', 'estrategia', 'ha', 'funcionado', 'si', 'así', 'fuera', 'no', 'estaríamos', 'aquí', 'lo', 'que', 'significa', 'decir', 'que', 'votar', 'no', 'votar', 'no', 'es', 'el', 'dilema', 'es', 'que', 'ninguno', 'sirve', 'sin', 'estrategia', 'pues', 'tu', 'argumento', 'deberías', 'agregar', 'que', 'abstenerse', 'sin', 'ella', 'ha', 'sido', 'incluso', 'peor']",Negative
18,"@irja500 No. Lo que estoy sugiriendo es que ese no es el problema. Votar o no votar no es el dilema. Usas un ejemplo cierto. Votar, sin estrategia, no sirvió. Solo falta indicar que no votar varias veces, sin estrategia, tampoco. Entonces el problema es la estrategia no voto o abstención.", irja no lo que estoy sugiriendo es que ese no es el problema votar o no votar no es el dilema usas un ejemplo cierto votar sin estrategia no sirvió solo falta indicar que no votar varias veces sin estrategia tampoco entonces el problema es la estrategia no voto o abstención ,"['irja', 'no', 'lo', 'que', 'estoy', 'sugiriendo', 'es', 'que', 'ese', 'no', 'es', 'el', 'problema', 'votar', 'no', 'votar', 'no', 'es', 'el', 'dilema', 'usas', 'un', 'ejemplo', 'cierto', 'votar', 'sin', 'estrategia', 'no', 'sirvió', 'solo', 'falta', 'indicar', 'que', 'no', 'votar', 'varias', 'veces', 'sin', 'estrategia', 'tampoco', 'entonces', 'el', 'problema', 'es', 'la', 'estrategia', 'no', 'voto', 'abstención']",Positive
19,@TolosaLila ¿Mis palabras o la realidad país?, tolosalila ¿mis palabras o la realidad país ,"['tolosalila', '¿mis', 'palabras', 'la', 'realidad', 'país']",No result
20,Gracias a @Lacelis y @nelsonbocaranda por su invitación a conversar sobre nuestro estudio del Perfil del Consumidor que presentaremos el próximo 17 de junio a las 4 pm. Eventos@datanalisis.com @datanalisis Nos vemos ahí.,gracias a lacelis y nelsonbocaranda por su invitación a conversar sobre nuestro estudio del perfil del consumidor que presentaremos el próximo de junio a las pm eventos datanalisis com datanalisis nos vemos ahí ,"['gracias', 'lacelis', 'nelsonbocaranda', 'por', 'su', 'invitación', 'conversar', 'sobre', 'nuestro', 'estudio', 'del', 'perfil', 'del', 'consumidor', 'que', 'presentaremos', 'el', 'próximo', 'de', 'junio', 'las', 'pm', 'eventos', 'datanalisis', 'com', 'datanalisis', 'nos', 'vemos', 'ahí']",Positive
21,Muchas gracias.,muchas gracias ,"['muchas', 'gracias']",Positive
22,"A mi me parece más importante que le hagan caso a la racionalidad política y no a los intereses personale. Las encuestas no son más que un instrumento de ayuda en sus decisiones, pero nunca reemplazarán a la lógica.",a mi me parece más importante que le hagan caso a la racionalidad política y no a los intereses personale las encuestas no son más que un instrumento de ayuda en sus decisiones pero nunca reemplazarán a la lógica ,"['mi', 'me', 'parece', 'más', 'importante', 'que', 'le', 'hagan', 'caso', 'la', 'racionalidad', 'política', 'no', 'los', 'intereses', 'personale', 'las', 'encuestas', 'no', 'son', 'más', 'que', 'un', 'instrumento', 'de', 'ayuda', 'en', 'sus', 'decisiones', 'pero', 'nunca', 'reemplazarán', 'la', 'lógica']",Positive
23,Prefiero reconvertir tu pregunta a una más enfocada: deben los venezolanos luchar y desarrollar estrategias distintas a las que los han traído hasta acá (es decir a la nada) o vale la pena insistir en lo mismo (que llegará obviamente a lo mismo).,prefiero reconvertir tu pregunta a una más enfocada deben los venezolanos luchar y desarrollar estrategias distintas a las que los han traído hasta acá es decir a la nada o vale la pena insistir en lo mismo que llegará obviamente a lo mismo ,"['prefiero', 'reconvertir', 'tu', 'pregunta', 'una', 'más', 'enfocada', 'deben', 'los', 'venezolanos', 'luchar', 'desarrollar', 'estrategias', 'distintas', 'las', 'que', 'los', 'han', 'traído', 'hasta', 'acá', 'es', 'decir', 'la', 'nada', 'vale', 'la', 'pena', 'insistir', 'en', 'lo', 'mismo', 'que', 'llegará', 'obviamente', 'lo', 'mismo']",Positive
24,"Como en todo proceso distorsionado, la inflación en Venezuela es multifactorial y por supuesto hay campo para la especulación. Pero esa no es la base del problema. Se trata de la combinación de pérdida total de confianza institucional y en la moneda y de un desequilibrio fiscal.",como en todo proceso distorsionado la inflación en venezuela es multifactorial y por supuesto hay campo para la especulación pero esa no es la base del problema se trata de la combinación de pérdida total de confianza institucional y en la moneda y de un desequilibrio fiscal ,"['como', 'en', 'todo', 'proceso', 'distorsionado', 'la', 'inflación', 'en', 'venezuela', 'es', 'multifactorial', 'por', 'supuesto', 'hay', 'campo', 'para', 'la', 'especulación', 'pero', 'esa', 'no', 'es', 'la', 'base', 'del', 'problema', 'se', 'trata', 'de', 'la', 'combinación', 'de', 'pérdida', 'total', 'de', 'confianza', 'institucional', 'en', 'la', 'moneda', 'de', 'un', 'desequilibrio', 'fiscal']",No result
25,"Todas las partes que comienzan una negociación (política, económica, laboral, etc) comienzan pidiendo mucho más de lo que están dispuestos a aceptar. Eso va a pasar tanto en gobierno como en oposición en este caso. Pero eso se diluye en la negociación...si esta ocurre.",todas las partes que comienzan una negociación política económica laboral etc comienzan pidiendo mucho más de lo que están dispuestos a aceptar eso va a pasar tanto en gobierno como en oposición en este caso pero eso se diluye en la negociación si esta ocurre ,"['todas', 'las', 'partes', 'que', 'comienzan', 'una', 'negociación', 'política', 'económica', 'laboral', 'etc', 'comienzan', 'pidiendo', 'mucho', 'más', 'de', 'lo', 'que', 'están', 'dispuestos', 'aceptar', 'eso', 'va', 'pasar', 'tanto', 'en', 'gobierno', 'como', 'en', 'oposición', 'en', 'este', 'caso', 'pero', 'eso', 'se', 'diluye', 'en', 'la', 'negociación', 'si', 'esta', 'ocurre']",Positive
26,"Las vacunas Chinas y Rusas suministradas oficialmente ahora son las originales (aunque insuficientes y entregadas de manera sesgada). Las que vengan de acuerdos humanitarios serán también impecables, pero no están cerca. Las vacunas ""bachaqueadas"" son de un peligro incalculable.",las vacunas chinas y rusas suministradas oficialmente ahora son las originales aunque insuficientes y entregadas de manera sesgada las que vengan de acuerdos humanitarios serán también impecables pero no están cerca las vacunas bachaqueadas son de un peligro incalculable ,"['las', 'vacunas', 'chinas', 'rusas', 'suministradas', 'oficialmente', 'ahora', 'son', 'las', 'originales', 'aunque', 'insuficientes', 'entregadas', 'de', 'manera', 'sesgada', 'las', 'que', 'vengan', 'de', 'acuerdos', 'humanitarios', 'serán', 'también', 'impecables', 'pero', 'no', 'están', 'cerca', 'las', 'vacunas', 'bachaqueadas', 'son', 'de', 'un', 'peligro', 'incalculable']",Positive
27,"Es temprano para hacer estimaciones. Dependerá del resultado de las negociaciones, los cambios de condiciones, los acuerdos en la oposición, los partidos y líderes que las promuevan, la observación internacional, la liberación de presos políticos e inhabilitados...y mucho más.",es temprano para hacer estimaciones dependerá del resultado de las negociaciones los cambios de condiciones los acuerdos en la oposición los partidos y líderes que las promuevan la observación internacional la liberación de presos políticos e inhabilitados y mucho más ,"['es', 'temprano', 'para', 'hacer', 'estimaciones', 'dependerá', 'del', 'resultado', 'de', 'las', 'negociaciones', 'los', 'cambios', 'de', 'condiciones', 'los', 'acuerdos', 'en', 'la', 'oposición', 'los', 'partidos', 'líderes', 'que', 'las', 'promuevan', 'la', 'observación', 'internacional', 'la', 'liberación', 'de', 'presos', 'políticos', 'inhabilitados', 'mucho', 'más']",Positive
28,Depende de las expectativas. La demanda Maduro de liberación inmediata de sanciones y negociación pública no tiene posibilidad de lograrse. La demanda opositoras de convocar una elección presidencial transparente o un RR también es nula. Los acuerdos posibles estarán en el medio.,depende de las expectativas la demanda maduro de liberación inmediata de sanciones y negociación pública no tiene posibilidad de lograrse la demanda opositoras de convocar una elección presidencial transparente o un rr también es nula los acuerdos posibles estarán en el medio ,"['depende', 'de', 'las', 'expectativas', 'la', 'demanda', 'maduro', 'de', 'liberación', 'inmediata', 'de', 'sanciones', 'negociación', 'pública', 'no', 'tiene', 'posibilidad', 'de', 'lograrse', 'la', 'demanda', 'opositoras', 'de', 'convocar', 'una', 'elección', 'presidencial', 'transparente', 'un', 'rr', 'también', 'es', 'nula', 'los', 'acuerdos', 'posibles', 'estarán', 'en', 'el', 'medio']",Positive
29,"La mayoría contundente de la población quiere una negociación política para resolver el problema del país y sin embargo, sólo una pequeña minoría confía en que será exitosa ahora mismo en lograr ese objetivo deseado. Por eso es tan importante definir las expectativas correctas.",la mayoría contundente de la población quiere una negociación política para resolver el problema del país y sin embargo sólo una pequeña minoría confía en que será exitosa ahora mismo en lograr ese objetivo deseado por eso es tan importante definir las expectativas correctas ,"['la', 'mayoría', 'contundente', 'de', 'la', 'población', 'quiere', 'una', 'negociación', 'política', 'para', 'resolver', 'el', 'problema', 'del', 'país', 'sin', 'embargo', 'sólo', 'una', 'pequeña', 'minoría', 'confía', 'en', 'que', 'será', 'exitosa', 'ahora', 'mismo', 'en', 'lograr', 'ese', 'objetivo', 'deseado', 'por', 'eso', 'es', 'tan', 'importante', 'definir', 'las', 'expectativas', 'correctas']",Positive
30,"Tu punto es el más relevante. Una estrategia de aislamiento al gol vzlano, que expulsa y amenaza a los inversionistas clásicos, termina produciendo una evidente desoccidentalización del país, que es cada vez más penetrado, econ y políticamente, por los adversarios de occidente.",tu punto es el más relevante una estrategia de aislamiento al gol vzlano que expulsa y amenaza a los inversionistas clásicos termina produciendo una evidente desoccidentalización del país que es cada vez más penetrado econ y políticamente por los adversarios de occidente ,"['tu', 'punto', 'es', 'el', 'más', 'relevante', 'una', 'estrategia', 'de', 'aislamiento', 'al', 'gol', 'vzlano', 'que', 'expulsa', 'amenaza', 'los', 'inversionistas', 'clásicos', 'termina', 'produciendo', 'una', 'evidente', 'desoccidentalización', 'del', 'país', 'que', 'es', 'cada', 'vez', 'más', 'penetrado', 'econ', 'políticamente', 'por', 'los', 'adversarios', 'de', 'occidente']",Positive
31,"Esa será una búsqueda central del proceso de negociación política, pero las probabilidades de que eso ocurra son bastante bajas. Es mucho mas probable que haya participación parcial, lo cual siempre será más débil.",esa será una búsqueda central del proceso de negociación política pero las probabilidades de que eso ocurra son bastante bajas es mucho mas probable que haya participación parcial lo cual siempre será más débil ,"['esa', 'será', 'una', 'búsqueda', 'central', 'del', 'proceso', 'de', 'negociación', 'política', 'pero', 'las', 'probabilidades', 'de', 'que', 'eso', 'ocurra', 'son', 'bastante', 'bajas', 'es', 'mucho', 'mas', 'probable', 'que', 'haya', 'participación', 'parcial', 'lo', 'cual', 'siempre', 'será', 'más', 'débil']",Positive
32,"Los resultados de la abstención presidencial y parlamentaria son mucho más potentes que mi opinión. Pero eso no significa que participar pasivamente, sin luchar por condiciones, sin unidad opositora y sin plan para convertir la participación en acción sea una estrategia ganadora.",los resultados de la abstención presidencial y parlamentaria son mucho más potentes que mi opinión pero eso no significa que participar pasivamente sin luchar por condiciones sin unidad opositora y sin plan para convertir la participación en acción sea una estrategia ganadora ,"['los', 'resultados', 'de', 'la', 'abstención', 'presidencial', 'parlamentaria', 'son', 'mucho', 'más', 'potentes', 'que', 'mi', 'opinión', 'pero', 'eso', 'no', 'significa', 'que', 'participar', 'pasivamente', 'sin', 'luchar', 'por', 'condiciones', 'sin', 'unidad', 'opositora', 'sin', 'plan', 'para', 'convertir', 'la', 'participación', 'en', 'acción', 'sea', 'una', 'estrategia', 'ganadora']",Positive
33,"Y que tiene que ver una cosa con la otra? Las encuestas no miden lo que los encuestadores quieren, desean o temen, miden lo que la gente piensa y lo vamos a decir nos guste o no. Ese es nuestro trabajo, moleste a quien moleste.",y que tiene que ver una cosa con la otra las encuestas no miden lo que los encuestadores quieren desean o temen miden lo que la gente piensa y lo vamos a decir nos guste o no ese es nuestro trabajo moleste a quien moleste ,"['que', 'tiene', 'que', 'ver', 'una', 'cosa', 'con', 'la', 'otra', 'las', 'encuestas', 'no', 'miden', 'lo', 'que', 'los', 'encuestadores', 'quieren', 'desean', 'temen', 'miden', 'lo', 'que', 'la', 'gente', 'piensa', 'lo', 'vamos', 'decir', 'nos', 'guste', 'no', 'ese', 'es', 'nuestro', 'trabajo', 'moleste', 'quien', 'moleste']",Negative
34,"La opo no tiene control territorial ni puede resolver temas internos, pero si es el factor determinante para obtener ayuda internacional humanitaria y esa búsqueda no puede parar nunca, pese a los bloqueadores que establezca el gob. De eso se tratan las primeras negociaciones.",la opo no tiene control territorial ni puede resolver temas internos pero si es el factor determinante para obtener ayuda internacional humanitaria y esa búsqueda no puede parar nunca pese a los bloqueadores que establezca el gob de eso se tratan las primeras negociaciones ,"['la', 'opo', 'no', 'tiene', 'control', 'territorial', 'ni', 'puede', 'resolver', 'temas', 'internos', 'pero', 'si', 'es', 'el', 'factor', 'determinante', 'para', 'obtener', 'ayuda', 'internacional', 'humanitaria', 'esa', 'búsqueda', 'no', 'puede', 'parar', 'nunca', 'pese', 'los', 'bloqueadores', 'que', 'establezca', 'el', 'gob', 'de', 'eso', 'se', 'tratan', 'las', 'primeras', 'negociaciones']",Positive
35,"El problema del combustible (gas, gasolina y diesel) es que su crisis proviene del modelo económico y político negativo de la revolución, pero las sanciones, lejos de ayudar, empeoran e incrementan sus impactos sobre la población inocente. El resultado esta a la vista.",el problema del combustible gas gasolina y diesel es que su crisis proviene del modelo económico y político negativo de la revolución pero las sanciones lejos de ayudar empeoran e incrementan sus impactos sobre la población inocente el resultado esta a la vista ,"['el', 'problema', 'del', 'combustible', 'gas', 'gasolina', 'diesel', 'es', 'que', 'su', 'crisis', 'proviene', 'del', 'modelo', 'económico', 'político', 'negativo', 'de', 'la', 'revolución', 'pero', 'las', 'sanciones', 'lejos', 'de', 'ayudar', 'empeoran', 'incrementan', 'sus', 'impactos', 'sobre', 'la', 'población', 'inocente', 'el', 'resultado', 'esta', 'la', 'vista']",Positive
36,"Hay un falso dilema entre negociar y no negociar, votar o no votar. La pregunta es: Vas a hacer algo real y diferente en el plano político o te vas a quedar (como hasta ahora) en discursos políticos y diplomáticos, amenazas incumplibles e intentos de preservación del status quo?  https://t.co/DCnJHsTIwD",hay un falso dilema entre negociar y no negociar votar o no votar la pregunta es vas a hacer algo real y diferente en el plano político o te vas a quedar como hasta ahora en discursos políticos y diplomáticos amenazas incumplibles e intentos de preservación del status quo ,"['hay', 'un', 'falso', 'dilema', 'entre', 'negociar', 'no', 'negociar', 'votar', 'no', 'votar', 'la', 'pregunta', 'es', 'vas', 'hacer', 'algo', 'real', 'diferente', 'en', 'el', 'plano', 'político', 'te', 'vas', 'quedar', 'como', 'hasta', 'ahora', 'en', 'discursos', 'políticos', 'diplomáticos', 'amenazas', 'incumplibles', 'intentos', 'de', 'preservación', 'del', 'status', 'quo']",Negative
37,"Las sanciones se dividen en: 1) con impacto humanitario negativo, 2) de presión económica al gob y 3) sanciones personales contra funcionarios. Sólo las humanitarias podrían flexibilizarse como marco previo a la negociación. El resto será instrumento de negociación política.",las sanciones se dividen en con impacto humanitario negativo de presión económica al gob y sanciones personales contra funcionarios sólo las humanitarias podrían flexibilizarse como marco previo a la negociación el resto será instrumento de negociación política ,"['las', 'sanciones', 'se', 'dividen', 'en', 'con', 'impacto', 'humanitario', 'negativo', 'de', 'presión', 'económica', 'al', 'gob', 'sanciones', 'personales', 'contra', 'funcionarios', 'sólo', 'las', 'humanitarias', 'podrían', 'flexibilizarse', 'como', 'marco', 'previo', 'la', 'negociación', 'el', 'resto', 'será', 'instrumento', 'de', 'negociación', 'política']",Positive
38,"Las probabilidades de que la administración Biden haga un giro tan profundo que lo lleve a establecer alianzas con el gob de Maduro, bajo esa o cualquier otra tesis, sin pasar por una revalidación democrática de poderes en Vzla es NULA.",las probabilidades de que la administración biden haga un giro tan profundo que lo lleve a establecer alianzas con el gob de maduro bajo esa o cualquier otra tesis sin pasar por una revalidación democrática de poderes en vzla es nula ,"['las', 'probabilidades', 'de', 'que', 'la', 'administración', 'biden', 'haga', 'un', 'giro', 'tan', 'profundo', 'que', 'lo', 'lleve', 'establecer', 'alianzas', 'con', 'el', 'gob', 'de', 'maduro', 'bajo', 'esa', 'cualquier', 'otra', 'tesis', 'sin', 'pasar', 'por', 'una', 'revalidación', 'democrática', 'de', 'poderes', 'en', 'vzla', 'es', 'nula']",Negative
39,¿Y tú te vas a lanzar a un puesto de elección popular en alguna elección?,¿y tú te vas a lanzar a un puesto de elección popular en alguna elección ,"['¿y', 'tú', 'te', 'vas', 'lanzar', 'un', 'puesto', 'de', 'elección', 'popular', 'en', 'alguna', 'elección']",Positive
40,"Lo máximo que podemos decir es que a pesar de que la preferencia de la pob es resolver el conflicto a través de una elección, sin cambio de condiciones reales y sin acuerdos relevantes, la abstención seguirá siendo el problema mayor para quienes quieren participar en elecciones",lo máximo que podemos decir es que a pesar de que la preferencia de la pob es resolver el conflicto a través de una elección sin cambio de condiciones reales y sin acuerdos relevantes la abstención seguirá siendo el problema mayor para quienes quieren participar en elecciones,"['lo', 'máximo', 'que', 'podemos', 'decir', 'es', 'que', 'pesar', 'de', 'que', 'la', 'preferencia', 'de', 'la', 'pob', 'es', 'resolver', 'el', 'conflicto', 'través', 'de', 'una', 'elección', 'sin', 'cambio', 'de', 'condiciones', 'reales', 'sin', 'acuerdos', 'relevantes', 'la', 'abstención', 'seguirá', 'siendo', 'el', 'problema', 'mayor', 'para', 'quienes', 'quieren', 'participar', 'en', 'elecciones']",Positive
41,"Maduro participa en cualquier negociación porque le interesa mostrar su control territorial y obligar su reconocimiento como contraparte dominante (que nada tiene que ver con legitimidad). Mientras más “mediática” la negociación, mejor para él (y peor para la negociación real).",maduro participa en cualquier negociación porque le interesa mostrar su control territorial y obligar su reconocimiento como contraparte dominante que nada tiene que ver con legitimidad mientras más mediática” la negociación mejor para él y peor para la negociación real ,"['maduro', 'participa', 'en', 'cualquier', 'negociación', 'porque', 'le', 'interesa', 'mostrar', 'su', 'control', 'territorial', 'obligar', 'su', 'reconocimiento', 'como', 'contraparte', 'dominante', 'que', 'nada', 'tiene', 'que', 'ver', 'con', 'legitimidad', 'mientras', 'más', 'mediática”', 'la', 'negociación', 'mejor', 'para', 'él', 'peor', 'para', 'la', 'negociación', 'real']",Positive
42,"Tenemos unos minutos para preguntas y respuestas, comenzando ahora mismo.",tenemos unos minutos para preguntas y respuestas comenzando ahora mismo ,"['tenemos', 'unos', 'minutos', 'para', 'preguntas', 'respuestas', 'comenzando', 'ahora', 'mismo']",Positive
43,"@JoseGar97799801 Si lees mi análisis, arranca precisamente por entregar un conjunto de decisiones humanitarias que no se negocian y cuyo centro son las necesidades de la poblacion, por lo tanto corrigen precisamente ese problema.", josegar si lees mi análisis arranca precisamente por entregar un conjunto de decisiones humanitarias que no se negocian y cuyo centro son las necesidades de la poblacion por lo tanto corrigen precisamente ese problema ,"['josegar', 'si', 'lees', 'mi', 'análisis', 'arranca', 'precisamente', 'por', 'entregar', 'un', 'conjunto', 'de', 'decisiones', 'humanitarias', 'que', 'no', 'se', 'negocian', 'cuyo', 'centro', 'son', 'las', 'necesidades', 'de', 'la', 'poblacion', 'por', 'lo', 'tanto', 'corrigen', 'precisamente', 'ese', 'problema']",Positive
44,"@OYDS1 No. Ellos quieren una liberación de todo. Lo cual es tan imposible como que ellos mismos entreguen el poder, pues forma parte del poder de negociación de su adversario. Me refiero a elementos humanitarios que son vitales para la población", oyds no ellos quieren una liberación de todo lo cual es tan imposible como que ellos mismos entreguen el poder pues forma parte del poder de negociación de su adversario me refiero a elementos humanitarios que son vitales para la población,"['oyds', 'no', 'ellos', 'quieren', 'una', 'liberación', 'de', 'todo', 'lo', 'cual', 'es', 'tan', 'imposible', 'como', 'que', 'ellos', 'mismos', 'entreguen', 'el', 'poder', 'pues', 'forma', 'parte', 'del', 'poder', 'de', 'negociación', 'de', 'su', 'adversario', 'me', 'refiero', 'elementos', 'humanitarios', 'que', 'son', 'vitales', 'para', 'la', 'población']",Negative
45,Hay elementos previos que deben resolverse de inmediato y cómo marco a la negociacion. La garantía de participación política sin amenazas; la apertura a la ayuda humanitaria por parte del gobierno y la flexibilización de sanciones internacionales que tengan impacto humanitario.,hay elementos previos que deben resolverse de inmediato y cómo marco a la negociacion la garantía de participación política sin amenazas la apertura a la ayuda humanitaria por parte del gobierno y la flexibilización de sanciones internacionales que tengan impacto humanitario ,"['hay', 'elementos', 'previos', 'que', 'deben', 'resolverse', 'de', 'inmediato', 'cómo', 'marco', 'la', 'negociacion', 'la', 'garantía', 'de', 'participación', 'política', 'sin', 'amenazas', 'la', 'apertura', 'la', 'ayuda', 'humanitaria', 'por', 'parte', 'del', 'gobierno', 'la', 'flexibilización', 'de', 'sanciones', 'internacionales', 'que', 'tengan', 'impacto', 'humanitario']",Negative
46,@MartinezQ16 Jajaja. Por fa dime donde paso a buscarlos que me hacen burda de falta. Y avísales a ellos para que se enteren. Jajaja hay tantos gafos...que hacen olas., martinezq jajaja por fa dime donde paso a buscarlos que me hacen burda de falta y avísales a ellos para que se enteren jajaja hay tantos gafos que hacen olas ,"['martinezq', 'jajaja', 'por', 'fa', 'dime', 'donde', 'paso', 'buscarlos', 'que', 'me', 'hacen', 'burda', 'de', 'falta', 'avísales', 'ellos', 'para', 'que', 'se', 'enteren', 'jajaja', 'hay', 'tantos', 'gafos', 'que', 'hacen', 'olas']",Positive
47,Es obvio que la fuerza para presionar a Maduro no es suficiente para conseguir su salida. La pregunta es: ¿y qué puede conseguir entonces?  ¿Vale la pena intentarlo? ¿Qué define el éxito o el@fracaso de este nuevo intentó?  https://t.co/kYc7PsUfp8,es obvio que la fuerza para presionar a maduro no es suficiente para conseguir su salida la pregunta es ¿y qué puede conseguir entonces ¿vale la pena intentarlo ¿qué define el éxito o el fracaso de este nuevo intentó ,"['es', 'obvio', 'que', 'la', 'fuerza', 'para', 'presionar', 'maduro', 'no', 'es', 'suficiente', 'para', 'conseguir', 'su', 'salida', 'la', 'pregunta', 'es', '¿y', 'qué', 'puede', 'conseguir', 'entonces', '¿vale', 'la', 'pena', 'intentarlo', '¿qué', 'define', 'el', 'éxito', 'el', 'fracaso', 'de', 'este', 'nuevo', 'intentó']",Positive
48,"@JLmovil Realmente eso es exactamente lo que dice este artículo que no pasará así que asumo que estás de acuerdo, pero no lo leíste.", jlmovil realmente eso es exactamente lo que dice este artículo que no pasará así que asumo que estás de acuerdo pero no lo leíste ,"['jlmovil', 'realmente', 'eso', 'es', 'exactamente', 'lo', 'que', 'dice', 'este', 'artículo', 'que', 'no', 'pasará', 'así', 'que', 'asumo', 'que', 'estás', 'de', 'acuerdo', 'pero', 'no', 'lo', 'leíste']",Positive
49,¿Éxito o fracaso de las negociaciones?  Todo depende de las expectativas.  https://t.co/kYc7PsUfp8,¿éxito o fracaso de las negociaciones todo depende de las expectativas ,"['¿éxito', 'fracaso', 'de', 'las', 'negociaciones', 'todo', 'depende', 'de', 'las', 'expectativas']",Negative
50,"Un placer acompañar a @Fedeagro y  todo el sector agrícola hoy en su convención anual. El sector productivo es uno de los héroes más importantes del país, haciendo esfuerzos para mantener producción y abastecimiento, pese a los graves bloqueadores que enfrenta. Gracias a ustedes.",un placer acompañar a fedeagro y todo el sector agrícola hoy en su convención anual el sector productivo es uno de los héroes más importantes del país haciendo esfuerzos para mantener producción y abastecimiento pese a los graves bloqueadores que enfrenta gracias a ustedes ,"['un', 'placer', 'acompañar', 'fedeagro', 'todo', 'el', 'sector', 'agrícola', 'hoy', 'en', 'su', 'convención', 'anual', 'el', 'sector', 'productivo', 'es', 'uno', 'de', 'los', 'héroes', 'más', 'importantes', 'del', 'país', 'haciendo', 'esfuerzos', 'para', 'mantener', 'producción', 'abastecimiento', 'pese', 'los', 'graves', 'bloqueadores', 'que', 'enfrenta', 'gracias', 'ustedes']",Positive
51,"Es cierto que confiar en acuerdos de largo plazo en Vzla podría parecer ingenuo. Pero incluso si el gob planeara irrespetar luego los acuerdos, estos tienen impacto fundamental e indispensable. Servirán para unificar el objetivo común de lucha de la opo. Y solo eso vale la pena.",es cierto que confiar en acuerdos de largo plazo en vzla podría parecer ingenuo pero incluso si el gob planeara irrespetar luego los acuerdos estos tienen impacto fundamental e indispensable servirán para unificar el objetivo común de lucha de la opo y solo eso vale la pena ,"['es', 'cierto', 'que', 'confiar', 'en', 'acuerdos', 'de', 'largo', 'plazo', 'en', 'vzla', 'podría', 'parecer', 'ingenuo', 'pero', 'incluso', 'si', 'el', 'gob', 'planeara', 'irrespetar', 'luego', 'los', 'acuerdos', 'estos', 'tienen', 'impacto', 'fundamental', 'indispensable', 'servirán', 'para', 'unificar', 'el', 'objetivo', 'común', 'de', 'lucha', 'de', 'la', 'opo', 'solo', 'eso', 'vale', 'la', 'pena']",Positive
52,"3) finalmente hay una negociación, que debe separarse del resto, que mira la solución integral e incluye condiciones para rescatar democracia y derechos políticos hasta llegar a una presidencial decente. Eso requerirá más tiempo y necesitará de los 2 anteriores para avanzar.", finalmente hay una negociación que debe separarse del resto que mira la solución integral e incluye condiciones para rescatar democracia y derechos políticos hasta llegar a una presidencial decente eso requerirá más tiempo y necesitará de los anteriores para avanzar ,"['finalmente', 'hay', 'una', 'negociación', 'que', 'debe', 'separarse', 'del', 'resto', 'que', 'mira', 'la', 'solución', 'integral', 'incluye', 'condiciones', 'para', 'rescatar', 'democracia', 'derechos', 'políticos', 'hasta', 'llegar', 'una', 'presidencial', 'decente', 'eso', 'requerirá', 'más', 'tiempo', 'necesitará', 'de', 'los', 'anteriores', 'para', 'avanzar']",Positive
53,"2) En el segundo grupo está la negociación rápida. Esa que llega a acuerdos sectoriales y parciales económicos y políticos, liberación de presos políticos, condiciones electorales para eventos inmediatos (incluyendo regionales) y flexibilización de algunas sanciones.", en el segundo grupo está la negociación rápida esa que llega a acuerdos sectoriales y parciales económicos y políticos liberación de presos políticos condiciones electorales para eventos inmediatos incluyendo regionales y flexibilización de algunas sanciones ,"['en', 'el', 'segundo', 'grupo', 'está', 'la', 'negociación', 'rápida', 'esa', 'que', 'llega', 'acuerdos', 'sectoriales', 'parciales', 'económicos', 'políticos', 'liberación', 'de', 'presos', 'políticos', 'condiciones', 'electorales', 'para', 'eventos', 'inmediatos', 'incluyendo', 'regionales', 'flexibilización', 'de', 'algunas', 'sanciones']",Positive
54,Ninguno de estos elementos se puede colocar como condición para la negociación pues es equivalente a poner la calidad de vida como moneda de cambio.,ninguno de estos elementos se puede colocar como condición para la negociación pues es equivalente a poner la calidad de vida como moneda de cambio ,"['ninguno', 'de', 'estos', 'elementos', 'se', 'puede', 'colocar', 'como', 'condición', 'para', 'la', 'negociación', 'pues', 'es', 'equivalente', 'poner', 'la', 'calidad', 'de', 'vida', 'como', 'moneda', 'de', 'cambio']",No result
55,"Los acuerdos de intercambio de petróleo por alimentos también son una medida indispensable para atender una necesidad humanitaria y es vital que la gente coma, se desplace, reciba vacunas y tenga servicios sin condicionarse a una negociación política que puede durar meses o más.",los acuerdos de intercambio de petróleo por alimentos también son una medida indispensable para atender una necesidad humanitaria y es vital que la gente coma se desplace reciba vacunas y tenga servicios sin condicionarse a una negociación política que puede durar meses o más ,"['los', 'acuerdos', 'de', 'intercambio', 'de', 'petróleo', 'por', 'alimentos', 'también', 'son', 'una', 'medida', 'indispensable', 'para', 'atender', 'una', 'necesidad', 'humanitaria', 'es', 'vital', 'que', 'la', 'gente', 'coma', 'se', 'desplace', 'reciba', 'vacunas', 'tenga', 'servicios', 'sin', 'condicionarse', 'una', 'negociación', 'política', 'que', 'puede', 'durar', 'meses', 'más']",Positive
56,"Maduro debe levantar inmediatamente toda barrera a la entrada de ayuda humanitaria, empezando por vacunas. La opo debe solicitar  el levantamiento previo a la prohibición de importación de diésel, pues limita transporte y producción de alimentos, medicinas y ayuda humanitaria.",maduro debe levantar inmediatamente toda barrera a la entrada de ayuda humanitaria empezando por vacunas la opo debe solicitar el levantamiento previo a la prohibición de importación de diésel pues limita transporte y producción de alimentos medicinas y ayuda humanitaria ,"['maduro', 'debe', 'levantar', 'inmediatamente', 'toda', 'barrera', 'la', 'entrada', 'de', 'ayuda', 'humanitaria', 'empezando', 'por', 'vacunas', 'la', 'opo', 'debe', 'solicitar', 'el', 'levantamiento', 'previo', 'la', 'prohibición', 'de', 'importación', 'de', 'diésel', 'pues', 'limita', 'transporte', 'producción', 'de', 'alimentos', 'medicinas', 'ayuda', 'humanitaria']",No result
57,La oposición usará las sanciones como parte fundamental de su poder de negociación. Y exigirá quid pro quo (algo a cambio) y si los acuerdos son parciales también lo serán las cesiones. Pero hay sanciones que han causado daño a la gente y no al gobierno. Esas deben liberarse ya.,la oposición usará las sanciones como parte fundamental de su poder de negociación y exigirá quid pro quo algo a cambio y si los acuerdos son parciales también lo serán las cesiones pero hay sanciones que han causado daño a la gente y no al gobierno esas deben liberarse ya ,"['la', 'oposición', 'usará', 'las', 'sanciones', 'como', 'parte', 'fundamental', 'de', 'su', 'poder', 'de', 'negociación', 'exigirá', 'quid', 'pro', 'quo', 'algo', 'cambio', 'si', 'los', 'acuerdos', 'son', 'parciales', 'también', 'lo', 'serán', 'las', 'cesiones', 'pero', 'hay', 'sanciones', 'que', 'han', 'causado', 'daño', 'la', 'gente', 'no', 'al', 'gobierno', 'esas', 'deben', 'liberarse', 'ya']",Negative
58,"Eso indica que el primer nivel de la negociación arranca poniendo sobre la mesa la garantía refrendada internacionalmente de que nadie que participe en política  hoy será amenazado, perseguido o apresado y eso no se negocia. Se obtiene para negociar.",eso indica que el primer nivel de la negociación arranca poniendo sobre la mesa la garantía refrendada internacionalmente de que nadie que participe en política hoy será amenazado perseguido o apresado y eso no se negocia se obtiene para negociar ,"['eso', 'indica', 'que', 'el', 'primer', 'nivel', 'de', 'la', 'negociación', 'arranca', 'poniendo', 'sobre', 'la', 'mesa', 'la', 'garantía', 'refrendada', 'internacionalmente', 'de', 'que', 'nadie', 'que', 'participe', 'en', 'política', 'hoy', 'será', 'amenazado', 'perseguido', 'apresado', 'eso', 'no', 'se', 'negocia', 'se', 'obtiene', 'para', 'negociar']",Positive
59,"No puedes negociar la libertad de participar política y hacer oposición. Eso es necesario para negociar y no se puede negociar la liberación de sanciones que limiten necesidades básicas (alimentos, medicina, agua, electricidad, combustible) porque no se negocia con la vida.",no puedes negociar la libertad de participar política y hacer oposición eso es necesario para negociar y no se puede negociar la liberación de sanciones que limiten necesidades básicas alimentos medicina agua electricidad combustible porque no se negocia con la vida ,"['no', 'puedes', 'negociar', 'la', 'libertad', 'de', 'participar', 'política', 'hacer', 'oposición', 'eso', 'es', 'necesario', 'para', 'negociar', 'no', 'se', 'puede', 'negociar', 'la', 'liberación', 'de', 'sanciones', 'que', 'limiten', 'necesidades', 'básicas', 'alimentos', 'medicina', 'agua', 'electricidad', 'combustible', 'porque', 'no', 'se', 'negocia', 'con', 'la', 'vida']",No result
60,"1) antes de empezar las partes deben poner sobre la mesa aquello que permita un ambiente propicio. El gob: dar garantías inmediatas de libertad de participación política. La oposición y aliados: resolver temas humanitarios (vacunación, alimentación, medicinas y combustible)", antes de empezar las partes deben poner sobre la mesa aquello que permita un ambiente propicio el gob dar garantías inmediatas de libertad de participación política la oposición y aliados resolver temas humanitarios vacunación alimentación medicinas y combustible ,"['antes', 'de', 'empezar', 'las', 'partes', 'deben', 'poner', 'sobre', 'la', 'mesa', 'aquello', 'que', 'permita', 'un', 'ambiente', 'propicio', 'el', 'gob', 'dar', 'garantías', 'inmediatas', 'de', 'libertad', 'de', 'participación', 'política', 'la', 'oposición', 'aliados', 'resolver', 'temas', 'humanitarios', 'vacunación', 'alimentación', 'medicinas', 'combustible']",No result
61,La opo deberá plantear (inteligentemente) esta negociación en 3 partes. 1) ¿qué se necesita previamente para comenzar la negociación de manera estable? 2) ¿qué se puede acordar a corto plazo y qué intercambiar por ello # y 3) cuáles son los acuerdos integrales de la largo plazo.,la opo deberá plantear inteligentemente esta negociación en partes ¿qué se necesita previamente para comenzar la negociación de manera estable ¿qué se puede acordar a corto plazo y qué intercambiar por ello y cuáles son los acuerdos integrales de la largo plazo ,"['la', 'opo', 'deberá', 'plantear', 'inteligentemente', 'esta', 'negociación', 'en', 'partes', '¿qué', 'se', 'necesita', 'previamente', 'para', 'comenzar', 'la', 'negociación', 'de', 'manera', 'estable', '¿qué', 'se', 'puede', 'acordar', 'corto', 'plazo', 'qué', 'intercambiar', 'por', 'ello', 'cuáles', 'son', 'los', 'acuerdos', 'integrales', 'de', 'la', 'largo', 'plazo']",Positive
62,"Pero, ¿cuáles son los retos ahora que inicia la negociación? Pues como siempre, enormes, difíciles y peligrosos. Esto apenas comienza contra un adversario que también buscará ganar, planteando una juego suma cero, que intentará que el otro pierda...y claro que se puede perder.",pero ¿cuáles son los retos ahora que inicia la negociación pues como siempre enormes difíciles y peligrosos esto apenas comienza contra un adversario que también buscará ganar planteando una juego suma cero que intentará que el otro pierda y claro que se puede perder ,"['pero', '¿cuáles', 'son', 'los', 'retos', 'ahora', 'que', 'inicia', 'la', 'negociación', 'pues', 'como', 'siempre', 'enormes', 'difíciles', 'peligrosos', 'esto', 'apenas', 'comienza', 'contra', 'un', 'adversario', 'que', 'también', 'buscará', 'ganar', 'planteando', 'una', 'juego', 'suma', 'cero', 'que', 'intentará', 'que', 'el', 'otro', 'pierda', 'claro', 'que', 'se', 'puede', 'perder']",Negative
63,No es un dilema entre negociar o no sino entre replantear la lucha en un horizonte de tiempo acorde con tus posibilidades o seguir la estrategia basada en ilusiones falsas que pulverizaron las esperanzas de cambio. Al entrar a este proceso abren oportunidades que estaban cerradas,no es un dilema entre negociar o no sino entre replantear la lucha en un horizonte de tiempo acorde con tus posibilidades o seguir la estrategia basada en ilusiones falsas que pulverizaron las esperanzas de cambio al entrar a este proceso abren oportunidades que estaban cerradas,"['no', 'es', 'un', 'dilema', 'entre', 'negociar', 'no', 'sino', 'entre', 'replantear', 'la', 'lucha', 'en', 'un', 'horizonte', 'de', 'tiempo', 'acorde', 'con', 'tus', 'posibilidades', 'seguir', 'la', 'estrategia', 'basada', 'en', 'ilusiones', 'falsas', 'que', 'pulverizaron', 'las', 'esperanzas', 'de', 'cambio', 'al', 'entrar', 'este', 'proceso', 'abren', 'oportunidades', 'que', 'estaban', 'cerradas']",Negative
64,Queda claro que el éxito o fracaso de esta negociación para la oposición no es terminar con Maduro y su gobierno a corto plazo (que sería un fracaso pre cantado) sino lograr acuerdos sectoriales y parciales que mejoren las condiciones de la gente y su capacidad de lucha futura.,queda claro que el éxito o fracaso de esta negociación para la oposición no es terminar con maduro y su gobierno a corto plazo que sería un fracaso pre cantado sino lograr acuerdos sectoriales y parciales que mejoren las condiciones de la gente y su capacidad de lucha futura ,"['queda', 'claro', 'que', 'el', 'éxito', 'fracaso', 'de', 'esta', 'negociación', 'para', 'la', 'oposición', 'no', 'es', 'terminar', 'con', 'maduro', 'su', 'gobierno', 'corto', 'plazo', 'que', 'sería', 'un', 'fracaso', 'pre', 'cantado', 'sino', 'lograr', 'acuerdos', 'sectoriales', 'parciales', 'que', 'mejoren', 'las', 'condiciones', 'de', 'la', 'gente', 'su', 'capacidad', 'de', 'lucha', 'futura']",Negative
65,"Cuando la opo acepta entrar a la negociación, sabiendo que no conseguirá la salida rápida de Maduro, lo que busca es resolver problemas graves de la gente (arista humanitaria) y re articularse para superar la irrelevancia a la que le condena la abstención y ausencia de resultados",cuando la opo acepta entrar a la negociación sabiendo que no conseguirá la salida rápida de maduro lo que busca es resolver problemas graves de la gente arista humanitaria y re articularse para superar la irrelevancia a la que le condena la abstención y ausencia de resultados,"['cuando', 'la', 'opo', 'acepta', 'entrar', 'la', 'negociación', 'sabiendo', 'que', 'no', 'conseguirá', 'la', 'salida', 'rápida', 'de', 'maduro', 'lo', 'que', 'busca', 'es', 'resolver', 'problemas', 'graves', 'de', 'la', 'gente', 'arista', 'humanitaria', 're', 'articularse', 'para', 'superar', 'la', 'irrelevancia', 'la', 'que', 'le', 'condena', 'la', 'abstención', 'ausencia', 'de', 'resultados']",No result
66,Está claro para todos (lo reconozcan o no) que Maduro no va a negociar su permanencia en el gob y la oposición no tiene la fuerza para obligarlo a salir. Esa información cambia el objetivo sobre el que se medirá el éxito o el fracaso de este proceso.,está claro para todos lo reconozcan o no que maduro no va a negociar su permanencia en el gob y la oposición no tiene la fuerza para obligarlo a salir esa información cambia el objetivo sobre el que se medirá el éxito o el fracaso de este proceso ,"['está', 'claro', 'para', 'todos', 'lo', 'reconozcan', 'no', 'que', 'maduro', 'no', 'va', 'negociar', 'su', 'permanencia', 'en', 'el', 'gob', 'la', 'oposición', 'no', 'tiene', 'la', 'fuerza', 'para', 'obligarlo', 'salir', 'esa', 'información', 'cambia', 'el', 'objetivo', 'sobre', 'el', 'que', 'se', 'medirá', 'el', 'éxito', 'el', 'fracaso', 'de', 'este', 'proceso']",Positive
67,"Hay 3 condiciones para que la negociación tenga más posibilidades que los procesos previos (aunque sin garantía): ambos (gob y opo) deben estar dispuestas a negociar (ocurrió), deben reconocer quién es su contraparte (ocurrió) y deben calibrar expectativas (tarea pendiente).",hay condiciones para que la negociación tenga más posibilidades que los procesos previos aunque sin garantía ambos gob y opo deben estar dispuestas a negociar ocurrió deben reconocer quién es su contraparte ocurrió y deben calibrar expectativas tarea pendiente ,"['hay', 'condiciones', 'para', 'que', 'la', 'negociación', 'tenga', 'más', 'posibilidades', 'que', 'los', 'procesos', 'previos', 'aunque', 'sin', 'garantía', 'ambos', 'gob', 'opo', 'deben', 'estar', 'dispuestas', 'negociar', 'ocurrió', 'deben', 'reconocer', 'quién', 'es', 'su', 'contraparte', 'ocurrió', 'deben', 'calibrar', 'expectativas', 'tarea', 'pendiente']",Positive
68,"La coordinación entre el G4 (dirigido por Guaido) y el grupo de opositores que arrancó el proceso previo de negociación por condiciones electorales (representado  por Capriles), es la mejor noticia del entorno político reciente y abre compuertas reales a la negociación.",la coordinación entre el g dirigido por guaido y el grupo de opositores que arrancó el proceso previo de negociación por condiciones electorales representado por capriles es la mejor noticia del entorno político reciente y abre compuertas reales a la negociación ,"['la', 'coordinación', 'entre', 'el', 'dirigido', 'por', 'guaido', 'el', 'grupo', 'de', 'opositores', 'que', 'arrancó', 'el', 'proceso', 'previo', 'de', 'negociación', 'por', 'condiciones', 'electorales', 'representado', 'por', 'capriles', 'es', 'la', 'mejor', 'noticia', 'del', 'entorno', 'político', 'reciente', 'abre', 'compuertas', 'reales', 'la', 'negociación']",Positive
69,@arielmorantes Y es que alguien duda que hubo una destrucción de capacidad productiva en el modelo revolucionario? Y alguien lo hace de la responsabilidad del gobierno? Y por eso entonces prohibimos importaciones y hacemos sufrir más a la gente?  Te parece lógico y Justo?, arielmorantes y es que alguien duda que hubo una destrucción de capacidad productiva en el modelo revolucionario y alguien lo hace de la responsabilidad del gobierno y por eso entonces prohibimos importaciones y hacemos sufrir más a la gente te parece lógico y justo ,"['arielmorantes', 'es', 'que', 'alguien', 'duda', 'que', 'hubo', 'una', 'destrucción', 'de', 'capacidad', 'productiva', 'en', 'el', 'modelo', 'revolucionario', 'alguien', 'lo', 'hace', 'de', 'la', 'responsabilidad', 'del', 'gobierno', 'por', 'eso', 'entonces', 'prohibimos', 'importaciones', 'hacemos', 'sufrir', 'más', 'la', 'gente', 'te', 'parece', 'lógico', 'justo']",Positive
70,"Las negociaciones necesitan que la partes hagan un gesto previo  para estabilizar el ambiente. Maduro, la oposición y sus aliados necesitan ceder en todos los elementos humanitarios antes de comenzar su negociación política o el resultado será el mismo de siempre: encochinamiento",las negociaciones necesitan que la partes hagan un gesto previo para estabilizar el ambiente maduro la oposición y sus aliados necesitan ceder en todos los elementos humanitarios antes de comenzar su negociación política o el resultado será el mismo de siempre encochinamiento,"['las', 'negociaciones', 'necesitan', 'que', 'la', 'partes', 'hagan', 'un', 'gesto', 'previo', 'para', 'estabilizar', 'el', 'ambiente', 'maduro', 'la', 'oposición', 'sus', 'aliados', 'necesitan', 'ceder', 'en', 'todos', 'los', 'elementos', 'humanitarios', 'antes', 'de', 'comenzar', 'su', 'negociación', 'política', 'el', 'resultado', 'será', 'el', 'mismo', 'de', 'siempre', 'encochinamiento']",Positive
71,"La negociación política requiere un marco de estabilidad previa. Es imposible avanzar en una negociación (de por sí difícil y espinoza) mientras la gente agrega sufrimiento a su vida, colapsando la producción agrícola y la distribución de sus bienes esenciales sin diésel.",la negociación política requiere un marco de estabilidad previa es imposible avanzar en una negociación de por sí difícil y espinoza mientras la gente agrega sufrimiento a su vida colapsando la producción agrícola y la distribución de sus bienes esenciales sin diésel ,"['la', 'negociación', 'política', 'requiere', 'un', 'marco', 'de', 'estabilidad', 'previa', 'es', 'imposible', 'avanzar', 'en', 'una', 'negociación', 'de', 'por', 'sí', 'difícil', 'espinoza', 'mientras', 'la', 'gente', 'agrega', 'sufrimiento', 'su', 'vida', 'colapsando', 'la', 'producción', 'agrícola', 'la', 'distribución', 'de', 'sus', 'bienes', 'esenciales', 'sin', 'diésel']",Negative
72,"El abastecimiento de diésel es vital la producción y distribución de alimentos, medicamentos e incluso para el proceso de vacunación. No hay política humanitaria que pueda avanzar sin combustible. El diésel es un tema claramente humanitario que no puede politizarse.",el abastecimiento de diésel es vital la producción y distribución de alimentos medicamentos e incluso para el proceso de vacunación no hay política humanitaria que pueda avanzar sin combustible el diésel es un tema claramente humanitario que no puede politizarse ,"['el', 'abastecimiento', 'de', 'diésel', 'es', 'vital', 'la', 'producción', 'distribución', 'de', 'alimentos', 'medicamentos', 'incluso', 'para', 'el', 'proceso', 'de', 'vacunación', 'no', 'hay', 'política', 'humanitaria', 'que', 'pueda', 'avanzar', 'sin', 'combustible', 'el', 'diésel', 'es', 'un', 'tema', 'claramente', 'humanitario', 'que', 'no', 'puede', 'politizarse']",Positive
73,"Es obvio que la negociación política se hará en base a flexibilización de sanciones, pero las medidas que afectan alimentación, salud y servicios básicos no pueden ser colocados en una mesa de negociación que puede durar meses (si no años). Eso sería éticamente inaceptable.",es obvio que la negociación política se hará en base a flexibilización de sanciones pero las medidas que afectan alimentación salud y servicios básicos no pueden ser colocados en una mesa de negociación que puede durar meses si no años eso sería éticamente inaceptable ,"['es', 'obvio', 'que', 'la', 'negociación', 'política', 'se', 'hará', 'en', 'base', 'flexibilización', 'de', 'sanciones', 'pero', 'las', 'medidas', 'que', 'afectan', 'alimentación', 'salud', 'servicios', 'básicos', 'no', 'pueden', 'ser', 'colocados', 'en', 'una', 'mesa', 'de', 'negociación', 'que', 'puede', 'durar', 'meses', 'si', 'no', 'años', 'eso', 'sería', 'éticamente', 'inaceptable']",Positive
74,"66,4% de vzlanos cree que Estados Unidos debe levantar la prohibición de importar diésel a Venezuela desde otros países, pues no cumple su objetivo de presionar al gobierno pero si amplifica la crisis severa que vive la población y amenaza la destrucción del aparato productivo.", de vzlanos cree que estados unidos debe levantar la prohibición de importar diésel a venezuela desde otros países pues no cumple su objetivo de presionar al gobierno pero si amplifica la crisis severa que vive la población y amenaza la destrucción del aparato productivo ,"['de', 'vzlanos', 'cree', 'que', 'estados', 'unidos', 'debe', 'levantar', 'la', 'prohibición', 'de', 'importar', 'diésel', 'venezuela', 'desde', 'otros', 'países', 'pues', 'no', 'cumple', 'su', 'objetivo', 'de', 'presionar', 'al', 'gobierno', 'pero', 'si', 'amplifica', 'la', 'crisis', 'severa', 'que', 'vive', 'la', 'población', 'amenaza', 'la', 'destrucción', 'del', 'aparato', 'productivo']",Negative
75,"61% de vzlanos indica que la prohibición de importación de diésel a través del intercambio por petróleo ha creado o corre el riesgo de crear un mercado negro de diésel que genera sobre costos e ineficiencias dramáticas para consumidores, distribuciónn  y producción de bienes.", de vzlanos indica que la prohibición de importación de diésel a través del intercambio por petróleo ha creado o corre el riesgo de crear un mercado negro de diésel que genera sobre costos e ineficiencias dramáticas para consumidores distribuciónn y producción de bienes ,"['de', 'vzlanos', 'indica', 'que', 'la', 'prohibición', 'de', 'importación', 'de', 'diésel', 'través', 'del', 'intercambio', 'por', 'petróleo', 'ha', 'creado', 'corre', 'el', 'riesgo', 'de', 'crear', 'un', 'mercado', 'negro', 'de', 'diésel', 'que', 'genera', 'sobre', 'costos', 'ineficiencias', 'dramáticas', 'para', 'consumidores', 'distribuciónn', 'producción', 'de', 'bienes']",Negative
76,"72,8%  por ciento de los venezolanos creen que la sanción al diésel, prohibiendo su intercambio por petróleo no ha producido ningun cambio político en el país, mientras que 69,4% indica que si ha generado escasez para el transporte de alimentos, medicinas y otros bienes básicos.", por ciento de los venezolanos creen que la sanción al diésel prohibiendo su intercambio por petróleo no ha producido ningun cambio político en el país mientras que indica que si ha generado escasez para el transporte de alimentos medicinas y otros bienes básicos ,"['por', 'ciento', 'de', 'los', 'venezolanos', 'creen', 'que', 'la', 'sanción', 'al', 'diésel', 'prohibiendo', 'su', 'intercambio', 'por', 'petróleo', 'no', 'ha', 'producido', 'ningun', 'cambio', 'político', 'en', 'el', 'país', 'mientras', 'que', 'indica', 'que', 'si', 'ha', 'generado', 'escasez', 'para', 'el', 'transporte', 'de', 'alimentos', 'medicinas', 'otros', 'bienes', 'básicos']",Negative
77,"Porque si lo quieren politizar, más allá de lo éticamente inadecuado que sería jugar con la comida, salud, energía, y trabajó de la gente, temo que incluso en lo político la estrategia sería negativa, pues 68% rechaza las sanciones al diésel y creen que afecta su vida y no al gob",porque si lo quieren politizar más allá de lo éticamente inadecuado que sería jugar con la comida salud energía y trabajó de la gente temo que incluso en lo político la estrategia sería negativa pues rechaza las sanciones al diésel y creen que afecta su vida y no al gob,"['porque', 'si', 'lo', 'quieren', 'politizar', 'más', 'allá', 'de', 'lo', 'éticamente', 'inadecuado', 'que', 'sería', 'jugar', 'con', 'la', 'comida', 'salud', 'energía', 'trabajó', 'de', 'la', 'gente', 'temo', 'que', 'incluso', 'en', 'lo', 'político', 'la', 'estrategia', 'sería', 'negativa', 'pues', 'rechaza', 'las', 'sanciones', 'al', 'diésel', 'creen', 'que', 'afecta', 'su', 'vida', 'no', 'al', 'gob']",Negative
78,"Podemos seguir indefinidamente mostrando la preocupación y desesperación de un país completo que está sufriendo en carne propia la crisis del combustible más importante para su abastecimiento de productos básicos, salud, energía y agua. ¿De verdad se puede politizar este proceso?",podemos seguir indefinidamente mostrando la preocupación y desesperación de un país completo que está sufriendo en carne propia la crisis del combustible más importante para su abastecimiento de productos básicos salud energía y agua ¿de verdad se puede politizar este proceso ,"['podemos', 'seguir', 'indefinidamente', 'mostrando', 'la', 'preocupación', 'desesperación', 'de', 'un', 'país', 'completo', 'que', 'está', 'sufriendo', 'en', 'carne', 'propia', 'la', 'crisis', 'del', 'combustible', 'más', 'importante', 'para', 'su', 'abastecimiento', 'de', 'productos', 'básicos', 'salud', 'energía', 'agua', '¿de', 'verdad', 'se', 'puede', 'politizar', 'este', 'proceso']",Positive
79,¿O a lo mejor hay que oír la declaración del sector transporte amenazando la paralización total de sus actividades como protesta a la escasez severa de diésel y a la manipulación de precios y asignación de cuotas?  https://t.co/KaYw881Z22,¿o a lo mejor hay que oír la declaración del sector transporte amenazando la paralización total de sus actividades como protesta a la escasez severa de diésel y a la manipulación de precios y asignación de cuotas ,"['¿o', 'lo', 'mejor', 'hay', 'que', 'oír', 'la', 'declaración', 'del', 'sector', 'transporte', 'amenazando', 'la', 'paralización', 'total', 'de', 'sus', 'actividades', 'como', 'protesta', 'la', 'escasez', 'severa', 'de', 'diésel', 'la', 'manipulación', 'de', 'precios', 'asignación', 'de', 'cuotas']",No result
80,Pero también podríamos oír a los pescadores indicar que la escasez de diésel es uno de los motivos principales de la destrucción de su sector  https://t.co/BRhEXVjtW8,pero también podríamos oír a los pescadores indicar que la escasez de diésel es uno de los motivos principales de la destrucción de su sector ,"['pero', 'también', 'podríamos', 'oír', 'los', 'pescadores', 'indicar', 'que', 'la', 'escasez', 'de', 'diésel', 'es', 'uno', 'de', 'los', 'motivos', 'principales', 'de', 'la', 'destrucción', 'de', 'su', 'sector']",Positive
81,O quizás necesitamos oír a la Asociación de Agricultura Familiar compartiendo su miedo de quedarse en cero frente a la escasez evidente de diésel  https://t.co/P1vcVweec4,o quizás necesitamos oír a la asociación de agricultura familiar compartiendo su miedo de quedarse en cero frente a la escasez evidente de diésel ,"['quizás', 'necesitamos', 'oír', 'la', 'asociación', 'de', 'agricultura', 'familiar', 'compartiendo', 'su', 'miedo', 'de', 'quedarse', 'en', 'cero', 'frente', 'la', 'escasez', 'evidente', 'de', 'diésel']",Positive
82,"Pero si no es suficiente para entender la crisis de abastecimiento de diésel que vivimos, veamos la posición del sector agrícola, que advierte que pueden perderse el 80% de las cosechas:  https://t.co/eu926OTWFL",pero si no es suficiente para entender la crisis de abastecimiento de diésel que vivimos veamos la posición del sector agrícola que advierte que pueden perderse el de las cosechas ,"['pero', 'si', 'no', 'es', 'suficiente', 'para', 'entender', 'la', 'crisis', 'de', 'abastecimiento', 'de', 'diésel', 'que', 'vivimos', 'veamos', 'la', 'posición', 'del', 'sector', 'agrícola', 'que', 'advierte', 'que', 'pueden', 'perderse', 'el', 'de', 'las', 'cosechas']",No result
83,"Si revisamos las declaraciones de los principales sectores productivos nacionales, podremos entender la situación desesperada en que se encuentran y el riesgo brutal para el abastecimiento nacional. Dejemos que lo diga, por ejemplo, el sector industrial:  https://t.co/uDP2ojKoO9",si revisamos las declaraciones de los principales sectores productivos nacionales podremos entender la situación desesperada en que se encuentran y el riesgo brutal para el abastecimiento nacional dejemos que lo diga por ejemplo el sector industrial ,"['si', 'revisamos', 'las', 'declaraciones', 'de', 'los', 'principales', 'sectores', 'productivos', 'nacionales', 'podremos', 'entender', 'la', 'situación', 'desesperada', 'en', 'que', 'se', 'encuentran', 'el', 'riesgo', 'brutal', 'para', 'el', 'abastecimiento', 'nacional', 'dejemos', 'que', 'lo', 'diga', 'por', 'ejemplo', 'el', 'sector', 'industrial']",Negative
84,"La crisis de abastecimiento de Diésel en Vzla no se puede resolver con datos simples y opiniones con sesgos políticos.  Está a la vista y pone en grave riesgo a la población, al abastecimiento de alimentos, medicinas y otro es bienes escenciales y a la producción eléctrica y agua",la crisis de abastecimiento de diésel en vzla no se puede resolver con datos simples y opiniones con sesgos políticos está a la vista y pone en grave riesgo a la población al abastecimiento de alimentos medicinas y otro es bienes escenciales y a la producción eléctrica y agua,"['la', 'crisis', 'de', 'abastecimiento', 'de', 'diésel', 'en', 'vzla', 'no', 'se', 'puede', 'resolver', 'con', 'datos', 'simples', 'opiniones', 'con', 'sesgos', 'políticos', 'está', 'la', 'vista', 'pone', 'en', 'grave', 'riesgo', 'la', 'población', 'al', 'abastecimiento', 'de', 'alimentos', 'medicinas', 'otro', 'es', 'bienes', 'escenciales', 'la', 'producción', 'eléctrica', 'agua']",Negative
85,Un gusto siempre compartir con el sector empresarial y en este caso además con los queridos amigos de Fedecamaras Zulia y con dos cotertulios de ultra lujo: @rafaelarraiz y @RicardoCusanno  Cuando voy pa’ Maracaibo...,un gusto siempre compartir con el sector empresarial y en este caso además con los queridos amigos de fedecamaras zulia y con dos cotertulios de ultra lujo rafaelarraiz y ricardocusanno cuando voy pa’ maracaibo ,"['un', 'gusto', 'siempre', 'compartir', 'con', 'el', 'sector', 'empresarial', 'en', 'este', 'caso', 'además', 'con', 'los', 'queridos', 'amigos', 'de', 'fedecamaras', 'zulia', 'con', 'dos', 'cotertulios', 'de', 'ultra', 'lujo', 'rafaelarraiz', 'ricardocusanno', 'cuando', 'voy', 'pa’', 'maracaibo']",No result
86,Mil gracias.,mil gracias ,"['mil', 'gracias']",No result
87,"Sea cual sea la estrategia, está claro es que en una negociación no se pueden usar dramas humanitarios como mecanismo de presión. USA no va a entregar sanciones sin el debido “quid pro quo”. Es normal. Pero la comida, medicina y combustible no puede estar éticamente  en esa lista",sea cual sea la estrategia está claro es que en una negociación no se pueden usar dramas humanitarios como mecanismo de presión usa no va a entregar sanciones sin el debido quid pro quo” es normal pero la comida medicina y combustible no puede estar éticamente en esa lista,"['sea', 'cual', 'sea', 'la', 'estrategia', 'está', 'claro', 'es', 'que', 'en', 'una', 'negociación', 'no', 'se', 'pueden', 'usar', 'dramas', 'humanitarios', 'como', 'mecanismo', 'de', 'presión', 'usa', 'no', 'va', 'entregar', 'sanciones', 'sin', 'el', 'debido', 'quid', 'pro', 'quo”', 'es', 'normal', 'pero', 'la', 'comida', 'medicina', 'combustible', 'no', 'puede', 'estar', 'éticamente', 'en', 'esa', 'lista']",Negative
88,"Y finalmente, cuáles son las sanciones que USA considera realmente potentes para presionar la negociación y pondrá sobre la mesa como zanahorias?",y finalmente cuáles son las sanciones que usa considera realmente potentes para presionar la negociación y pondrá sobre la mesa como zanahorias ,"['finalmente', 'cuáles', 'son', 'las', 'sanciones', 'que', 'usa', 'considera', 'realmente', 'potentes', 'para', 'presionar', 'la', 'negociación', 'pondrá', 'sobre', 'la', 'mesa', 'como', 'zanahorias']",Positive
89,¿Que rol jugarán los líderes opositores que han avanzado presionando la participación en regionales (con apoyo internacional). ¿Se apartarán y entregarán el mando a Guaidó para que dirija la negociación o estamos realmente frente al capítulo final de la lucha interna?,¿que rol jugarán los líderes opositores que han avanzado presionando la participación en regionales con apoyo internacional ¿se apartarán y entregarán el mando a guaidó para que dirija la negociación o estamos realmente frente al capítulo final de la lucha interna ,"['¿que', 'rol', 'jugarán', 'los', 'líderes', 'opositores', 'que', 'han', 'avanzado', 'presionando', 'la', 'participación', 'en', 'regionales', 'con', 'apoyo', 'internacional', '¿se', 'apartarán', 'entregarán', 'el', 'mando', 'guaidó', 'para', 'que', 'dirija', 'la', 'negociación', 'estamos', 'realmente', 'frente', 'al', 'capítulo', 'final', 'de', 'la', 'lucha', 'interna']",Positive
90,La otra pregunta es ¿qué papel jugará USA frente a la oposición? Realmente va acompañando la posición de Guaidó de no negociar nada menos que una elección presidencial (innegociable) o terminará presionando a Guaidó a avanzar en negociaciones puntuales para destrabar el juego?,la otra pregunta es ¿qué papel jugará usa frente a la oposición realmente va acompañando la posición de guaidó de no negociar nada menos que una elección presidencial innegociable o terminará presionando a guaidó a avanzar en negociaciones puntuales para destrabar el juego ,"['la', 'otra', 'pregunta', 'es', '¿qué', 'papel', 'jugará', 'usa', 'frente', 'la', 'oposición', 'realmente', 'va', 'acompañando', 'la', 'posición', 'de', 'guaidó', 'de', 'no', 'negociar', 'nada', 'menos', 'que', 'una', 'elección', 'presidencial', 'innegociable', 'terminará', 'presionando', 'guaidó', 'avanzar', 'en', 'negociaciones', 'puntuales', 'para', 'destrabar', 'el', 'juego']",Negative
91,"O en realidad Guaidó sabe que Maduro no entregará su poder y lo pide como un mecanismo subterfugio para mantener su rechazo a cualquier negociación con el, pero sin el costo perceptual de negarse públicamente?",o en realidad guaidó sabe que maduro no entregará su poder y lo pide como un mecanismo subterfugio para mantener su rechazo a cualquier negociación con el pero sin el costo perceptual de negarse públicamente ,"['en', 'realidad', 'guaidó', 'sabe', 'que', 'maduro', 'no', 'entregará', 'su', 'poder', 'lo', 'pide', 'como', 'un', 'mecanismo', 'subterfugio', 'para', 'mantener', 'su', 'rechazo', 'cualquier', 'negociación', 'con', 'el', 'pero', 'sin', 'el', 'costo', 'perceptual', 'de', 'negarse', 'públicamente']",No result
92,"La pregunta es hasta dónde puede llegar esa negociación. Guaidó parte pidiendo todo y Maduro ofreciendo nada, si ese es el requerimiento. ¿Está Guaidó preparado para entender que no tiene poder de negociación para pedir todo y estará dispuesto a ceder hacia acuerdos parciales?",la pregunta es hasta dónde puede llegar esa negociación guaidó parte pidiendo todo y maduro ofreciendo nada si ese es el requerimiento ¿está guaidó preparado para entender que no tiene poder de negociación para pedir todo y estará dispuesto a ceder hacia acuerdos parciales ,"['la', 'pregunta', 'es', 'hasta', 'dónde', 'puede', 'llegar', 'esa', 'negociación', 'guaidó', 'parte', 'pidiendo', 'todo', 'maduro', 'ofreciendo', 'nada', 'si', 'ese', 'es', 'el', 'requerimiento', '¿está', 'guaidó', 'preparado', 'para', 'entender', 'que', 'no', 'tiene', 'poder', 'de', 'negociación', 'para', 'pedir', 'todo', 'estará', 'dispuesto', 'ceder', 'hacia', 'acuerdos', 'parciales']",Positive
93,Decide entonces Guaidó triangular políticamente el problema (una decisión inteligente para tratar de contrarrestar el éxito de sus adversarios internos circunstanciales) y lo hace abriéndose a la negociación directa con Maduro. Un avance importante porque lo otro es pulverizante.,decide entonces guaidó triangular políticamente el problema una decisión inteligente para tratar de contrarrestar el éxito de sus adversarios internos circunstanciales y lo hace abriéndose a la negociación directa con maduro un avance importante porque lo otro es pulverizante ,"['decide', 'entonces', 'guaidó', 'triangular', 'políticamente', 'el', 'problema', 'una', 'decisión', 'inteligente', 'para', 'tratar', 'de', 'contrarrestar', 'el', 'éxito', 'de', 'sus', 'adversarios', 'internos', 'circunstanciales', 'lo', 'hace', 'abriéndose', 'la', 'negociación', 'directa', 'con', 'maduro', 'un', 'avance', 'importante', 'porque', 'lo', 'otro', 'es', 'pulverizante']",Positive
94,"Es perfectamente racional su decisión, considerando que la respuesta inmediata de Europa e incluso la administración Biden fue receptiva al gesto de Maduro en esa negociación. Para Guaidó sería muy difícil bloquear una negociación sin tener alguna opción alternativa (que no hay).",es perfectamente racional su decisión considerando que la respuesta inmediata de europa e incluso la administración biden fue receptiva al gesto de maduro en esa negociación para guaidó sería muy difícil bloquear una negociación sin tener alguna opción alternativa que no hay ,"['es', 'perfectamente', 'racional', 'su', 'decisión', 'considerando', 'que', 'la', 'respuesta', 'inmediata', 'de', 'europa', 'incluso', 'la', 'administración', 'biden', 'fue', 'receptiva', 'al', 'gesto', 'de', 'maduro', 'en', 'esa', 'negociación', 'para', 'guaidó', 'sería', 'muy', 'difícil', 'bloquear', 'una', 'negociación', 'sin', 'tener', 'alguna', 'opción', 'alternativa', 'que', 'no', 'hay']",Positive
95,Parece evidente que la decisión autónoma de Capriles y otros opositores de negociar mejoras en  condiciones electorales e incorporación de opositores pura sangre en CNE obligo a Guaidó a abandonar su estrategia inicial de rechazar cualquier negociación con Maduro.,parece evidente que la decisión autónoma de capriles y otros opositores de negociar mejoras en condiciones electorales e incorporación de opositores pura sangre en cne obligo a guaidó a abandonar su estrategia inicial de rechazar cualquier negociación con maduro ,"['parece', 'evidente', 'que', 'la', 'decisión', 'autónoma', 'de', 'capriles', 'otros', 'opositores', 'de', 'negociar', 'mejoras', 'en', 'condiciones', 'electorales', 'incorporación', 'de', 'opositores', 'pura', 'sangre', 'en', 'cne', 'obligo', 'guaidó', 'abandonar', 'su', 'estrategia', 'inicial', 'de', 'rechazar', 'cualquier', 'negociación', 'con', 'maduro']",Positive
96,"Pero a cambio de eso NUNCA estaría dispuesto a entregar su cabeza. Eso sería una decisión irracional. Cómo resulta obvio, una elección presidencial competitiva antes del 2024, teniendo Maduro 11% de aceptación es equivalente a entregar el poder. La probabilidad ahí es cero.",pero a cambio de eso nunca estaría dispuesto a entregar su cabeza eso sería una decisión irracional cómo resulta obvio una elección presidencial competitiva antes del teniendo maduro de aceptación es equivalente a entregar el poder la probabilidad ahí es cero ,"['pero', 'cambio', 'de', 'eso', 'nunca', 'estaría', 'dispuesto', 'entregar', 'su', 'cabeza', 'eso', 'sería', 'una', 'decisión', 'irracional', 'cómo', 'resulta', 'obvio', 'una', 'elección', 'presidencial', 'competitiva', 'antes', 'del', 'teniendo', 'maduro', 'de', 'aceptación', 'es', 'equivalente', 'entregar', 'el', 'poder', 'la', 'probabilidad', 'ahí', 'es', 'cero']",Positive
97,"En una medición de fuerzas de las partes en conflicto, resulta evidente que Maduro estará dispuesto a ceder algunas cosas para obtener otras que valen más para él: cierto reconocimiento y flexibilización de sanciones, rescate de la relación con Europa,  vía de contacto con USA...",en una medición de fuerzas de las partes en conflicto resulta evidente que maduro estará dispuesto a ceder algunas cosas para obtener otras que valen más para él cierto reconocimiento y flexibilización de sanciones rescate de la relación con europa vía de contacto con usa ,"['en', 'una', 'medición', 'de', 'fuerzas', 'de', 'las', 'partes', 'en', 'conflicto', 'resulta', 'evidente', 'que', 'maduro', 'estará', 'dispuesto', 'ceder', 'algunas', 'cosas', 'para', 'obtener', 'otras', 'que', 'valen', 'más', 'para', 'él', 'cierto', 'reconocimiento', 'flexibilización', 'de', 'sanciones', 'rescate', 'de', 'la', 'relación', 'con', 'europa', 'vía', 'de', 'contacto', 'con', 'usa']",Positive
98,"La única manera de que una negociación de este tipo avance es medir exactamente tu poder de negociación y el del adversario y calibrar muy bien que puedes lograr con tu fuerza y que no, pues si sobredimensionas tus expectativas, lo único que obtendrás es frustración.",la única manera de que una negociación de este tipo avance es medir exactamente tu poder de negociación y el del adversario y calibrar muy bien que puedes lograr con tu fuerza y que no pues si sobredimensionas tus expectativas lo único que obtendrás es frustración ,"['la', 'única', 'manera', 'de', 'que', 'una', 'negociación', 'de', 'este', 'tipo', 'avance', 'es', 'medir', 'exactamente', 'tu', 'poder', 'de', 'negociación', 'el', 'del', 'adversario', 'calibrar', 'muy', 'bien', 'que', 'puedes', 'lograr', 'con', 'tu', 'fuerza', 'que', 'no', 'pues', 'si', 'sobredimensionas', 'tus', 'expectativas', 'lo', 'único', 'que', 'obtendrás', 'es', 'frustración']",Positive
99,"El segundo aprendizaje, que se hubiera podido tener hace tiempo leyendo cualquier libro básico de negociaciones, es que no puedes exigir un todo o nada, ni esperar que tu adversario salga peor de cómo estaba (conflicto existencial), pues el escenario de éxito es vacío.",el segundo aprendizaje que se hubiera podido tener hace tiempo leyendo cualquier libro básico de negociaciones es que no puedes exigir un todo o nada ni esperar que tu adversario salga peor de cómo estaba conflicto existencial pues el escenario de éxito es vacío ,"['el', 'segundo', 'aprendizaje', 'que', 'se', 'hubiera', 'podido', 'tener', 'hace', 'tiempo', 'leyendo', 'cualquier', 'libro', 'básico', 'de', 'negociaciones', 'es', 'que', 'no', 'puedes', 'exigir', 'un', 'todo', 'nada', 'ni', 'esperar', 'que', 'tu', 'adversario', 'salga', 'peor', 'de', 'cómo', 'estaba', 'conflicto', 'existencial', 'pues', 'el', 'escenario', 'de', 'éxito', 'es', 'vacío']",Negative
