tweet,tweet_tokenized
@ArturoDeLatella un lugar bien bonito en las mercedes creo,"['arturodelatella', 'lugar', 'bien', 'bonito', 'mercedes', 'creo']"
literal,['literal']
@ArturoDeLatella agotador,"['arturodelatella', 'agotador']"
@meegandm yo,['meegandm']
@valen2c marico wtf,"['valen', 'marico', 'wtf']"
mi internet=pudrici√≥n,"['internet', 'pudrici√≥n']"
"hoy estoy mood cantante, esperen que ya pongo las de despecho y lloro","['hoy', 'mood', 'cantante', 'esperen', 'pongo', 'despecho', 'lloro']"
fiorella te amo ajajkakakak,"['fiorella', 'amo', 'ajajkakakak']"
y yo menos,['menos']
@janiceportes ü§©‚ù§Ô∏è,"['janiceportes', 'ü§©‚ù§Ô∏è']"
epa recomienden ah√≠ una vainita de nesfli,"['epa', 'recomienden', 'ah√≠', 'vainita', 'nesfli']"
@meegandm como que voy pa,"['meegandm', 'voy', 'pa']"
VAMOS TODOS XFA,"['vamos', 'xfa']"
@fiorellaagb0 date pues,"['fiorellaagb', 'date', 'pues']"
necesito que se acabe el semestre ya,"['necesito', 'acabe', 'semestre']"
odio la universidad odio aqu√≠ m√°tenme,"['odio', 'universidad', 'odio', 'aqu√≠', 'm√°tenme']"
ma√±ana otra vez es lunes co√±o de la madre vale,"['ma√±ana', 'vez', 'lunes', 'co√±o', 'madre', 'vale']"
@valen2c te quiero mucho ü•∫‚ù§Ô∏è,"['valen', 'quiero', 'ü•∫‚ù§Ô∏è']"
es el mismo vibe  https://t.co/NQIfmaUWl0,"['mismo', 'vibe']"
@Ewinsitooo tweetazo,"['ewinsitooo', 'tweetazo']"
@fiorellaagb0 ese era el segundo pero sh,"['fiorellaagb', 'segundo', 'sh']"
@glennpzz dile no al vicio,"['glennpzz', 'dile', 'vicio']"
alguien que me recomiende unas meditaciones por fa,"['alguien', 'recomiende', 'unas', 'meditaciones', 'fa']"
el perro alO,"['perro', 'alo']"
no funcion√≥  https://t.co/V7V9rnSIVv,['funcion√≥']
@janiceportes que divino,"['janiceportes', 'divino']"
deseo del d√≠a: helado,"['deseo', 'd√≠a', 'helado']"
todo todo va a estar bien,"['va', 'bien']"
naguevonada soy rolo de webona,"['naguevonada', 'rolo', 'webona']"
@fiorellaagb0 rota esa verga,"['fiorellaagb', 'rota', 'verga']"
pa lante bb,"['pa', 'lante', 'bb']"
"@magalystika as√≠ como lo lees madre, en la mierda","['magalystika', 'as√≠', 'lees', 'madre', 'mierda']"
"deprimida, pero responsableüòõ  https://t.co/T478ON2bLk","['deprimida', 'responsableüòõ']"
"no puedo escuchar m√∫sica porque lloro, tampoco me hablen porque vuelvo a llorar","['puedo', 'escuchar', 'm√∫sica', 'lloro', 'tampoco', 'hablen', 'vuelvo', 'llorar']"
no forzar no forzar no forzar no forzar no forzar no forzar no forzar no forzar no forzar,"['forzar', 'forzar', 'forzar', 'forzar', 'forzar', 'forzar', 'forzar', 'forzar', 'forzar']"
dejo todo en tus manos,"['dejo', 'manos']"
@jmbckt1 na,"['jmbckt', 'na']"
tutorial de c√≥mo dejar de llorar como una desgraciada,"['tutorial', 'c√≥mo', 'dejar', 'llorar', 'desgraciada']"
por qu√© las cosas tienen que ser tan dif√≠ciles,"['cosas', 'ser', 'tan', 'dif√≠ciles']"
m√°tenme,['m√°tenme']
"por m√°s que quieras a una persona hay que aceptar que a veces no funciona y esta bien, no pasa nada","['quieras', 'persona', 'aceptar', 'veces', 'funciona', 'bien', 'pasa']"
ser√° que lo mejor es lo que pasa?,"['mejor', 'pasa']"
ü§Ø,[]
"y aunque no le leas nunca, te amo con mi vida","['aunque', 'leas', 'nunca', 'amo', 'vida']"
a veces amamos cosas imposibles,"['veces', 'amamos', 'cosas', 'imposibles']"
no tuve la suerte de ser lesbiana,"['suerte', 'ser', 'lesbiana']"
@RRedReddington_ tu amigo es un aburrido lol,"['rredreddington', 'amigo', 'aburrido', 'lol']"
la gente sigue subiendo fotos en granier y yo no entiendo si todo ah√≠ sabe a culo,"['gente', 'sigue', 'subiendo', 'fotos', 'granier', 'entiendo', 'si', 'ah√≠', 'sabe', 'culo']"
miren pero no me emocionen y despu√©s desaparezcan nojoda,"['miren', 'emocionen', 'despu√©s', 'desaparezcan', 'nojoda']"
@magalystika yo,['magalystika']
@magalystika a que te secuestro,"['magalystika', 'secuestro']"
"yo tengo ganas de partirme la cara as√≠ que me ba√±o, me maquillo y me voy CHAO","['ganas', 'partirme', 'cara', 'as√≠', 'ba√±o', 'maquillo', 'voy', 'chao']"
MEGAS MUETOS,"['megas', 'muetos']"
@gabrielvalladb ahora megas muetos,"['gabrielvalladb', 'ahora', 'megas', 'muetos']"
se fue otra vez el internet alguien m√°teme,"['vez', 'internet', 'alguien', 'm√°teme']"
q fin de semana de mierdinson,"['fin', 'semana', 'mierdinson']"
@Oriana_smg pa donde si no hay nadaü§°,"['oriana', 'smg', 'pa', 'si', 'nadaü§°']"
"ok me acaban de escribir pregunt√°ndome que qu√© voy a hacer hoy y yo estoy tipo, mira l√≥gicamente nada sabeszzz  https://t.co/VumXvhtkCn","['ok', 'acaban', 'escribir', 'pregunt√°ndome', 'voy', 'hacer', 'hoy', 'tipo', 'mira', 'l√≥gicamente', 'sabeszzz']"
a d√≥nde vamos a lokiar,"['d√≥nde', 'vamos', 'lokiar']"
@evilabm realmente agotador jajajaja,"['evilabm', 'realmente', 'agotador', 'jajajaja']"
"termin√© mi trabajo por hoy, me siento realizada AHOEA SI INV√çTENME","['termin√©', 'trabajo', 'hoy', 'siento', 'realizada', 'ahoea', 'si', 'inv√≠tenme']"
deja de usar la palabra sacrificio y utiliza esfuerzo,"['deja', 'usar', 'palabra', 'sacrificio', 'utiliza', 'esfuerzo']"
en qu√© me convert√≠?  https://t.co/6kHNVsm21l,['convert√≠']
ok estoy q me muero de lo mamada q toy,"['ok', 'muero', 'mamada', 'toy']"
la verdadera pregunta es: por que co√±o la semana que viene no me voy a tucacas,"['verdadera', 'pregunta', 'co√±o', 'semana', 'viene', 'voy', 'tucacas']"
@ml_guillot toy chikita,"['ml', 'guillot', 'toy', 'chikita']"
yo solo les digo que para el a√±o que viene tengo mi carro  DECLARADO.,"['solo', 'digo', 'a√±o', 'viene', 'carro', 'declarado']"
soda stereo es mi religi√≥n,"['soda', 'stereo', 'religi√≥n']"
"gracias, gracias y gracias diosito y universo‚ù§Ô∏è‚ö°Ô∏è","['gracias', 'gracias', 'gracias', 'diosito', 'universo‚ù§Ô∏è‚ö°Ô∏è']"
@fiorellaagb0 no entiendo xq,"['fiorellaagb', 'entiendo', 'xq']"
tengo un dolor de cabeza hijo de su mam√°,"['dolor', 'cabeza', 'hijo', 'mam√°']"
POTEADO,['poteado']
ig est√° portado?,"['ig', 'portado']"
@Pierocasablanca lo amo jajajajaj,"['pierocasablanca', 'amo', 'jajajajaj']"
no se sienten como que demasiado cansados???,"['sienten', 'demasiado', 'cansados']"
naguara de d√≠a,"['naguara', 'd√≠a']"
"@marianiticaa mi sentido p√©same, mucha fuerza para ti y tu familia‚ù§","['marianiticaa', 'p√©same', 'mucha', 'fuerza', 'familia‚ù§']"
@cricridominguez BELLA,"['cricridominguez', 'bella']"
@janiceportes blancoooooo,"['janiceportes', 'blancoooooo']"
@ColoSanchez1 no puedo escribirte al dm :(,"['colosanchez', 'puedo', 'escribirte', 'dm']"
se los juro que estaba trabajando  https://t.co/BiB3d8bnbV,"['juro', 'trabajando']"
"@Daniel_Branco99 bueno, cual es el peo","['daniel', 'branco', 'bueno', 'peo']"
co√±o c√≥mo no tengo a esta profesora al frente pa meterle un coquito,"['co√±o', 'c√≥mo', 'profesora', 'frente', 'pa', 'meterle', 'coquito']"
"soy una de las pocas mujeres que no tiene sexto sentido, ke hago","['pocas', 'mujeres', 'sexto', 'ke', 'hago']"
quiero un bucket hat,"['quiero', 'bucket', 'hat']"
2 am y no dejo de pensar que quiero comprarme un blazer,"['am', 'dejo', 'pensar', 'quiero', 'comprarme', 'blazer']"
les gou to de bish,"['gou', 'to', 'bish']"
quiero un vestido amarillo,"['quiero', 'vestido', 'amarillo']"
deber√≠amos hacer una fiesta tem√°tica,"['deber√≠amos', 'hacer', 'fiesta', 'tem√°tica']"
QUIEN PAAAAA  https://t.co/7RZlcjwboV,['paaaaa']
estoy considerando hacerme un tatuaje de la la land,"['considerando', 'hacerme', 'tatuaje', 'land']"
it‚Äôs over,"['it‚Äôs', 'over']"
@fiorellaagb0 por que no existi en esa √©poca,"['fiorellaagb', 'existi', '√©poca']"
qu√© vaina m√°s buena ajajajkajajaj,"['vaina', 'buena', 'ajajajkajajaj']"
@fiorellaagb0 √±am,"['fiorellaagb', '√±am']"
mi forro en cuesti√≥n  https://t.co/DXYZYXHzZA,"['forro', 'cuesti√≥n']"
@fiorellaagb0 quiero probarte,"['fiorellaagb', 'quiero', 'probarte']"
@enriquemarch si,"['enriquemarch', 'si']"
ser√° malo a esta hora cenar chistris?,"['malo', 'hora', 'cenar', 'chistris']"
@fiorellaagb0,['fiorellaagb']
dios m√≠o xfabo dame una playa en la guaira que no tenga olas ni gente,"['dios', 'xfabo', 'dame', 'playa', 'guaira', 'olas', 'gente']"
@fiorellaagb0 bien q te invito y me rebotasü§°,"['fiorellaagb', 'bien', 'invito', 'rebotasü§°']"
me provoca bloquearte por bruja,"['provoca', 'bloquearte', 'bruja']"
@apmoram holaa no te puedo mandar dm,"['apmoram', 'holaa', 'puedo', 'mandar', 'dm']"
por qu√© no me puede llegar del cielo un pote de helado?,"['puede', 'llegar', 'cielo', 'pote', 'helado']"
helao y brauni,"['helao', 'brauni']"
ayuda ag√°rrenme que me muero  https://t.co/qcXRmSVOjq,"['ayuda', 'ag√°rrenme', 'muero']"
plox  https://t.co/2QNNCHKMCM,['plox']
@valgoncalvesss  https://t.co/sdguYZCNSy,['valgoncalvesss']
quejesto nueva yol????,"['quejesto', 'nueva', 'yol']"
VOLVI√ì EL INTERNET,"['volvi√≥', 'internet']"
no tengo internet ayuda alguien q me adopte hago empanadas ricas,"['internet', 'ayuda', 'alguien', 'adopte', 'hago', 'empanadas', 'ricas']"
"ok tengo que trabajar y no tengo internet, a esto lo llamo el verdadero venequismo","['ok', 'trabajar', 'internet', 'llamo', 'verdadero', 'venequismo']"
la gente est√° demente omg superen mi √©poca loca de bachillerato dios no me persigan m√°s,"['gente', 'demente', 'omg', 'superen', '√©poca', 'loca', 'bachillerato', 'dios', 'persigan']"
arrecha  https://t.co/UHDnGAfvgk,['arrecha']
@_daniellaferrer DIOS SI,"['daniellaferrer', 'dios', 'si']"
pero por qu√© me amargas el d√≠a,"['amargas', 'd√≠a']"
yo,[]
@valen2c tunnel,"['valen', 'tunnel']"
@samuelnotienetw me lo debes,"['samuelnotienetw', 'debes']"
@pizpafun @mijevonotienetwitter,"['pizpafun', 'mijevonotienetwitter']"
si o que  https://t.co/TM7TZvPyXS,['si']
mentira solo s√© hacer pasta,"['mentira', 'solo', 's√©', 'hacer', 'pasta']"
@fuckinluigi ay dio,"['fuckinluigi', 'ay', 'dio']"
me arreglo cabello pa no estar triste,"['arreglo', 'cabello', 'pa', 'triste']"
@fuckinluigi no te devuelves a tu casa,"['fuckinluigi', 'devuelves', 'casa']"
@Villxlobxs el sugar soy yo misma revent√°ndome el culo jajajajaj,"['villxlobxs', 'sugar', 'misma', 'revent√°ndome', 'culo', 'jajajajaj']"
somos 65 y hay 10 en la claseü§°,['claseü§°']
"me compr√© una cama, me siento como una se√±ora de 60 a√±os  ya hago sopa","['compr√©', 'cama', 'siento', 'se√±ora', 'a√±os', 'hago', 'sopa']"
@evilabm ü•∏,['evilabm']
@calderonsin  https://t.co/lxmXBcHSaw,['calderonsin']
buenas noches poliedro,"['buenas', 'noches', 'poliedro']"
TERMINEEEE,['termineeee']
"CO√ëO ESTO ES MEJOR QUE EL SALTO √ÅNGEL, LA CACHAPA Y OSMEL SOUSA JUNTOS","['co√±o', 'mejor', 'salto', '√°ngel', 'cachapa', 'osmel', 'sousa', 'juntos']"
@DnnGrsle ser√° pa que raspe,"['dnngrsle', 'pa', 'raspe']"
"ayuda qu√© hago con estas ganas de lanzarme un karaoke de somos t√∫ y yo, pero tener tarea hasta el techo pq no hice nada el fin de semana","['ayuda', 'hago', 'ganas', 'lanzarme', 'karaoke', 'tener', 'tarea', 'techo', 'pq', 'hice', 'fin', 'semana']"
@fuckinluigi tamos igual,"['fuckinluigi', 'tamos', 'igual']"
@ruizluisalejan1 √±o,"['ruizluisalejan', '√±o']"
@flautistamococh √±o,"['flautistamococh', '√±o']"
yo como que adopto un perro,"['adopto', 'perro']"
PERO POR AUE PONEN LA UNO VALE  despu√©s quien saca 20 en esc√©nica por mi nojoda,"['aue', 'ponen', 'vale', 'despu√©s', 'saca', 'esc√©nica', 'nojoda']"
igual har√© la dos pero ok,"['igual', 'har√©', 'dos', 'ok']"
"yo deber√≠a estar ley√©ndome una verga m√°s aburrida ah√≠, pero tengo sue√±o","['deber√≠a', 'ley√©ndome', 'verga', 'aburrida', 'ah√≠', 'sue√±o']"
outfit para grabar un video  https://t.co/2tQPdW0jUs,"['outfit', 'grabar', 'video']"
@angellaturfi pa la pr√≥xima rumba me lo hago fijo,"['angellaturfi', 'pa', 'pr√≥xima', 'rumba', 'hago', 'fijo']"
YA NO QUIERO JUGAR A LA UNIVERSIDAD,"['quiero', 'jugar', 'universidad']"
mi primer tiktok no s√© qu√© hago   https://t.co/9S3fDX8eP9  s√≠ganme: isabellaaloha  https://t.co/C5xVpBOMo4,"['primer', 'tiktok', 's√©', 'hago', 's√≠ganme', 'isabellaaloha']"
@valen2c literal,"['valen', 'literal']"
@litangelus que,['litangelus']
"co√±o, quiero","['co√±o', 'quiero']"
alguien sabe como cambiarle el tama√±o a un video en imovie,"['alguien', 'sabe', 'cambiarle', 'tama√±o', 'video', 'imovie']"
@Oriana_smg me hice el mochamiento,"['oriana', 'smg', 'hice', 'mochamiento']"
isabella: es buena idea cortarse el cabello uno solo  isabella 2 segundos despu√©s:  https://t.co/hginRQ3ZhV,"['isabella', 'buena', 'idea', 'cortarse', 'cabello', 'solo', 'isabella', 'segundos', 'despu√©s']"
cada vez que me ba√±o me hace da√±o por eso me ba√±o una vez al a√±o   TEMAZO,"['cada', 'vez', 'ba√±o', 'hace', 'da√±o', 'ba√±o', 'vez', 'a√±o', 'temazo']"
@karenrequena me mori con esto alo jajajajajjaja,"['karenrequena', 'mori', 'alo', 'jajajajajjaja']"
@georgndrw user ajjaja,"['georgndrw', 'user', 'ajjaja']"
@georgndrw pasa suerte,"['georgndrw', 'pasa', 'suerte']"
quiero pizza carbonara de s√≥tano,"['quiero', 'pizza', 'carbonara', 's√≥tano']"
@SpgFreddy  https://t.co/r1vXAjyji1,['spgfreddy']
el clima lluvioso me pone tirste,"['clima', 'lluvioso', 'pone', 'tirste']"
me descargu√© tiktok y no me gusta esa verga,"['descargu√©', 'tiktok', 'gusta', 'verga']"
@biancadeese yes it is,"['biancadeese', 'yes', 'it', 'is']"
yo solo estoy esperando que me digan V√çSTETE Q VAMOS A LA PLAYA,"['solo', 'esperando', 'digan', 'v√≠stete', 'vamos', 'playa']"
domingo con d de no quiero hacer tarea co√±o,"['domingo', 'quiero', 'hacer', 'tarea', 'co√±o']"
csm ya ma√±ana es domingo otra vez,"['csm', 'ma√±ana', 'domingo', 'vez']"
@finallyblonde yo,['finallyblonde']
no les encantar√≠a viajar a un momento de su vida y repetirlo mil veces m√°s?,"['encantar√≠a', 'viajar', 'momento', 'vida', 'repetirlo', 'mil', 'veces']"
@andreebmor cool  https://t.co/R2U1i3PYn2,"['andreebmor', 'cool']"
yo viendo puros tweets de messi sin entender nada  https://t.co/69DNKA3D6U,"['viendo', 'puros', 'tweets', 'messi', 'entender']"
estoy cansada de la universidad ayuda,"['cansada', 'universidad', 'ayuda']"
hoy  https://t.co/RoF7EGKqwA,['hoy']
@georgndrw incre√≠ble ajjajajajak,"['georgndrw', 'incre√≠ble', 'ajjajajajak']"
odio amanecer,"['odio', 'amanecer']"
marico wtf la gente,"['marico', 'wtf', 'gente']"
@Cripisitoo @luisanay20 qu√© choque cultural chico tas loco,"['cripisitoo', 'luisanay', 'choque', 'cultural', 'chico', 'tas', 'loco']"
@valen2c cualess,"['valen', 'cualess']"
pensando en los teque√±os de 360,"['pensando', 'teque√±os']"
me muero de amor,"['muero', 'amor']"
@nancyyymc jajajajajaj a,"['nancyyymc', 'jajajajajaj']"
adivinen qui√©n yo se va a gastar todos su ahorros (20$) en chucherias  https://t.co/iLPlaQGVo6,"['adivinen', 'qui√©n', 'va', 'gastar', 'ahorros', 'chucherias']"
quiero,['quiero']
"@finallyblonde igual no podia,pero co√±o inv√≠tame","['finallyblonde', 'igual', 'podia', 'co√±o', 'inv√≠tame']"
"@danielapamela22 chama, algo me dice que van a usar paraguas y esto va pa largo","['danielapamela', 'chama', 'dice', 'van', 'usar', 'paraguas', 'va', 'pa', 'largo']"
"@migurtcita YOOYOYO vivo en montalban y ni as√≠ pude ir, queda llorar :)","['migurtcita', 'yooyoyo', 'vivo', 'montalban', 'as√≠', 'pude', 'ir', 'queda', 'llorar']"
yo sufriendo porque no puedo salir a comprarme mis cheeztris porque el koki me mata  valeria en usa preguntando c√≥mo estoy:  https://t.co/06N6Ox2cDB,"['sufriendo', 'puedo', 'salir', 'comprarme', 'cheeztris', 'koki', 'mata', 'valeria', 'usa', 'preguntando', 'c√≥mo']"
@biancadeese yo quiero ir a comprar chucherias o termino de caer en depresi√≥n gracias al koki,"['biancadeese', 'quiero', 'ir', 'comprar', 'chucherias', 'termino', 'caer', 'depresi√≥n', 'gracias', 'koki']"
"me voy de twitter porque me pone triste, chao","['voy', 'twitter', 'pone', 'triste', 'chao']"
yo creo que con una bolsa de cheeztris se me quita la depresi√≥n,"['creo', 'bolsa', 'cheeztris', 'quita', 'depresi√≥n']"
@andreaansr  https://t.co/MypVCorWxo,['andreaansr']
si me pas√≥,"['si', 'pas√≥']"
ok esta gente todav√≠a se est√° cayendo a tiros pues,"['ok', 'gente', 'todav√≠a', 'cayendo', 'tiros', 'pues']"
@Lggr2000 q si no,"['lggr', 'si']"
YA ESTAMOS VACUNADAS MI VENEZUELAAA,"['vacunadas', 'venezuelaaa']"
@messtor hola,"['messtor', 'hola']"
llegu√© como que tarde,"['llegu√©', 'tarde']"
 https://t.co/sDjsVBStTA,[]
ok me estoy durmiendo,"['ok', 'durmiendo']"
‚ù§Ô∏è  https://t.co/kiStCNEAvW,['‚ù§Ô∏è']
"hola, hoy s√≠","['hola', 'hoy']"
@PenelopeAlmeida literalmente yo,"['penelopealmeida', 'literalmente']"
yo,[]
todo el mundo est√° hablando de messi y es un buen momento para recordar a messichiquito  https://t.co/99aBZfYkY8,"['mundo', 'hablando', 'messi', 'buen', 'momento', 'recordar', 'messichiquito']"
"@flautistamococh algo de lo que nadie habla y tanto que opinar, de verdad","['flautistamococh', 'nadie', 'habla', 'opinar', 'verdad']"
@valgoncalvesss BELLAAA,"['valgoncalvesss', 'bellaaa']"
a  https://t.co/6M2MsBRsRL,[]
si,['si']
@Leoaristigueta ZI,"['leoaristigueta', 'zi']"
"@gaabccs chama bello, estoy obsesionada","['gaabccs', 'chama', 'bello', 'obsesionada']"
por qu√© nadie habla de explotaci√≥n moderna llamada pasant√≠as? :),"['nadie', 'habla', 'explotaci√≥n', 'moderna', 'llamada', 'pasant√≠as']"
dios,['dios']
@geralsotillo si lo esperas no va a llegar entonces  a surfear mami rika,"['geralsotillo', 'si', 'esperas', 'va', 'llegar', 'entonces', 'surfear', 'mami', 'rika']"
TAKA,['taka']
"me dio la fiebre de TIROTEO  la canci√≥n, no el taka taza taka","['dio', 'fiebre', 'tiroteo', 'canci√≥n', 'taka', 'taza', 'taka']"
@Andresoto15 CO√ëO ESE ME GUSTA MUCHO AMOR,"['andresoto', 'co√±o', 'gusta', 'amor']"
mi nombre es ni se quien soy pue,"['nombre', 'pue']"
isabella:üò≥üëÄüßêüòØüò¥ isa:ü§©ü•∞üòõü§™üòç isabellaaloha:ü§òüèºüòéü§ìü§†ü•≥ü§°  mrk ya no tengo apodos,"['isabella', 'üò≥üëÄüßêüòØüò¥', 'isa', 'ü§©ü•∞üòõü§™üòç', 'isabellaaloha', 'ü§òüèºüòéü§ìü§†ü•≥ü§°', 'mrk', 'apodos']"
MI NI√ëA ERES LA PROTA DE MIS CSNCIONWS TRISTDEEDS,"['ni√±a', 'prota', 'csncionws', 'tristdeeds']"
"hay gente que pone su feed de ig aqu√≠ y pregunta a qu√© huele  me provoca decirles que a culo, pero co√±o, la mamagueva","['gente', 'pone', 'feed', 'ig', 'aqu√≠', 'pregunta', 'huele', 'provoca', 'decirles', 'culo', 'co√±o', 'mamagueva']"
@gaabccs huele dur√≠simo  a protector solar aaaa,"['gaabccs', 'huele', 'dur√≠simo', 'protector', 'solar', 'aaaa']"
@PintandoToninas ya va quee que sale contigo y lleva a los pap√°s?üò≥,"['pintandotoninas', 'va', 'quee', 'sale', 'contigo', 'lleva', 'pap√°s']"
que si voy a ver otra vez √©lite por pol granch?  S√ç,"['si', 'voy', 'ver', 'vez', '√©lite', 'pol', 'granch']"
soy fan de las historias de jose rafael guzman,"['fan', 'historias', 'jose', 'rafael', 'guzman']"
este profesor si jode marico lo voy a acuchillar  es mentira no voy a acuchillar a nadie,"['profesor', 'si', 'jode', 'marico', 'voy', 'acuchillar', 'mentira', 'voy', 'acuchillar', 'nadie']"
saber la diferencia entre tener paciencia y perder el tiempo,"['saber', 'diferencia', 'tener', 'paciencia', 'perder', 'tiempo']"
la gata m√≠a  https://t.co/iwhdBeLfKS,['gata']
por qu√© no estoy en la playa hoy,"['playa', 'hoy']"
@ml_guillot  https://t.co/5WPnR29UCW,"['ml', 'guillot']"
@gaabccs shiü•∫,"['gaabccs', 'shiü•∫']"
BABONI BEIBE BB,"['baboni', 'beibe', 'bb']"
@ruizluisalejan1 te quiero luiü•∫‚ù§Ô∏èai mis yu,"['ruizluisalejan', 'quiero', 'luiü•∫‚ù§Ô∏èai', 'yu']"
el pelo no se me quitaba de la cara y bueno  https://t.co/maNcXeKHLm,"['pelo', 'quitaba', 'cara', 'bueno']"
@Cripisitoo que sera,"['cripisitoo', 'sera']"
estoy de luto pq elimin√© spotify,"['luto', 'pq', 'elimin√©', 'spotify']"
@flautistamococh la trasquil√©,"['flautistamococh', 'trasquil√©']"
yo solo veo una yuca,"['solo', 'veo', 'yuca']"
acabo de asesinar a una chaqueta de jean  soy fashionista  https://t.co/Ki7lhWF6rl,"['acabo', 'asesinar', 'chaqueta', 'jean', 'fashionista']"
qu√© vintage criticar a las mujeres,"['vintage', 'criticar', 'mujeres']"
hola si buenos d√≠as hoy me despert√© con dolor de patas,"['hola', 'si', 'buenos', 'd√≠as', 'hoy', 'despert√©', 'dolor', 'patas']"
@magalystika 987 algo asiii,"['magalystika', 'asiii']"
@PintandoToninas @JaaviieerGcruuz loko,"['pintandotoninas', 'jaaviieergcruuz', 'loko']"
THIS,['this']
@fiorellaagb0 todo mal,"['fiorellaagb', 'mal']"
"ayer me puse a llorar al frente de un poco de gente, ya no me da verg√ºenza nada","['ayer', 'puse', 'llorar', 'frente', 'gente', 'da', 'verg√ºenza']"
no pq ai covi  https://t.co/wZ20HGlzOs,"['pq', 'ai', 'covi']"
esta creo que era mi se√±al,"['creo', 'se√±al']"
@Lggr2000 no es el caso jajajakak,"['lggr', 'caso', 'jajajakak']"
dios no me puede mandar una se√±al para que me diga qu√© carajo hacer?????????,"['dios', 'puede', 'mandar', 'se√±al', 'diga', 'carajo', 'hacer']"
@IThinkIsBuda MIGUEL TU ME PUESDES ESCRIBIF A LA HORA QUE QUIERAS,"['ithinkisbuda', 'miguel', 'puesdes', 'escribif', 'hora', 'quieras']"
wtf todo el mundo como que de 4-5 se apaga,"['wtf', 'mundo', 'apaga']"
@valgoncalvesss AAAAA SII,"['valgoncalvesss', 'aaaaa', 'sii']"
yo escog√≠ mi primera concentraci√≥n ü•≥ü•≥  A QUI√âN VEO EN MERCADEO,"['escog√≠', 'primera', 'concentraci√≥n', 'ü•≥ü•≥', 'qui√©n', 'veo', 'mercadeo']"
@fiorellaagb0 no vea okei,"['fiorellaagb', 'vea', 'okei']"
@marianaggz podemos ser twins siiii por fa,"['marianaggz', 'podemos', 'ser', 'twins', 'siiii', 'fa']"
QUE VIVA EL SALTO ANGEL EL AVILA EL TODDY LA HALLACA Y THE GOOD PLACE,"['viva', 'salto', 'angel', 'avila', 'toddy', 'hallaca', 'the', 'good', 'place']"
@somephelan feliz cumpleeüí°,"['somephelan', 'feliz', 'cumpleeüí°']"
bueno yo voy a ser cm de KFC venezuela,"['bueno', 'voy', 'ser', 'cm', 'kfc', 'venezuela']"
vivir conmigo,"['vivir', 'conmigo']"
crack,['crack']
a ratatouille se le fue la mano,"['ratatouille', 'mano']"
me encanta silenciar gente en tw,"['encanta', 'silenciar', 'gente', 'tw']"
al√©grense la semana,"['al√©grense', 'semana']"
"desde hoy usar√© la groser√≠a ""traga leche piche""","['hoy', 'usar√©', 'groser√≠a', 'traga', 'leche', 'piche']"
nueva meta desbloqueada,"['nueva', 'meta', 'desbloqueada']"
@georgndrw es como un Simpson calvo,"['georgndrw', 'simpson', 'calvo']"
"sendo palo de agua, ahora s√≠ se me va ir el wifi","['sendo', 'palo', 'agua', 'ahora', 'va', 'ir', 'wifi']"
"@Leoaristigueta yo creo que estamos en una pel√≠cula de terror, m√°s acorde jajakakaj","['leoaristigueta', 'creo', 'pel√≠cula', 'terror', 'acorde', 'jajakakaj']"
"en otras noticias, creo que me quem√© la cara con el per√≥xido de benzoilo, ahora tengo puesta una verga y que manteca de karite  soy una principiante en el eskinker","['noticias', 'creo', 'quem√©', 'cara', 'per√≥xido', 'benzoilo', 'ahora', 'puesta', 'verga', 'manteca', 'karite', 'principiante', 'eskinker']"
@ayymariquitaa somos ese carajo ajjsjsjj,"['ayymariquitaa', 'carajo', 'ajjsjsjj']"
"@ayymariquitaa yo vivo en montalbronx, d√≥nde vives tuu","['ayymariquitaa', 'vivo', 'montalbronx', 'd√≥nde', 'vives', 'tuu']"
naguara de rayo chico,"['naguara', 'rayo', 'chico']"
yo hace un mes y toy m√°s feliz,"['hace', 'mes', 'toy', 'feliz']"
"no esperen por nadie para hacer sus cosas, h√°ganlas ustedes mismos y yaa","['esperen', 'nadie', 'hacer', 'cosas', 'h√°ganlas', 'ustedes', 'mismos', 'yaa']"
A,[]
"@peklemencia agarrarse a tres jevos en una rumba, s√≠","['peklemencia', 'agarrarse', 'tres', 'jevos', 'rumba']"
no me escriban para tarea despu√©s de las 7 pm chao,"['escriban', 'tarea', 'despu√©s', 'pm', 'chao']"
@PenelopeAlmeida garsia dios,"['penelopealmeida', 'garsia', 'dios']"
era un rayo gracias la gerencia,"['rayo', 'gracias', 'gerencia']"
Q SERA,['sera']
ESTOY CAGADA EN LA MADREWEEEE acaba de salir como un flash de la nada de mi ventana y no se si es un rayo o un acosador de ni√±as,"['cagada', 'madreweeee', 'acaba', 'salir', 'flash', 'ventana', 'si', 'rayo', 'acosador', 'ni√±as']"
SILENCIO BRUNO,"['silencio', 'bruno']"
@evilabm ai,"['evilabm', 'ai']"
@clauuabreu jajsjsjsjsksksja nooo y poscas,"['clauuabreu', 'jajsjsjsjsksksja', 'nooo', 'poscas']"
de tanto tomar refresco me muero o me sale una celulitis del carajo,"['tomar', 'refresco', 'muero', 'sale', 'celulitis', 'carajo']"
confirmen si sus mam√°s tampoco saben decir podcast,"['confirmen', 'si', 'mam√°s', 'tampoco', 'saben', 'decir', 'podcast']"
vean esto de pana jajajajajak,"['vean', 'pana', 'jajajajajak']"
marico me mor√≠ con el nuevo episodio de jasyneisser kaksjsjsjsjjsjs,"['marico', 'mor√≠', 'nuevo', 'episodio', 'jasyneisser', 'kaksjsjsjsjjsjs']"
"voy a comenzar a ver skins, again","['voy', 'comenzar', 'ver', 'skins', 'again']"
@janiceportes aro,"['janiceportes', 'aro']"
@georgndrw JORGE TE AMO AKAJAKAJJSJAJ,"['georgndrw', 'jorge', 'amo', 'akajakajjsjaj']"
d√≠a de quincena es  https://t.co/366Lk3z29P,"['d√≠a', 'quincena']"
@magalystika nojoa,"['magalystika', 'nojoa']"
manifestando,['manifestando']
@araitzzz @Anabellabolivar can'tv,"['araitzzz', 'anabellabolivar', 'can', 'tv']"
@magalystika fuente de chocolate,"['magalystika', 'fuente', 'chocolate']"
kfc me entiende,"['kfc', 'entiende']"
@magalystika queeee que feo,"['magalystika', 'queeee', 'feo']"
me har√≠a feliz un jolichicken en este momento,"['har√≠a', 'feliz', 'jolichicken', 'momento']"
estoy a nada de adoptar un perro  https://t.co/bfCOaGMzko,"['adoptar', 'perro']"
@gldndesert91 @Soydesireelugo esto es lo mejor que le√≠ hoy ajajajajjqj,"['gldndesert', 'soydesireelugo', 'mejor', 'le√≠', 'hoy', 'ajajajajjqj']"
@marianaggz kiero b,"['marianaggz', 'kiero']"
cuando te cansas ya no hay vuelta atr√°s,"['cansas', 'vuelta', 'atr√°s']"
hola quien sabe donde puedo pedir un helado a esta hora,"['hola', 'sabe', 'puedo', 'pedir', 'helado', 'hora']"
 https://t.co/U6BqIP7BiS vayan a darle amor pues,"['vayan', 'darle', 'amor', 'pues']"
soy una excelente cm  @thundermerch  https://t.co/0RjNqcIQc2,"['excelente', 'cm', 'thundermerch']"
AY MARICO CALLATE,"['ay', 'marico', 'callate']"
yo desde la semana pasada,"['semana', 'pasada']"
"no s√©, pero same  https://t.co/DiAeVWnWMu","['s√©', 'same']"
@magalystika y Magaly siempre me rebota la salidas,"['magalystika', 'magaly', 'siempre', 'rebota', 'salidas']"
pueden creer que tengo unas cosas en casa de penny desde hace como dos a√±os y no las he podido ir a buscarrrr :/,"['pueden', 'creer', 'unas', 'cosas', 'casa', 'penny', 'hace', 'dos', 'a√±os', 'podido', 'ir', 'buscarrrr']"
@gigivcc @valvallecp rt,"['gigivcc', 'valvallecp', 'rt']"
q es mejor  justifiq su respuesta,"['mejor', 'justifiq', 'respuesta']"
me gustan este tipo de hilos,"['gustan', 'tipo', 'hilos']"
@delascasasg sarrgan,"['delascasasg', 'sarrgan']"
@Faabb___ mucho lof,"['faabb', 'lof']"
@Pierocasablanca y este  https://t.co/8U0rBXs3At,['pierocasablanca']
@janiceportes siempre hay que cagarla la aprender,"['janiceportes', 'siempre', 'cagarla', 'aprender']"
@Pierocasablanca claro chiko no tas en nada,"['pierocasablanca', 'claro', 'chiko', 'tas']"
@Pierocasablanca mi novio no novio s√≠ es bello,"['pierocasablanca', 'novio', 'novio', 'bello']"
"todas tenemos una √©poca en la que estamos con un mono que no nos quiere, gracias a dios yo ya pas√© por la m√≠a  y las que est√°n ah√≠, bueno ‚ú®salgan‚ú®","['todas', '√©poca', 'mono', 'quiere', 'gracias', 'dios', 'pas√©', 'ah√≠', 'bueno', '‚ú®salgan‚ú®']"
@Pierocasablanca lit yo,"['pierocasablanca', 'lit']"
dios m√≠o pero por qu√© lloras por un mono muchacha gafa  de: mi para: ti,"['dios', 'lloras', 'mono', 'muchacha', 'gafa']"
y ‚ú® webona ‚ú®,['webona']
mi amiga: no vale √©l ya me prometi√≥ y me jur√≥ por su mam√° que no tiene nada con ella  el jevo 5 minutos despu√©s: *sube una foto con el cacho*  simplemente ‚ú®onvre‚ú®,"['amiga', 'vale', 'prometi√≥', 'jur√≥', 'mam√°', 'jevo', 'minutos', 'despu√©s', 'sube', 'foto', 'cacho', 'simplemente', '‚ú®onvre‚ú®']"
@valvallecp oki,"['valvallecp', 'oki']"
@valvallecp pasa el dato,"['valvallecp', 'pasa', 'dato']"
lo am√© jajsjajajaj,"['am√©', 'jajsjajajaj']"
felidomingo,['felidomingo']
@georgndrw @janiceportes NO,"['georgndrw', 'janiceportes']"
detesto a la gente que no responde r√°pido,"['detesto', 'gente', 'responde', 'r√°pido']"
quiero un chaqueta de jean,"['quiero', 'chaqueta', 'jean']"
qu√© es lo que haces si te despiertas s√∫per random a las 3 am,"['haces', 'si', 'despiertas', 's√∫per', 'random', 'am']"
"si me dejan embarcada, muero","['si', 'dejan', 'embarcada', 'muero']"
@HolyChickenCcs tieso,"['holychickenccs', 'tieso']"
no puedo dejar de decir oki,"['puedo', 'dejar', 'decir', 'oki']"
@magalystika y si te invito a un plan me dices que si?,"['magalystika', 'si', 'invito', 'plan', 'dices', 'si']"
"necesito amigas que se activen para todo, dios m√≠o p qqq","['necesito', 'amigas', 'activen', 'dios', 'qqq']"
volvi√≥ la pesadilla del internet poteado,"['volvi√≥', 'pesadilla', 'internet', 'poteado']"
ese es mi mood,['mood']
"no les pasa que a veces necesitan como demasiada atenci√≥n, que los consientan, los abracen y los llenen de besosü•∫ tirste  https://t.co/EwR9RPKHzu","['pasa', 'veces', 'necesitan', 'demasiada', 'atenci√≥n', 'consientan', 'abracen', 'llenen', 'besosü•∫', 'tirste']"
yo valgo demasiado,"['valgo', 'demasiado']"
@SayMichar üò≥,['saymichar']
@Petroxico conchale vale pero un poquito m√°s de originalidak,"['petroxico', 'conchale', 'vale', 'poquito', 'originalidak']"
"mi vecino ha tenido dos novias a ambas les ha regalado conejos, no entiendo su modus operandi","['vecino', 'dos', 'novias', 'ambas', 'regalado', 'conejos', 'entiendo', 'modus', 'operandi']"
"@JoseMonroy00 @meegandm literal, es paja","['josemonroy', 'meegandm', 'literal', 'paja']"
@thundermerch @ml_guillot ü§™  https://t.co/EbZ9Oh998o,"['thundermerch', 'ml', 'guillot']"
"esta semana va a ser la mejor, ARRECH√çSIMA","['semana', 'va', 'ser', 'mejor', 'arrech√≠sima']"
ma girl  https://t.co/uFXgdotaap,"['ma', 'girl']"
@barbaradediego1 pa que,"['barbaradediego', 'pa']"
@cristastral derecha,"['cristastral', 'derecha']"
hoy reuni√≥n de ni√±itas,"['hoy', 'reuni√≥n', 'ni√±itas']"
@PintandoToninas @magalystika esto est√° mejor,"['pintandotoninas', 'magalystika', 'mejor']"
todav√≠a estoy aprendiendoü•∫,"['todav√≠a', 'aprendiendoü•∫']"
un a√±o desde que sali√≥ este temazo  https://t.co/ZHyLANoola,"['a√±o', 'sali√≥', 'temazo']"
@magalystika mamagueva,"['magalystika', 'mamagueva']"
@PintandoToninas tuve una √©poca as√≠,"['pintandotoninas', '√©poca', 'as√≠']"
"profe, termine de dar la clase que quiero ver elite","['profe', 'termine', 'dar', 'clase', 'quiero', 'ver', 'elite']"
@thundermerch sambil üëÄ,"['thundermerch', 'sambil']"
"yo s√© chama, no lo hagan","['s√©', 'chama', 'hagan']"
√±ao √±ao amigao,"['√±ao', '√±ao', 'amigao']"
@daniellacip no mami yo no soy malaaa,"['daniellacip', 'mami', 'malaaa']"
ya salioooooooü§©ü§©ü§©  https://t.co/S64KQAWHpW,['salioooooooü§©ü§©ü§©']
@dmoron99 @Gabrielgiam1 as√≠ me gusta,"['dmoron', 'gabrielgiam', 'as√≠', 'gusta']"
"@MeDicenChepi se√±or, two mimir","['medicenchepi', 'se√±or', 'two', 'mimir']"
@gigreyes1996 qui√©n,"['gigreyes', 'qui√©n']"
"bueno y entocnes esper√© que fueran las 12 para que saliera elite y nada pues, bien bueno","['bueno', 'entocnes', 'esper√©', 'saliera', 'elite', 'pues', 'bien', 'bueno']"
@sarahcuiman los precios est√°n ü§°ü§°ü§°ü§°ü§°ü§°ü§°ü§°ü§°ü§°ü§°ü§°,"['sarahcuiman', 'precios', 'ü§°ü§°ü§°ü§°ü§°ü§°ü§°ü§°ü§°ü§°ü§°ü§°']"
@Lggr2000 ojal√° noo,"['lggr', 'ojal√°', 'noo']"
@ruizluisalejan1 ü•∫‚ù§Ô∏è,"['ruizluisalejan', 'ü•∫‚ù§Ô∏è']"
yo,[]
@maroaccettaa  https://t.co/4zKdNhLKBU,['maroaccettaa']
@georgndrw marico siüò≠ no pueo,"['georgndrw', 'marico', 'siüò≠', 'pueo']"
quiero,['quiero']
yo leyendo:  https://t.co/J7YO2Hkt9k,['leyendo']
"despu√©s de un d√≠a de mierda me alegraron el d√≠a con esto, si tienen algo bueno que decirle a una persona  H√ÅGANLOOOO  https://t.co/ekWHwHWAEM","['despu√©s', 'd√≠a', 'mierda', 'alegraron', 'd√≠a', 'si', 'bueno', 'decirle', 'persona', 'h√°ganloooo']"
det√©nganme,['det√©nganme']
@valen2c yo,['valen']
"no seas el tipo de persona que comenta en un post ""precio""  mamaguevo pero es que los odio, dime hola por lo menos ctm","['tipo', 'persona', 'comenta', 'post', 'precio', 'mamaguevo', 'odio', 'dime', 'hola', 'menos', 'ctm']"
@magalystika que si no,"['magalystika', 'si']"
"@gabymarinmg verdad que est√°n bueniiisiimass, ya quiero que sea viernes para que salga la serie","['gabymarinmg', 'verdad', 'bueniiisiimass', 'quiero', 'viernes', 'salga', 'serie']"
hoy siiii plis,"['hoy', 'siiii', 'plis']"
las historias cortas de elite est√°n buen√≠simas,"['historias', 'cortas', 'elite', 'buen√≠simas']"
@finallyblonde porque mi novio no novio es,"['finallyblonde', 'novio', 'novio']"
confirmo,['confirmo']
@mandanep_ no,['mandanep']
@georgndrw @thundermerch fuegooo,"['georgndrw', 'thundermerch', 'fuegooo']"
@magalystika upsi,"['magalystika', 'upsi']"
a las 8 voy a hacer un tw spaces con mi equipo de trabajo @thundermerch üòé se meten si o qu√©?  no me hagan pasar pena plis,"['voy', 'hacer', 'tw', 'spaces', 'equipo', 'trabajo', 'thundermerch', 'meten', 'si', 'hagan', 'pasar', 'pena', 'plis']"
todo va a estar bien,"['va', 'bien']"
manifesting,['manifesting']
@PintandoToninas vimos jakajajajjs,"['pintandotoninas', 'vimos', 'jakajajajjs']"
hola,['hola']
"me puse a escuchar reggaeton en 8d, ya no hay vuelta atr√°s","['puse', 'escuchar', 'reggaeton', 'vuelta', 'atr√°s']"
me acuerdo que la √©poca cuando me tom√© esta foto estaba en MI PEAAAAK DURISIIIIIMO  https://t.co/LMADuIhONN,"['acuerdo', '√©poca', 'tom√©', 'foto', 'peaaaak', 'durisiiiiimo']"
"la cara de una roba maridos, yop  https://t.co/tcJzoMX3Mn","['cara', 'roba', 'maridos', 'yop']"
pa fuera la gente mal vibrosa,"['pa', 'gente', 'mal', 'vibrosa']"
ya era hora,['hora']
"en plena exposici√≥n se me vino a potear la computadora, me sent√≠ bien veneca","['plena', 'exposici√≥n', 'vino', 'potear', 'computadora', 'sent√≠', 'bien', 'veneca']"
@PenelopeAlmeida @ruizluisalejan1  https://t.co/HpT8XTdFQz,"['penelopealmeida', 'ruizluisalejan']"
@ruizluisalejan1 @PenelopeAlmeida me falta mi americania,"['ruizluisalejan', 'penelopealmeida', 'falta', 'americania']"
no s√© qu√© mierda hago con mi vida,"['s√©', 'mierda', 'hago', 'vida']"
viernes  https://t.co/pAQWWzuVPo,['viernes']
"domingo en la tarde de ver garfield, qu√© felicidad","['domingo', 'tarde', 'ver', 'garfield', 'felicidad']"
a mi me lanzaron estaü§°  https://t.co/UlKYRZmBaH,"['lanzaron', 'estaü§°']"
@gaabccs yo,['gaabccs']
@eddiealbert0 @Rubiu5 @tonyhawk el verdadero quien pudiera,"['eddiealbert', 'rubiu', 'tonyhawk', 'verdadero', 'pudiera']"
amanec√≠ con ganas de helado,"['amanec√≠', 'ganas', 'helado']"
@magalystika @finallyblonde dime tuu,"['magalystika', 'finallyblonde', 'dime', 'tuu']"
@finallyblonde @magalystika y yo,"['finallyblonde', 'magalystika']"
"mi vida cambi√≥ cuando descubr√≠ c√≥mo se pod√≠an silenciar tweets  o sea, ayer","['vida', 'cambi√≥', 'descubr√≠', 'c√≥mo', 'pod√≠an', 'silenciar', 'tweets', 'ayer']"
:),[]
caer en hueco a las 6 de la tarde no es muy rockstar de mi parte,"['caer', 'hueco', 'tarde', 'rockstar', 'parte']"
primer mundo who,"['primer', 'mundo', 'who']"
@georgndrw @ItsMereeeh soy yo jajajajajajajaj,"['georgndrw', 'itsmereeeh', 'jajajajajajajaj']"
@PolarLightVE me las merezco,"['polarlightve', 'merezco']"
bueno la cosa esa se pote√≥ y chao,"['bueno', 'cosa', 'pote√≥', 'chao']"
@PintandoToninas metete en spacess,"['pintandotoninas', 'metete', 'spacess']"
@calderonsin metetee,"['calderonsin', 'metetee']"
@FWilliana se sali√≥ de control,"['fwilliana', 'sali√≥', 'control']"
"hola, si hago un twitter spaces se meten?","['hola', 'si', 'hago', 'twitter', 'spaces', 'meten']"
@mellamoayrton no tiene luz a,"['mellamoayrton', 'luz']"
@LeopoldoQC streamer,"['leopoldoqc', 'streamer']"
@Andresgo20001 no ser,"['andresgo', 'ser']"
alguien que sepa usar twitch escr√≠bame ya,"['alguien', 'sepa', 'usar', 'twitch', 'escr√≠bame']"
@magalystika mantra,"['magalystika', 'mantra']"
@flordu03 gracias chama,"['flordu', 'gracias', 'chama']"
"otra opini√≥n que nadie pidi√≥, pero gracias &lt;3","['opini√≥n', 'nadie', 'pidi√≥', 'gracias', 'lt']"
"ok gracias se√±ora nancy, seguimos con nuestras vidas","['ok', 'gracias', 'se√±ora', 'nancy', 'seguimos', 'vidas']"
@finallyblonde si que ladilla,"['finallyblonde', 'si', 'ladilla']"
@Daniel_Branco99 aja,"['daniel', 'branco', 'aja']"
@Daniel_Branco99 de que ? gafo,"['daniel', 'branco', 'gafo']"
@Daniel_Branco99 a,"['daniel', 'branco']"
@ycjr4 wujjuuüî•üòé,"['ycjr', 'wujjuuüî•üòé']"
al comienzo de la cuarentena cuando ten√≠a pollina era m√°s cool  https://t.co/tJIMLj1D6y,"['comienzo', 'cuarentena', 'pollina', 'cool']"
@janiceportes jajajajajajaj mori,"['janiceportes', 'jajajajajajaj', 'mori']"
@valen2c üò§üò§üò§,"['valen', 'üò§üò§üò§']"
@nancyyymc simplemente ‚ú®haste puta‚ú®,"['nancyyymc', 'simplemente', '‚ú®haste', 'puta‚ú®']"
@Danii_1498 naguara,"['danii', 'naguara']"
"gracias por tu opini√≥n, ahora m√©tetela por el culo","['gracias', 'opini√≥n', 'ahora', 'm√©tetela', 'culo']"
gracias ya s√©  https://t.co/COBjVQi6TI,"['gracias', 's√©']"
@SpgFreddy quiz√°s me lo pide cuando ya est√© enterrada  qu√© darks,"['spgfreddy', 'quiz√°s', 'pide', 'enterrada', 'darks']"
@SpgFreddy las cachetadas son pa mi,"['spgfreddy', 'cachetadas', 'pa']"
ah ya 300 co√±azos,"['ah', 'co√±azos']"
"@Lggr2000 la mejor serie del mundo es breaking bad, pero ok","['lggr', 'mejor', 'serie', 'mundo', 'breaking', 'bad', 'ok']"
@georgndrw ke,"['georgndrw', 'ke']"
"estoy triste, voy a ver otro cap de bojack horseman para terminar de llorar","['triste', 'voy', 'ver', 'cap', 'bojack', 'horseman', 'terminar', 'llorar']"
@PKejjo tirste,"['pkejjo', 'tirste']"
@carggonzalez02 miti miti,"['carggonzalez', 'miti', 'miti']"
@gaabccs el bicho como talü§Æ,"['gaabccs', 'bicho', 'talü§Æ']"
@beingmeasfuck verdaderamente inesperado,"['beingmeasfuck', 'verdaderamente', 'inesperado']"
el gato malandro,"['gato', 'malandro']"
@iLauraRojas eso est√° doloroso,"['ilaurarojas', 'doloroso']"
@iLauraRojas chama pero tampoco asi,"['ilaurarojas', 'chama', 'tampoco', 'asi']"
@MajoVene18  https://t.co/GNNPQ6L1sE,['majovene']
yo viendo los red flags  https://t.co/hWMzK3KVEk,"['viendo', 'red', 'flags']"
@MajoVene18 perp que horribleüò≠üò§,"['majovene', 'perp', 'horribleüò≠üò§']"
@Villxlobxs flagss,"['villxlobxs', 'flagss']"
"@Villxlobxs tengo que ver los red flaca, verdad?","['villxlobxs', 'ver', 'red', 'flaca', 'verdad']"
@Villxlobxs @Andresoto15 exacto,"['villxlobxs', 'andresoto', 'exacto']"
@Villxlobxs marica casi 100 me muero,"['villxlobxs', 'marica', 'casi', 'muero']"
yo contando mis logros,"['contando', 'logros']"
MARICO CASI 100 CACHETADAS? KLLENCCC,"['marico', 'casi', 'cachetadas', 'kllenccc']"
@PintandoToninas diox,"['pintandotoninas', 'diox']"
@_calh mami peroüò≠,"['calh', 'mami', 'peroüò≠']"
las clases de guionismo me ense√±aron a entender memes de dioses  gracias ucab  https://t.co/fZhlcqCqEN,"['clases', 'guionismo', 'ense√±aron', 'entender', 'memes', 'dioses', 'gracias', 'ucab']"
@_calh ser√° que voy pa esa? vale la penaü§°?,"['calh', 'voy', 'pa', 'vale', 'penaü§°']"
@IThinkIsBuda maltratoüò§,"['ithinkisbuda', 'maltratoüò§']"
@_calh noooo quejeso,"['calh', 'noooo', 'quejeso']"
es que no se imaginan el nivel,"['imaginan', 'nivel']"
naguara marico yo antes si era barranquera,"['naguara', 'marico', 'si', 'barranquera']"
"ya me dieron bastante palo, bastar√° xfa","['dieron', 'bastante', 'palo', 'bastar√°', 'xfa']"
me re√≠,['re√≠']
@migurtcita kiero,"['migurtcita', 'kiero']"
"podr√© sonar normie, pero ta wena la canci√≥n de daniela barranco","['podr√©', 'sonar', 'normie', 'ta', 'wena', 'canci√≥n', 'daniela', 'barranco']"
 https://t.co/ojEDJ0gnOv,[]
@nickyticki6 holaa! no te puedo mandar dm,"['nickyticki', 'holaa', 'puedo', 'mandar', 'dm']"
@Andresoto15 que no,['andresoto']
@DirlyER suuuper cuuls,"['dirlyer', 'suuuper', 'cuuls']"
@nicolebey_ üò≠,['nicolebey']
"naguara casi 50 co√±azos, est√°n pasados","['naguara', 'casi', 'co√±azos', 'pasados']"
@janiceportes divino,"['janiceportes', 'divino']"
@janiceportes quiero besos,"['janiceportes', 'quiero', 'besos']"
@finallyblonde ya toy casi muerts,"['finallyblonde', 'toy', 'casi', 'muerts']"
@AsdrubaLopez quejeso,"['asdrubalopez', 'quejeso']"
@adrianaavcp chama peroüò≠,"['adrianaavcp', 'chama', 'peroüò≠']"
@Villxlobxs onvre,"['villxlobxs', 'onvre']"
"@ruizluisalejan1 gracias x no pegarme, bueno el comentario vale x 2","['ruizluisalejan', 'gracias', 'pegarme', 'bueno', 'comentario', 'vale']"
@AndreGoncalvs apoyando el talento ucabista claro que siiiü§©,"['andregoncalvs', 'apoyando', 'talento', 'ucabista', 'claro', 'siiiü§©']"
@Villxlobxs no me digas eso que bueno pues,"['villxlobxs', 'digas', 'bueno', 'pues']"
@IThinkIsBuda gracias ya tengo el ojo morau,"['ithinkisbuda', 'gracias', 'ojo', 'morau']"
@valen2c ay me duele,"['valen', 'ay', 'duele']"
@Villxlobxs no mami no as√≠ tampocoo que feo,"['villxlobxs', 'mami', 'as√≠', 'tampocoo', 'feo']"
@Lggr2000 comentarios valen por dos,"['lggr', 'comentarios', 'valen', 'dos']"
luego estoy yo que tengo 10 meses esperando que me pidan el empate  cada like es una cachetada,"['luego', 'meses', 'esperando', 'pidan', 'empate', 'cada', 'like', 'cachetada']"
"@finallyblonde weno desde siempre, pero ahorita con sus cositas de skin care 11/10","['finallyblonde', 'weno', 'siempre', 'ahorita', 'cositas', 'skin', 'care']"
@magalystika am√©n,"['magalystika', 'am√©n']"
@CameliaAlegria @covaspraia hacen cosas bell√≠simasssü§©tengo un sombrero de ah√≠ y lo amo con locura,"['cameliaalegria', 'covaspraia', 'hacen', 'cosas', 'bell√≠simasssü§©tengo', 'sombrero', 'ah√≠', 'amo', 'locura']"
"@Gjs1ck ayy no s√© qu√© es, stalkeareee pa ver","['gjs', 'ck', 'ayy', 's√©', 'stalkeareee', 'pa', 'ver']"
@guillensitaa  https://t.co/rDH04B1UOC,['guillensitaa']
"@Gjs1ck despu√©s de ese video, mmm bue","['gjs', 'ck', 'despu√©s', 'video', 'mmm', 'bue']"
@guillensitaa deeemasiadoo,"['guillensitaa', 'deeemasiadoo']"
"hilo de empresas o negocios que est√°n parti√©ndola en venezuela, comienzo yo:  holy chicken","['hilo', 'empresas', 'negocios', 'parti√©ndola', 'venezuela', 'comienzo', 'holy', 'chicken']"
mi grupo y yo cuando raspamos la exposici√≥n,"['grupo', 'raspamos', 'exposici√≥n']"
te amo cerati,"['amo', 'cerati']"
PONES CANCIONES TRISTES PARA SENNTIRTE MEJOR TU ESCENCIA ES M√ÅS VISIBLE DEL MISMO DOLORR VENDR√Å UN NUEVO AMANECER UUUU,"['pones', 'canciones', 'tristes', 'senntirte', 'mejor', 'escencia', 'visible', 'mismo', 'dolorr', 'vendr√°', 'nuevo', 'amanecer', 'uuuu']"
toy loki  https://t.co/9wi9TpLzxt,"['toy', 'loki']"
"gracias al like y el rt, ya vi q no soy la √∫nica","['gracias', 'like', 'rt', 'vi', '√∫nica']"
"yo preguntando precios de carro como si me fuera a comprar uno, mentira jeje solo estoy MANIFESTING CLARO QUE YES","['preguntando', 'precios', 'carro', 'si', 'comprar', 'mentira', 'jeje', 'solo', 'manifesting', 'claro', 'yes']"
isabella contr√≥late no formes peo,"['isabella', 'contr√≥late', 'formes', 'peo']"
"@Cripisitoo no quiero parecer intensa, pero broü§°","['cripisitoo', 'quiero', 'parecer', 'intensa', 'broü§°']"
@valgoncalvesss listooo gracias ü•∫,"['valgoncalvesss', 'listooo', 'gracias']"
alguno sabe c√≥mo cerrar sesi√≥n de una cuenta de tw desde el cel,"['alguno', 'sabe', 'c√≥mo', 'cerrar', 'sesi√≥n', 'cuenta', 'tw', 'cel']"
vibrando altoooooüíÉüíÉ comenzamos la semana con buenas energ√≠as vamos que siiiiiü§™ü•≥üíÉ  https://t.co/hnTOeZKPVh,"['vibrando', 'altoooooüíÉüíÉ', 'comenzamos', 'semana', 'buenas', 'energ√≠as', 'vamos', 'siiiiiü§™ü•≥üíÉ']"
 https://t.co/aDGpDkRvLE este es el nuevo cortometraje de @luikevl vayan a verlo que est√° incre√≠ble üòéüî•,"['nuevo', 'cortometraje', 'luikevl', 'vayan', 'verlo', 'incre√≠ble', 'üòéüî•']"
@PintandoToninas pero mall,"['pintandotoninas', 'mall']"
@deidvx jsjajajajaj  https://t.co/ugSPHPsgJZ,"['deidvx', 'jsjajajajaj']"
"@fuckinluigi los sue√±os s√≠ se hacen realidad, conf√≠a","['fuckinluigi', 'sue√±os', 'hacen', 'realidad', 'conf√≠a']"
qu√© arrecho debe ser ir a un concierto de green day,"['arrecho', 'debe', 'ser', 'ir', 'concierto', 'green', 'day']"
@PintandoToninas horribleeeee,"['pintandotoninas', 'horribleeeee']"
 https://t.co/E8mrSk0tVI,[]
fotos en medio de una crisix  https://t.co/I74QdP4MFx,"['fotos', 'medio', 'crisix']"
"¬°Esto es hoyyy!  Si quieres contar tu historia, responde este tweet con este emojiüî•  https://t.co/zYrVSMX9Ky","['¬°esto', 'hoyyy', 'si', 'quieres', 'contar', 'historia', 'responde', 'tweet', 'emojiüî•']"
"me hacen la tarea pq no tengo tiempo, qu√© m√°s quiero???  https://t.co/NC9deHBl5F","['hacen', 'tarea', 'pq', 'tiempo', 'quiero']"
@luikevl enamorada jajakakkaajajaj,"['luikevl', 'enamorada', 'jajakakkaajajaj']"
"dos horas para entender qu√© dec√≠a, pero qu√© bello","['dos', 'horas', 'entender', 'dec√≠a', 'bello']"
todav√≠a no s√© si soy Atenea o afrodita,"['todav√≠a', 's√©', 'si', 'atenea', 'afrodita']"
@theguidolamanna @dayanagomezac eso pasa en la vida real?,"['theguidolamanna', 'dayanagomezac', 'pasa', 'vida', 'real']"
@valen2c millo,"['valen', 'millo']"
son las 7 de la noche y yo sigo en clase marico de pana me quiero matar,"['noche', 'sigo', 'clase', 'marico', 'pana', 'quiero', 'matar']"
@andreebermudez_ congratsssüòç,"['andreebermudez', 'congratsssüòç']"
@peklemencia @valvallecp yo sab√≠a que ana era afroditaa,"['peklemencia', 'valvallecp', 'sab√≠a', 'ana', 'afroditaa']"
@valvallecp igual siento q me toy muriendo ayuda,"['valvallecp', 'igual', 'siento', 'toy', 'muriendo', 'ayuda']"
hoy la gente no ha dejado de ladillar,"['hoy', 'gente', 'dejado', 'ladillar']"
por twitter es que me quedo pobre,"['twitter', 'quedo', 'pobre']"
"sobreviv√≠ a mi pr√°ctica de esc√©nica de hoy, seguimos puesüíÉ  https://t.co/tr6fM81yvu","['sobreviv√≠', 'pr√°ctica', 'esc√©nica', 'hoy', 'seguimos', 'puesüíÉ']"
@thewayofkingss √°lbum o canci√≥n?,"['thewayofkingss', '√°lbum', 'canci√≥n']"
@Gabrielgiam1 @CECOSO @UCarabobo patrocinados por cecosooü§™,"['gabrielgiam', 'cecoso', 'ucarabobo', 'patrocinados', 'cecosooü§™']"
estoy llorando por mi pr√°ctica de esc√©nica yo no s√© c√≥mo hacer esto,"['llorando', 'pr√°ctica', 'esc√©nica', 's√©', 'c√≥mo', 'hacer']"
@PintandoToninas de una,['pintandotoninas']
am√©n,['am√©n']
 https://t.co/iQnu6monBu,[]
no hab√≠a tenido tiempo de escuchar el disco de rawayana y qu√© vaina m√°s buena,"['tiempo', 'escuchar', 'disco', 'rawayana', 'vaina', 'buena']"
c√≥mo desveo algo,"['c√≥mo', 'desveo']"
para el jueves mejor dicho,"['jueves', 'mejor', 'dicho']"
qu√© desespero mi tarea de esc√©nica del jueves,"['desespero', 'tarea', 'esc√©nica', 'jueves']"
"bueno saqu√© 15, no est√° tan feo","['bueno', 'saqu√©', 'tan', 'feo']"
"si uno lo pone aqu√≠ se las traen, no?","['si', 'pone', 'aqu√≠', 'traen']"
tr√°iganme cocosettes homo,"['tr√°iganme', 'cocosettes', 'homo']"
@gaabccs ü•∫‚ô•Ô∏è,"['gaabccs', 'ü•∫‚ô•Ô∏è']"
@georgndrw garcias,"['georgndrw', 'garcias']"
@jesusmoncadah tas que si en otro pa√≠s,"['jesusmoncadah', 'tas', 'si', 'pa√≠s']"
"ahorita tengo un examen de esc√©nica, cada like es un ""√©xito""  ayuden a esta alma con muchas buenas vibras","['ahorita', 'examen', 'esc√©nica', 'cada', 'like', '√©xito', 'ayuden', 'alma', 'muchas', 'buenas', 'vibras']"
"no me den like, ens√©√±enme","['den', 'like', 'ens√©√±enme']"
@georgndrw yo+,['georgndrw']
@georgndrw :(,['georgndrw']
@finallyblonde no me ayudas  https://t.co/imAB5iiU64,"['finallyblonde', 'ayudas']"
ens√©√±enme a manejar,"['ens√©√±enme', 'manejar']"
@DaniellaRebo terriblee aaaa jajajajaj,"['daniellarebo', 'terriblee', 'aaaa', 'jajajajaj']"
estoy triste quiero flips,"['triste', 'quiero', 'flips']"
"un lado de mi dice que vaya a comprar chucher√≠as y regal√°rmelas pq me las merezco, pero el otro me dice AHORRA","['lado', 'dice', 'vaya', 'comprar', 'chucher√≠as', 'regal√°rmelas', 'pq', 'merezco', 'dice', 'ahorra']"
alguien que tenga experiencia en teatro q me ayude con algo help,"['alguien', 'experiencia', 'teatro', 'ayude', 'help']"
@aldidinucci1 yoo,"['aldidinucci', 'yoo']"
@Lggr2000 de dormir ajajjjsjs prefiero,"['lggr', 'dormir', 'ajajjjsjs', 'prefiero']"
@Lggr2000 qu√© aburrido,"['lggr', 'aburrido']"
"deber√≠a estar haciendo mi tarea de esc√©nica, pero le estoy huyendo","['deber√≠a', 'haciendo', 'tarea', 'esc√©nica', 'huyendo']"
me tragu√© un payaso,"['tragu√©', 'payaso']"
ma√±ana por fin es junio o 32 de mayo,"['ma√±ana', 'fin', 'junio', 'mayo']"
yop  https://t.co/4IsO2oS5UA,['yop']
literal est√°s en tu peak,"['literal', 'peak']"
@PintandoToninas oh si,"['pintandotoninas', 'oh', 'si']"
@aphrodite_nani ameee jajajajaj,"['aphrodite', 'nani', 'ameee', 'jajajajaj']"
drunk  https://t.co/zgpFSIlD8z,['drunk']
marico estoy a nada de lanzarle un zapato,"['marico', 'lanzarle', 'zapato']"
@finallyblonde escr√≠beme al whaa,"['finallyblonde', 'escr√≠beme', 'whaa']"
@finallyblonde yo voy hooy,"['finallyblonde', 'voy', 'hooy']"
@alexobeta noooo ajajjajajajj,"['alexobeta', 'noooo', 'ajajjajajajj']"
@gmgomeez si pasa,"['gmgomeez', 'si', 'pasa']"
HOY SALE CRUELLA DE VIL AAAAAAAA  TE AMO EMMA STONE,"['hoy', 'sale', 'cruella', 'vil', 'aaaaaaaa', 'amo', 'emma', 'stone']"
"quer√≠a que la nueva canci√≥n de bad bunny fuera un reggaeton, pero bue","['quer√≠a', 'nueva', 'canci√≥n', 'bad', 'bunny', 'reggaeton', 'bue']"
@gaabccs MARICA S√ç LO SON AYUDAAAA,"['gaabccs', 'marica', 'ayudaaaa']"
@ayymariquitaa  https://t.co/5t2JfP888p,['ayymariquitaa']
@gaabccs no me digas estoüò≠,"['gaabccs', 'digas', 'estoüò≠']"
@ayymariquitaa me declaro culpable üò§ aunque despu√©s de unos tragos no escucho ni la musik,"['ayymariquitaa', 'declaro', 'culpable', 'aunque', 'despu√©s', 'tragos', 'escucho', 'musik']"
@georgndrw terribles,"['georgndrw', 'terribles']"
"es impresionante que todas las canciones de plan b me ponen de mal humor, las odio","['impresionante', 'todas', 'canciones', 'plan', 'ponen', 'mal', 'humor', 'odio']"
QUIERO QUIERO QUIERO,"['quiero', 'quiero', 'quiero']"
vamos que siii,"['vamos', 'siii']"
ok estoy demasiado feliz DESPU√âS DE UN BLOQUEO CREATIVO DE DOS SEMANAS AAA,"['ok', 'demasiado', 'feliz', 'despu√©s', 'bloqueo', 'creativo', 'dos', 'semanas', 'aaa']"
dato: las ideas surgen cuando menos te lo esperas,"['dato', 'ideas', 'surgen', 'menos', 'esperas']"
"ok creo que es lo m√°s bello que me han dicho en todo el mes, de pana lo necesitaba  despu√©s de que estuve como dos semanas sac√°ndome ideas de donde no las ten√≠a, por ning√∫n lado aparec√≠an  POR FIN LO LOGR√â  https://t.co/9v3qCepLSm","['ok', 'creo', 'bello', 'dicho', 'mes', 'pana', 'necesitaba', 'despu√©s', 'dos', 'semanas', 'sac√°ndome', 'ideas', 'ning√∫n', 'lado', 'aparec√≠an', 'fin', 'logr√©']"
"@ayymariquitaa @pedidosya pedidos ya es lo mismo siempre jajajaj o te dicen que no tienen cambio y te lo suben a tu billetera dos semanas despu√©s, lit te quitan dinero como les da la gana","['ayymariquitaa', 'pedidosya', 'pedidos', 'mismo', 'siempre', 'jajajaj', 'dicen', 'cambio', 'suben', 'billetera', 'dos', 'semanas', 'despu√©s', 'lit', 'quitan', 'dinero', 'da', 'gana']"
@IThinkIsBuda la sinceridad va primerooo,"['ithinkisbuda', 'sinceridad', 'va', 'primerooo']"
@wandapmarin muackiti,"['wandapmarin', 'muackiti']"
"disculpen mi ignorancia, pero pens√© que era la pel√≠cula de breaking bad junto a un pescado que te comes en margarita","['disculpen', 'ignorancia', 'pens√©', 'pel√≠cula', 'breaking', 'bad', 'junto', 'pescado', 'comes', 'margarita']"
@gaabccs un pocoooo? demasiadooo,"['gaabccs', 'pocoooo', 'demasiadooo']"
@mandanep_ me encanta estar ah√≠ ü§©,"['mandanep', 'encanta', 'ah√≠']"
"amanec√≠ igual, ahora vamos a la meditaciones para que las energ√≠as vibren m√°s altooo","['amanec√≠', 'igual', 'ahora', 'vamos', 'meditaciones', 'energ√≠as', 'vibren', 'altooo']"
@PintandoToninas super mega rt,"['pintandotoninas', 'super', 'mega', 'rt']"
@Daniel_Branco99 llora gafo,"['daniel', 'branco', 'llora', 'gafo']"
@Daniel_Branco99 q cringe daniel,"['daniel', 'branco', 'cringe', 'daniel']"
@georgndrw yo,['georgndrw']
@oscarpaez17  https://t.co/Yx10ry6u1z,['oscarpaez']
qu√© ladilla cuando sientes que sobras en la vida de alguien zzz,"['ladilla', 'sientes', 'sobras', 'vida', 'alguien', 'zzz']"
no me quiero parar üò≠,"['quiero', 'parar']"
two mimir naguara de dia,"['two', 'mimir', 'naguara', 'dia']"
ese reel me cost√≥ una bola y weno apoyen al talento principiante xfabo,"['reel', 'cost√≥', 'bola', 'weno', 'apoyen', 'talento', 'principiante', 'xfabo']"
@danielacenteno_ ve a darme laik y a seguirnos xfa :( pa q me aumenten,"['danielacenteno', 've', 'darme', 'laik', 'seguirnos', 'xfa', 'pa', 'aumenten']"
 https://t.co/ncJnSWGMu2 vayan a darle amor,"['vayan', 'darle', 'amor']"
SUBI MI PRIMER REEL DESPUES DE DOS HORAS,"['subi', 'primer', 'reel', 'despues', 'dos', 'horas']"
"@biancadeese el lugar es espectacular, pero lo que venden nop","['biancadeese', 'lugar', 'espectacular', 'venden', 'nop']"
@georgndrw entonces odio to :(,"['georgndrw', 'entonces', 'odio', 'to']"
quiero llorar,"['quiero', 'llorar']"
@PintandoToninas cu√°ntas horas me faltannn,"['pintandotoninas', 'cu√°ntas', 'horas', 'faltannn']"
una vez m√°s odio el internet de venezuela,"['vez', 'odio', 'internet', 'venezuela']"
@magalystika @fuckinluigi PERO LUIS PERO MAGALY,"['magalystika', 'fuckinluigi', 'luis', 'magaly']"
@georgndrw ta bonita,"['georgndrw', 'ta', 'bonita']"
yo: ay kemosion subir√© el primer reel de mi vida a la cuenta donde trabajo  cantv y digitel a la vez: no  https://t.co/TLqiRgV3tV,"['ay', 'kemosion', 'subir√©', 'primer', 'reel', 'vida', 'cuenta', 'trabajo', 'cantv', 'digitel', 'vez']"
@georgndrw ni me lo digas :/,"['georgndrw', 'digas']"
ok que linda nariz,"['ok', 'linda', 'nariz']"
@georgndrw Y CON MEGAS BROOOTHER,"['georgndrw', 'megas', 'brooother']"
@andresbarretov_ SI JAJAJAHJAJAJ,"['andresbarretov', 'si', 'jajajahjajaj']"
pueden creer que llevo dos horas tratando de subir un reel,"['pueden', 'creer', 'llevo', 'dos', 'horas', 'tratando', 'subir', 'reel']"
@valvallecp @DanyCoppola1 muy cuchi,"['valvallecp', 'danycoppola', 'cuchi']"
cita este tweet con una foto con tu amiguita querida  https://t.co/u4HSeHeTEa,"['cita', 'tweet', 'foto', 'amiguita', 'querida']"
@rebzescalona quejeso,"['rebzescalona', 'quejeso']"
el arte del olvido,"['arte', 'olvido']"
@Lggr2000 proud,"['lggr', 'proud']"
"@Lggr2000 pa que ocultarme, sisoi","['lggr', 'pa', 'ocultarme', 'sisoi']"
quiero q lleguen yaüò≠,"['quiero', 'lleguen', 'yaüò≠']"
teeeeemazo  https://t.co/4yERKo7etk,['teeeeemazo']
@Lggr2000 soy res flaz,"['lggr', 'res', 'flaz']"
@georgndrw acabo de ver y ¬™,"['georgndrw', 'acabo', 'ver']"
@georgndrw pajaaa voy a  buscar reso,"['georgndrw', 'pajaaa', 'voy', 'buscar', 'reso']"
@georgndrw estoy en lo mismoo jajajajajajaj me encanta,"['georgndrw', 'mismoo', 'jajajajajajaj', 'encanta']"
@valen2c aroü§°,"['valen', 'aroü§°']"
se me hab√≠a olvidado lo buenas que son las canciones de machine gun kelly,"['olvidado', 'buenas', 'canciones', 'machine', 'gun', 'kelly']"
periodismo me est√° sacando canas,"['periodismo', 'sacando', 'canas']"
estaba demasiado feliz con mi perro que se llamaba cerati  https://t.co/4rtbtAM3ad,"['demasiado', 'feliz', 'perro', 'llamaba', 'cerati']"
no lo hagan,['hagan']
yo con todo,[]
@PintandoToninas falsa alarma no es lo que crees ananabja,"['pintandotoninas', 'falsa', 'alarma', 'crees', 'ananabja']"
twitteroficial?  https://t.co/9ey253KEVc,['twitteroficial']
*mi amiga est√° triste*  autom√°ticamente yo: vamos pa la calle a tomarnos unos mojitos,"['amiga', 'triste', 'autom√°ticamente', 'vamos', 'pa', 'calle', 'tomarnos', 'mojitos']"
@hunterssis @cocatanblanca necesito saber si esto es joda o k,"['hunterssis', 'cocatanblanca', 'necesito', 'saber', 'si', 'joda']"
necesito gente en mi vida que no sea achantada,"['necesito', 'gente', 'vida', 'achantada']"
meta de hoy: ir a @Perrockccs,"['meta', 'hoy', 'ir', 'perrockccs']"
"@daniellacip comenzamos ma√±ana, en serio escr√≠beme","['daniellacip', 'comenzamos', 'ma√±ana', 'serio', 'escr√≠beme']"
@daniellacip creo que todos necesitamos escucharloü•∫,"['daniellacip', 'creo', 'necesitamos', 'escucharloü•∫']"
"deja de llorar y ponte a estudiar, gafa  de: mi para: mi","['deja', 'llorar', 'ponte', 'estudiar', 'gafa']"
"ya no me sorprende, siempre es lo mismo","['sorprende', 'siempre', 'mismo']"
danz!,['danz']
estoy considerando meterme en el gimnasio,"['considerando', 'meterme', 'gimnasio']"
"@fuckinluigi pero viste que el sol est√° lindo, c√≥mprate un heladito y ser√° un d√≠a cul","['fuckinluigi', 'viste', 'sol', 'lindo', 'c√≥mprate', 'heladito', 'd√≠a', 'cul']"
@gaabccs por lo menos que le pague la terapia por mamagyevo jajajajaj,"['gaabccs', 'menos', 'pague', 'terapia', 'mamagyevo', 'jajajajaj']"
EL D√çA EST√Å DEMASIAAAAADO LINDOOO,"['d√≠a', 'demasiaaaaado', 'lindooo']"
amanec√≠ con ganas de verte,"['amanec√≠', 'ganas', 'verte']"
@deidvx eso mismo ajjajajajajj,"['deidvx', 'mismo', 'ajjajajajajj']"
nadie pasa de esta esquina aqu√≠ mandan las divinas pq somos,"['nadie', 'pasa', 'esquina', 'aqu√≠', 'mandan', 'divinas', 'pq']"
@deidvx ya te viii akakkajaja,"['deidvx', 'viii', 'akakkajaja']"
puto covid marico de pana qu√© arrechera,"['puto', 'covid', 'marico', 'pana', 'arrechera']"
"recordando la √©poca d√≥nde ten√≠a flequillo, tiempos felices  https://t.co/rh41jDiVbM","['recordando', '√©poca', 'd√≥nde', 'flequillo', 'tiempos', 'felices']"
@manuel_sosaa siloe,"['manuel', 'sosaa', 'siloe']"
@Valeriap0516 acabo de encontrar esto¬™¬™  https://t.co/hzl4knhnnv,"['valeriap', 'acabo', 'encontrar', 'esto¬™¬™']"
@whosssandy meta,"['whosssandy', 'meta']"
s√≠ soy y no me oculto,['oculto']
sikiero,['sikiero']
@Petroxico LATAZOS AAA,"['petroxico', 'latazos', 'aaa']"
me puse a escuchar yhlqmdlg  me declaro en ‚ú®depresi√≥n‚ú®,"['puse', 'escuchar', 'yhlqmdlg', 'declaro', '‚ú®depresi√≥n‚ú®']"
"@whosssandy marico el jevo es que si perfecto pues, a veces quisiera ser ni√±o para poderle dar unos besos","['whosssandy', 'marico', 'jevo', 'si', 'perfecto', 'pues', 'veces', 'quisiera', 'ser', 'ni√±o', 'poderle', 'dar', 'besos']"
@georgndrw ajo,"['georgndrw', 'ajo']"
me declaro s√∫per simp de isa√≠as landaeta,"['declaro', 's√∫per', 'simp', 'isa√≠as', 'landaeta']"
@deidvx no s√© si pueda perdonarte un error de esa magnitud üò§,"['deidvx', 's√©', 'si', 'pueda', 'perdonarte', 'error', 'magnitud']"
@georgndrw viste,"['georgndrw', 'viste']"
@calderonsin las cosas como son,"['calderonsin', 'cosas']"
@georgndrw SIDA,"['georgndrw', 'sida']"
@deidvx david no sabe escribir mi nombre ok,"['deidvx', 'david', 'sabe', 'escribir', 'nombre', 'ok']"
@rebzescalona hater de ellos,"['rebzescalona', 'hater']"
@gaboplanas @Petroxico sabe divino gabriel que te pasa,"['gaboplanas', 'petroxico', 'sabe', 'divino', 'gabriel', 'pasa']"
"yo digo ""latazos"", soy una vieja prematura?","['digo', 'latazos', 'vieja', 'prematura']"
literal,['literal']
sendo latazo,"['sendo', 'latazo']"
@whosssandy kesoo,"['whosssandy', 'kesoo']"
@danielacenteno_ asie,"['danielacenteno', 'asie']"
sida,['sida']
jerry di da queso,"['jerry', 'di', 'da', 'queso']"
sigo molestik pues  https://t.co/VdPsKUxJbY,"['sigo', 'molestik', 'pues']"
asi ando,"['asi', 'ando']"
@georgndrw  https://t.co/ctZEYAU6Fs,['georgndrw']
@marianaggz carajitos nunca oy√≥,"['marianaggz', 'carajitos', 'nunca', 'oy√≥']"
@mvictoriaveg MARIAAVICTORIAAAAA  AJSJJSJAJAKAKSKtodavia no lo superp,"['mvictoriaveg', 'mariaavictoriaaaaa', 'ajsjjsjajakaksktodavia', 'superp']"
QU√â BUEN TWEET DIOS MIOOO NOOOOOOOO,"['buen', 'tweet', 'dios', 'miooo', 'noooooooo']"
mis d√≠as se han convertido en moods de canciones de taylor swift  las amo,"['d√≠as', 'convertido', 'moods', 'canciones', 'taylor', 'swift', 'amo']"
ya dejen de preguntarme por qu√© mi user de ig es isabellaaloha,"['dejen', 'preguntarme', 'user', 'ig', 'isabellaaloha']"
ma√±ana quiero tomarme fotos lindas,"['ma√±ana', 'quiero', 'tomarme', 'fotos', 'lindas']"
@Daniel_Branco99 pero quien,"['daniel', 'branco']"
qu√© placer escuchar m√∫sica,"['placer', 'escuchar', 'm√∫sica']"
@Pierocasablanca con esto lo comprob√© ajjajajaj,"['pierocasablanca', 'comprob√©', 'ajjajajaj']"
it's one in a million,"['it', 'one', 'in', 'million']"
quiero recordar viejos tiempos y el s√°bado pasado,"['quiero', 'recordar', 'viejos', 'tiempos', 's√°bado', 'pasado']"
@enriquemarch sameüò≠,"['enriquemarch', 'sameüò≠']"
@Pierocasablanca eres el mejor,"['pierocasablanca', 'mejor']"
volv√≠ a tener spotify y de pana mi d√≠a mejor√≥ 100,"['volv√≠', 'tener', 'spotify', 'pana', 'd√≠a', 'mejor√≥']"
en las alturas y medio choreta  https://t.co/JoOX8pTERu,"['alturas', 'medio', 'choreta']"
@danielacenteno_ escenik,"['danielacenteno', 'escenik']"
estoy leyendo lis√≠strata y creo que es lo m√°s extra√±o que he le√≠do,"['leyendo', 'lis√≠strata', 'creo', 'extra√±o', 'le√≠do']"
150 p√°ginas para el martes? este profesor me quiere matarüò≠,"['p√°ginas', 'martes', 'profesor', 'quiere', 'matarüò≠']"
s√°bado aburrido,"['s√°bado', 'aburrido']"
"@LeopoldoQC ya volv√≠ a tenerlo, pero graciasü§©","['leopoldoqc', 'volv√≠', 'tenerlo', 'graciasü§©']"
help,['help']
@El_gonzzalez ayua,"['gonzzalez', 'ayua']"
yo hace dos d√≠as: borrar√© spotify qu√© buena idea  yo hoy: *llorando pq no puedo meterme en mi cuenta m√°s*,"['hace', 'dos', 'd√≠as', 'borrar√©', 'spotify', 'buena', 'idea', 'hoy', 'llorando', 'pq', 'puedo', 'meterme', 'cuenta']"
@AskRockStars holaaa ay√∫denme a recuperar mi cuenta ‚òπÔ∏è,"['askrockstars', 'holaaa', 'ay√∫denme', 'recuperar', 'cuenta', '‚òπÔ∏è']"
"hola d√≠ganme d√≥nde puedo volver a descargar spotify, lo elimin√© y ahora te pote√≥","['hola', 'd√≠ganme', 'd√≥nde', 'puedo', 'volver', 'descargar', 'spotify', 'elimin√©', 'ahora', 'pote√≥']"
@StressV1 @cryacklesgray @Daniela18722462 rtt,"['stressv', 'cryacklesgray', 'daniela', 'rtt']"
extra√±o demasiado rumbear,"['extra√±o', 'demasiado', 'rumbear']"
@PenelopeAlmeida cualesssüëÄ,"['penelopealmeida', 'cualesssüëÄ']"
sabe tan mal que pens√© que estaba vencido,"['sabe', 'tan', 'mal', 'pens√©', 'vencido']"
estoy comi√©ndome un yogurt natural y ya me siento sascha fitness,"['comi√©ndome', 'yogurt', 'natural', 'siento', 'sascha', 'fitness']"
"denme tips para tener ideas y aumentar mi creatividad, estoy tratando de salir del coso ese de impostor","['denme', 'tips', 'tener', 'ideas', 'aumentar', 'creatividad', 'tratando', 'salir', 'coso', 'impostor']"
@Villxlobxs es Valeria ajjajajakakak,"['villxlobxs', 'valeria', 'ajjajajakakak']"
"estoy en esta clase desde las nueve, toy muerta","['clase', 'nueve', 'toy', 'muerta']"
@LeopoldoQC lo es jshsfjs,"['leopoldoqc', 'jshsfjs']"
"s√≠, coooo√±oo",['coooo√±oo']
"elimin√© spotify pq me ocupa mucha memoria, soy una persona nueva  seguiremos informando","['elimin√©', 'spotify', 'pq', 'ocupa', 'mucha', 'memoria', 'persona', 'nueva', 'seguiremos', 'informando']"
ok se me fue el internet y estoy entrando en crisis,"['ok', 'internet', 'entrando', 'crisis']"
me pregunto lo mismo alo,"['pregunto', 'mismo', 'alo']"
molestik porque mi mam√° no me deja meter los zapatos en la lavadora,"['molestik', 'mam√°', 'deja', 'meter', 'zapatos', 'lavadora']"
@mandanep_ mi mam√° anda antojada igualita alo jajajajsjsj,"['mandanep', 'mam√°', 'anda', 'antojada', 'igualita', 'alo', 'jajajajsjsj']"
@valen2c las chica de verdad les gusta el pollo frito,"['valen', 'chica', 'verdad', 'gusta', 'pollo', 'frito']"
yo no s√© qu√© les pasa por la cabeza a los profesores que dan clases por Whatsapp,"['s√©', 'pasa', 'cabeza', 'profesores', 'dan', 'clases', 'whatsapp']"
@karenrequena por finnn,"['karenrequena', 'finnn']"
@SayMichar si pasa,"['saymichar', 'si', 'pasa']"
profe d√©jeme pararme para comer q toy muri√©ndome de hambre,"['profe', 'd√©jeme', 'pararme', 'comer', 'toy', 'muri√©ndome', 'hambre']"
jason es un onvre,"['jason', 'onvre']"
@luisanay20 qu√© es lo peor que puede pasar?,"['luisanay', 'peor', 'puede', 'pasar']"
atr√©vanse y monten ese tweet o manden el mensaje  de pana que no se van a arrepentir,"['atr√©vanse', 'monten', 'tweet', 'manden', 'mensaje', 'pana', 'van', 'arrepentir']"
declaro que hoy va a ser un d√≠a arrech√≠simo,"['declaro', 'hoy', 'va', 'ser', 'd√≠a', 'arrech√≠simo']"
soy el tipo de cm que quiere dar risa  al menos lo intentoüëÄ,"['tipo', 'cm', 'quiere', 'dar', 'risa', 'menos', 'intentoüëÄ']"
@thundermerch mi amor y kri√±o,"['thundermerch', 'amor', 'kri√±o']"
hoy cumple a√±os el proyecto donde trabajo y estoy demasiado feliz de poder formar parte de este equipo ü•∫ gracias por creer en mi y darme esta oportunidad ‚ô•Ô∏è  @thundermerch los quiero ‚ô•Ô∏è,"['hoy', 'cumple', 'a√±os', 'proyecto', 'trabajo', 'demasiado', 'feliz', 'poder', 'formar', 'parte', 'equipo', 'gracias', 'creer', 'darme', 'oportunidad', '‚ô•Ô∏è', 'thundermerch', 'quiero', '‚ô•Ô∏è']"
me alegr√≥ la noche akjsjsjaja,"['alegr√≥', 'noche', 'akjsjsjaja']"
@magalystika pero dime cu√°ndo,"['magalystika', 'dime', 'cu√°ndo']"
yo cuando mi compa√±ero de un trabajo en grupo no hace nada,"['compa√±ero', 'trabajo', 'grupo', 'hace']"
@EnPijamasPod  https://t.co/WjOUVwbUxY,['enpijamaspod']
c√≥mo hacer todas cosas que me faltan terminar y no morir en el intento  buscar,"['c√≥mo', 'hacer', 'todas', 'cosas', 'faltan', 'terminar', 'morir', 'intento', 'buscar']"
‚ô•Ô∏è  https://t.co/lKVhenc26A,['‚ô•Ô∏è']
@mellamoayrton q hicistee,"['mellamoayrton', 'hicistee']"
hola tuiter,"['hola', 'tuiter']"
soy un fantasma  https://t.co/Whk09c3Dgu,['fantasma']
yuju  https://t.co/jDjKRmqRCE,['yuju']
@danielacenteno_ de lo mejor,"['danielacenteno', 'mejor']"
estoy borracha y el humboldt sos,"['borracha', 'humboldt', 'sos']"
"no pregunten, solo vacilen estas caras  https://t.co/3pNVfHbuYR","['pregunten', 'solo', 'vacilen', 'caras']"
"el d√≠a est√° demasiado bello como para que yo est√© amargada por una persona, ayuda","['d√≠a', 'demasiado', 'bello', 'amargada', 'persona', 'ayuda']"
"si no voy a la playa, lloro","['si', 'voy', 'playa', 'lloro']"
"Si ves esto, debes retuitear con una selfie d√≥nde no sonr√≠as. O te cae la maldici√≥n  https://t.co/I0x0nlPEJQ","['si', 'ves', 'debes', 'retuitear', 'selfie', 'd√≥nde', 'sonr√≠as', 'cae', 'maldici√≥n']"
lloro porque no estoy en el humboldt rumbeando en estos momentos,"['lloro', 'humboldt', 'rumbeando', 'momentos']"
@Reylacruz_ te voy a meter un co√±azo,"['reylacruz', 'voy', 'meter', 'co√±azo']"
@fiorellaagb0 jajajajajajaja ven ya a ccsü•∫,"['fiorellaagb', 'jajajajajajaja', 'ven', 'ccsü•∫']"
@valen2c  https://t.co/G0dohfPZq7,['valen']
"hola me acaban de cancelar, qui√©n me puede llevar a altamira a la 1?ü•∫","['hola', 'acaban', 'cancelar', 'qui√©n', 'puede', 'llevar', 'altamira']"
@andreaansr si es buena?,"['andreaansr', 'si', 'buena']"
sentimientos encontrados escuchando flamingo,"['sentimientos', 'encontrados', 'escuchando', 'flamingo']"
"mierda, quiero demasiado","['mierda', 'quiero', 'demasiado']"
abc te amo y abc te odio  https://t.co/10QgnUMUGl,"['abc', 'amo', 'abc', 'odio']"
cambiamos de mood a green day,"['cambiamos', 'mood', 'green', 'day']"
estoy a nada de decidirme tatuar algo de coldplay,"['decidirme', 'tatuar', 'coldplay']"
"me acabo de encontrar con esto, ya no hay vuelta atr√°s  https://t.co/TCsL17yjHO","['acabo', 'encontrar', 'vuelta', 'atr√°s']"
"un tiro duele menos que escuchar ""the reason"" de hoobastank","['tiro', 'duele', 'menos', 'escuchar', 'the', 'reason', 'hoobastank']"
@PintandoToninas masiao feoo,"['pintandotoninas', 'masiao', 'feoo']"
estoy llorando,['llorando']
"creo que no existe nada mejor en el mundo que despu√©s de que le echaste tantas bolas, recibas unas felicitaciones","['creo', 'existe', 'mejor', 'mundo', 'despu√©s', 'echaste', 'tantas', 'bolas', 'recibas', 'unas', 'felicitaciones']"
@JoseRGuzman toy: emocionada,"['joserguzman', 'toy', 'emocionada']"
la respuesta es: arri√©sgate,"['respuesta', 'arri√©sgate']"
@castellanosan la respuesta es: arri√©sgate,"['castellanosan', 'respuesta', 'arri√©sgate']"
"@Cripisitoo murder house, la mejor temporada","['cripisitoo', 'murder', 'house', 'mejor', 'temporada']"
SISOI,['sisoi']
@Villxlobxs  https://t.co/RFlgPd2RUI,['villxlobxs']
@janiceportes üò§üò§,"['janiceportes', 'üò§üò§']"
@CameliaAlegria marico qu√© arrechera me da esa vaina,"['cameliaalegria', 'marico', 'arrechera', 'da', 'vaina']"
lo malo de tener como pareja a un libra es que son m√°s indecisos que el carajO,"['malo', 'tener', 'pareja', 'libra', 'indecisos', 'carajo']"
cuando me preguntan cu√°ntos a√±os tengo se me olvida que son 20 y no 19,"['preguntan', 'cu√°ntos', 'a√±os', 'olvida']"
necesito saber qu√© m√°s ha pasado con el caso de alejandro sojo,"['necesito', 'saber', 'pasado', 'caso', 'alejandro', 'sojo']"
@evhaack lo necesito jajsjsjaj,"['evhaack', 'necesito', 'jajsjsjaj']"
"@enriquemarch @muffliatopls enrique te escrib√≠ por wha y me dejaste en gris, estoy: llorando","['enriquemarch', 'muffliatopls', 'enrique', 'escrib√≠', 'wha', 'dejaste', 'gris', 'llorando']"
ya no quiero ser adulto,"['quiero', 'ser', 'adulto']"
@Leoaristigueta ser adulto es curioso jajajajsj,"['leoaristigueta', 'ser', 'adulto', 'curioso', 'jajajajsj']"
"c√≥mo que vas ctm?  VAMOS, VA-MOS","['c√≥mo', 'vas', 'ctm', 'vamos', 'va', 'mos']"
@SabrinaGomesSt me da miedo ü•∫,"['sabrinagomesst', 'da', 'miedo']"
"me encanta jerry di, ya lo dije","['encanta', 'jerry', 'di', 'dije']"
NO TE AUTOSABOTEES,['autosabotees']
que no sepa decir parangaricutirimicuaro,"['sepa', 'decir', 'parangaricutirimicuaro']"
@vguglielmelli_ creo que es buenoo y da suerte,"['vguglielmelli', 'creo', 'buenoo', 'da', 'suerte']"
@vguglielmelli_ MARICA RT NO ENTIENDO,"['vguglielmelli', 'marica', 'rt', 'entiendo']"
@enrremolinos hasta te forman peos por tweets que pones,"['enrremolinos', 'forman', 'peos', 'tweets', 'pones']"
"realmente quisiera saber qui√©nes pusieron ""s√≠ a mi"" y por qu√©  hablemos","['realmente', 'quisiera', 'saber', 'qui√©nes', 'pusieron', 'hablemos']"
"""s√≠ a mi"" escr√≠beme que hoy estoy open mind","['escr√≠beme', 'hoy', 'open', 'mind']"
"estoy incre√≠blemente ladillada y con mil vainas que hacer  le estoy huyendo a mis responsabilidades, lo siento","['incre√≠blemente', 'ladillada', 'mil', 'vainas', 'hacer', 'huyendo', 'responsabilidades', 'siento']"
alguna vez hice algo que te hizo sentir mal?,"['alguna', 'vez', 'hice', 'hizo', 'sentir', 'mal']"
@danielacenteno_ acepto,"['danielacenteno', 'acepto']"
@valen2c yisuskraist qui√©n hace esl,"['valen', 'yisuskraist', 'qui√©n', 'hace', 'esl']"
@danielacenteno_ dime fecha lugar y vestimenta,"['danielacenteno', 'dime', 'fecha', 'lugar', 'vestimenta']"
@valen2c no hay ni uno akajjaj,"['valen', 'akajjaj']"
@danielacenteno_ todos queremos ir ahora al cumplea√±os de un tal victor,"['danielacenteno', 'queremos', 'ir', 'ahora', 'cumplea√±os', 'tal', 'victor']"
@danielacenteno_ aproveche,"['danielacenteno', 'aproveche']"
siento la necesidad de salir con gente que conozco y caerme a curda hasta partirme la cara,"['siento', 'necesidad', 'salir', 'gente', 'conozco', 'caerme', 'curda', 'partirme', 'cara']"
lo mejor del mundo,"['mejor', 'mundo']"
@danielacenteno_  https://t.co/f4m3TL0Cnm,['danielacenteno']
en serio,['serio']
c√≥mo me memorizo algo? ya no me acuerdo c√≥mo se hac√≠a eso,"['c√≥mo', 'memorizo', 'acuerdo', 'c√≥mo', 'hac√≠a']"
@janiceportes me est√°s cayendo a labia mamaguev,"['janiceportes', 'cayendo', 'labia', 'mamaguev']"
@janiceportes lksto,"['janiceportes', 'lksto']"
esto,[]
@janiceportes me caiste a golpes,"['janiceportes', 'caiste', 'golpes']"
nojoda este fin me voy a la playa as√≠ sea en el techo de una camionetica,"['nojoda', 'fin', 'voy', 'playa', 'as√≠', 'techo', 'camionetica']"
ay cu√°l ser√© yo,"['ay', 'cu√°l']"
@janiceportes c√≥mo as√≠ pasa dato,"['janiceportes', 'c√≥mo', 'as√≠', 'pasa', 'dato']"
mantra,['mantra']
volv√≠ a caer en esta droga llamada: soda stereo,"['volv√≠', 'caer', 'droga', 'llamada', 'soda', 'stereo']"
@janiceportes @JenniferAniistn mori,"['janiceportes', 'jenniferaniistn', 'mori']"
@fiorellaagb0 mira lo q encontr√©  https://t.co/p1rrUvs8th,"['fiorellaagb', 'mira', 'encontr√©']"
"hagan lo que les d√© la gana, la gente siempre va a criticar","['hagan', 'd√©', 'gana', 'gente', 'siempre', 'va', 'criticar']"
cristian onorato lo est√° logrando demasiado,"['cristian', 'onorato', 'logrando', 'demasiado']"
@janiceportes CO√ëOO QUE JSJSJSJjjs quiee,"['janiceportes', 'co√±oo', 'jsjsjsjjjs', 'quiee']"
@nancyyymc ES HOY ES HOY ES HOY,"['nancyyymc', 'hoy', 'hoy', 'hoy']"
amo esta vaina  https://t.co/mPWg6yYhMU,"['amo', 'vaina']"
ah es que son las 2 am,"['ah', 'am']"
@luisanay20 por estar sonando cancioncitas de amor?,"['luisanay', 'sonando', 'cancioncitas', 'amor']"
@janiceportes naguara s√≠ a todo,"['janiceportes', 'naguara']"
"@janiceportes tengo un amigo tatuador, t√≥malo o d√©jaloü§î","['janiceportes', 'amigo', 'tatuador', 't√≥malo', 'd√©jaloü§î']"
hice un mon√≥logo e hice llorar a alguien  simplemente de comediante a ‚ú®poeta‚ú®,"['hice', 'mon√≥logo', 'hice', 'llorar', 'alguien', 'simplemente', 'comediante', '‚ú®poeta‚ú®']"
la bater√≠a y el piano :p,"['bater√≠a', 'piano']"
esta canci√≥n tiene un valor sentimental demasiado arrecho para mi  https://t.co/U8YX1D418O,"['canci√≥n', 'valor', 'sentimental', 'demasiado', 'arrecho']"
sabemos que ca√≠mos en hueco cuando nos ponemos a escuchar coldplay,"['sabemos', 'ca√≠mos', 'hueco', 'ponemos', 'escuchar', 'coldplay']"
te extra√±o much√≠simo,"['extra√±o', 'much√≠simo']"
@ruizluisalejan1 oh la laaaaaaaaaaa,"['ruizluisalejan', 'oh', 'laaaaaaaaaaa']"
el √∫ltimo atardecer que vimos juntas mi mejor amiga y yo 13/09/18  https://t.co/D9LT7l3q4o,"['√∫ltimo', 'atardecer', 'vimos', 'juntas', 'mejor', 'amiga']"
estoy escribiendo un mon√≥log............................ ser√° que vuelvo a hacer stand up?  ...............jej,"['escribiendo', 'mon√≥log', 'vuelvo', 'hacer', 'stand', 'up', 'jej']"
@LeopoldoQC @SpgFreddy sisoi,"['leopoldoqc', 'spgfreddy', 'sisoi']"
de q temas te gusta hablar?,"['temas', 'gusta', 'hablar']"
 https://t.co/Wb9yyWg3zi,[]
acabo de hacer esto con la caja de los flips  me siento ‚ú®grande‚ú®  https://t.co/17R2cpLFvh,"['acabo', 'hacer', 'caja', 'flips', 'siento', '‚ú®grande‚ú®']"
@IThinkIsBuda EN CIERTO PUNTO LA RELACI√ìN SE DESV√çO DEL PUNTO MILES DE ASUNTOS RESTANDO IMPORTANCIA A ESTAR DESPUES DEL MES TERCERO Y EL SEXO PLACENTERO,"['ithinkisbuda', 'cierto', 'punto', 'relaci√≥n', 'desv√≠o', 'punto', 'miles', 'asuntos', 'restando', 'importancia', 'despues', 'mes', 'tercero', 'sexo', 'placentero']"
wenas  https://t.co/zty0nVMJCJ,['wenas']
@RAEinforma chupi,"['raeinforma', 'chupi']"
@aphrodite_nani @georgndrw ME ACABO DE DAR CUENTAA AAA,"['aphrodite', 'nani', 'georgndrw', 'acabo', 'dar', 'cuentaa', 'aaa']"
ok me acaban de robar mi trago,"['ok', 'acaban', 'robar', 'trago']"
a embriagarse yujuuu!  https://t.co/SjOE7rILUC,"['embriagarse', 'yujuuu']"
LA AMO,['amo']
@georgndrw MARICOO QJE JAJAJAJAJAJAJ,"['georgndrw', 'maricoo', 'qje', 'jajajajajajaj']"
yo pidiendo favores me siento mala,"['pidiendo', 'favores', 'siento', 'mala']"
saquen ya la nueva temporada de mindhunter por favor,"['saquen', 'nueva', 'temporada', 'mindhunter', 'favor']"
@rufian le puedes escupir en la cara sin peo,"['rufian', 'puedes', 'escupir', 'cara', 'peo']"
@ruizluisalejan1 un sue√±o,"['ruizluisalejan', 'sue√±o']"
@marianaggz MARICA PERO SI ERAN UNOS TOXICOS DE MIERDA,"['marianaggz', 'marica', 'si', 'toxicos', 'mierda']"
"el mejor regalo del mundo ser√≠a el disco de ""la fiesta del rey drama"" en f√≠sico","['mejor', 'regalo', 'mundo', 'disco', 'fiesta', 'rey', 'drama', 'f√≠sico']"
BUENOS D√çAS AMANECIMOS MEDITANDO,"['buenos', 'd√≠as', 'amanecimos', 'meditando']"
@SabrinaGomesSt ya lo sacamoooss,"['sabrinagomesst', 'sacamoooss']"
@PintandoToninas divinooos,"['pintandotoninas', 'divinooos']"
a qu√© edad es que uno se tiene q comenzar a tomar las pastillas de vitamina c y eso,"['edad', 'comenzar', 'tomar', 'pastillas', 'vitamina']"
@wandapmarin voy,"['wandapmarin', 'voy']"
yo viendo la vaina  https://t.co/bPSVle1pHt,"['viendo', 'vaina']"
@rebzescalona mira ve  https://t.co/aEi2UhM4hZ,"['rebzescalona', 'mira', 've']"
eso es plagio mamaguevo,"['plagio', 'mamaguevo']"
@Adriana_Camacho lo est√°s logrando,"['adriana', 'camacho', 'logrando']"
@SimonOrta d√≥nde la puedo veeer,"['simonorta', 'd√≥nde', 'puedo', 'veeer']"
@magalystika @SayMichar todo tuyo mami,"['magalystika', 'saymichar', 'mami']"
"@valentsimonelli odio esooo, pero es que son tan bellos que me dan arrechera  es como que si lloraras de dolor, pero con estilo jajskskajsj","['valentsimonelli', 'odio', 'esooo', 'tan', 'bellos', 'dan', 'arrechera', 'si', 'lloraras', 'dolor', 'estilo', 'jajskskajsj']"
c√≥mo hago para invertir en crypto monedas que no sean petros por favor gracias es en serio,"['c√≥mo', 'hago', 'invertir', 'crypto', 'monedas', 'petros', 'favor', 'gracias', 'serio']"
@georgndrw jajajajajajaja obvio no es esoooo,"['georgndrw', 'jajajajajajaja', 'obvio', 'esoooo']"
@georgndrw serio??,"['georgndrw', 'serio']"
hola alguien me puede prestar su zelle? lit estoy q muero,"['hola', 'alguien', 'puede', 'prestar', 'zelle', 'lit', 'muero']"
@Villxlobxs literalmente estoy asi,"['villxlobxs', 'literalmente', 'asi']"
@graibcy enviadoo,"['graibcy', 'enviadoo']"
@graibcy no puedo enviarte dmm!üò≠,"['graibcy', 'puedo', 'enviarte', 'dmm']"
@Androzio6 holaa! no puedo mandarte dm!,"['androzio', 'holaa', 'puedo', 'mandarte', 'dm']"
@graibcy heyy est√°s buscando?,"['graibcy', 'heyy', 'buscando']"
siento que amo a mi profesora de esc√©nica,"['siento', 'amo', 'profesora', 'esc√©nica']"
estoy agradecida,['agradecida']
"desde hace dos d√≠as estoy viendo una serie que me parece un mierda, pero la trama est√° interesante","['hace', 'dos', 'd√≠as', 'viendo', 'serie', 'parece', 'mierda', 'trama', 'interesante']"
negrito pa que no se le note que no lo ba√±o,"['negrito', 'pa', 'note', 'ba√±o']"
quiero un perrito que sea callejera negrito con la cola larga,"['quiero', 'perrito', 'callejera', 'negrito', 'cola', 'larga']"
misi√≥n de esta semana: terminar de hacer todas las mierdas que me faltan y encontrar un regalo del d√≠a de la madre  ayuda,"['misi√≥n', 'semana', 'terminar', 'hacer', 'todas', 'mierdas', 'faltan', 'encontrar', 'regalo', 'd√≠a', 'madre', 'ayuda']"
@luisanay20 siento que lo necesito,"['luisanay', 'siento', 'necesito']"
"a veces quiero un perro, pero despu√©s recuerdo que hay que cuidarlo y comprarle cosas y me arrepiento","['veces', 'quiero', 'perro', 'despu√©s', 'recuerdo', 'cuidarlo', 'comprarle', 'cosas', 'arrepiento']"
@YldemarisMatos kejesooooo noo,"['yldemarismatos', 'kejesooooo', 'noo']"
@_davidmgs bas boni es vas boni,"['davidmgs', 'bas', 'boni', 'vas', 'boni']"
@PintandoToninas no tengo ni kdeaa,"['pintandotoninas', 'kdeaa']"
una vez me dorm√≠ en una discoteca  imag√≠nense la pea,"['vez', 'dorm√≠', 'discoteca', 'imag√≠nense', 'pea']"
ah verdad que todav√≠a me quedan las concentraciones,"['ah', 'verdad', 'todav√≠a', 'quedan', 'concentraciones']"
quiero volver a ver audiovisuales,"['quiero', 'volver', 'ver', 'audiovisuales']"
@PintandoToninas quiero,"['pintandotoninas', 'quiero']"
sub√≠ esta foto a mis historias de ig y la gente crey√≥ que me quer√≠a matar  y yo subi√©ndolo pq me dio risa  https://t.co/5IgksTQxNf,"['sub√≠', 'foto', 'historias', 'ig', 'gente', 'crey√≥', 'quer√≠a', 'matar', 'subi√©ndolo', 'pq', 'dio', 'risa']"
@DnnGrsle  https://t.co/WJuyqnVwMr aqu√≠ est√° el soundtrack!,"['dnngrsle', 'aqu√≠', 'soundtrack']"
no me voy a cansar de decir que este soundtrack es el mejor  https://t.co/N3NmYNjGr6,"['voy', 'cansar', 'decir', 'soundtrack', 'mejor']"
qu√© buen video,"['buen', 'video']"
yo encontrando trabajo por twitter,"['encontrando', 'trabajo', 'twitter']"
@dmoron99 sii aaa,"['dmoron', 'sii', 'aaa']"
@valvallecp SIII,"['valvallecp', 'siii']"
QUIERO DORMIR!,"['quiero', 'dormir']"
profe yaüò≠,"['profe', 'yaüò≠']"
@jeanethmarquez2 necesito darle rt,"['jeanethmarquez', 'necesito', 'darle', 'rt']"
este semestre tiene puras materias aburridas,"['semestre', 'puras', 'materias', 'aburridas']"
nos vamos a dormir viendo superbad pq s√≠,"['vamos', 'dormir', 'viendo', 'superbad', 'pq']"
con todas las vainas que tengo que hacer no me da tiempo ni pa llorar,"['todas', 'vainas', 'hacer', 'da', 'tiempo', 'pa', 'llorar']"
nunca me cansar√© de ver este video,"['nunca', 'cansar√©', 'ver', 'video']"
@luikevl mclovin bello,"['luikevl', 'mclovin', 'bello']"
el quesillo sol no existe  el quesillo sol en cuesti√≥n,"['quesillo', 'sol', 'existe', 'quesillo', 'sol', 'cuesti√≥n']"
@ByMagabrielaa üëª,['bymagabrielaa']
@fiorellaagb0 le metemos con to,"['fiorellaagb', 'metemos', 'to']"
@SabrinaGomesSt lo sospech√© desde un principio,"['sabrinagomesst', 'sospech√©', 'principio']"
yhlqmdlg es un conjuntos de himnos,"['yhlqmdlg', 'conjuntos', 'himnos']"
me sent√≠ identificada,"['sent√≠', 'identificada']"
me estoy teletransportando,['teletransportando']
tweet apregueculi: te amo te amo te amo te amo te amo  https://t.co/xMZJ7r3QGc,"['tweet', 'apregueculi', 'amo', 'amo', 'amo', 'amo', 'amo']"
pior,['pior']
estas son las cosas que compran los adultos?   no me digan que hay cosas pioresss,"['cosas', 'compran', 'adultos', 'digan', 'cosas', 'pioresss']"
steven seagal lleg√≥ para trakalear al coqui,"['steven', 'seagal', 'lleg√≥', 'trakalear', 'coqui']"
mi gusto rockero viene de cuando me gustaba casi √°ngeles,"['gusto', 'rockero', 'viene', 'gustaba', 'casi', '√°ngeles']"
VENCER O CONVENCEEEEERR,"['vencer', 'convenceeeeerr']"
estoy demasiado agradecida con ese tweet que hice hace tres meses,"['demasiado', 'agradecida', 'tweet', 'hice', 'hace', 'tres', 'meses']"
yo zamp√°ndome una empanada de carne molida despu√©s de procrastinar,"['zamp√°ndome', 'empanada', 'carne', 'molida', 'despu√©s', 'procrastinar']"
@vaneaag @bocataspzo AAA GRACIAS,"['vaneaag', 'bocataspzo', 'aaa', 'gracias']"
yo no sab√≠a que rels b era tan lindo,"['sab√≠a', 'rels', 'tan', 'lindo']"
cu√°l es la cuenta de pzo que vende ramos de empanadas??,"['cu√°l', 'cuenta', 'pzo', 'vende', 'ramos', 'empanadas']"
quiero unos girasoles,"['quiero', 'girasoles']"
@PenelopeAlmeida literalmente yo,"['penelopealmeida', 'literalmente']"
:/  https://t.co/Regd9PiZ3g,[]
"justin bieber, sin duda","['justin', 'bieber', 'duda']"
alguien que me hable de mi signo  es acuario,"['alguien', 'hable', 'signo', 'acuario']"
no c  https://t.co/8rCoUshEgX,[]
ahora quiero comprar dogecoins,"['ahora', 'quiero', 'comprar', 'dogecoins']"
no pq ai covi,"['pq', 'ai', 'covi']"
@gaabccs @georgndrw me pasoo,"['gaabccs', 'georgndrw', 'pasoo']"
por qu√© en ccs no venden ramos de empanadas?,"['ccs', 'venden', 'ramos', 'empanadas']"
mayo est√° pasando en c√°mara lenta,"['mayo', 'pasando', 'c√°mara', 'lenta']"
 https://t.co/ahdA3C3G3H,[]
"hoy va a ser un d√≠a incre√≠ble, lo declaro","['hoy', 'va', 'ser', 'd√≠a', 'incre√≠ble', 'declaro']"
@Leoaristigueta sentimiento nacional jajajaj,"['leoaristigueta', 'sentimiento', 'nacional', 'jajajaj']"
"@Leoaristigueta jajajajjajajajaja son brothers, que talco","['leoaristigueta', 'jajajajjajajajaja', 'brothers', 'talco']"
menos de 10 minutos y ya me dijeron 72728281 veces q son hermanos,"['menos', 'minutos', 'dijeron', 'veces', 'hermanos']"
@nancyyymc ¬™,['nancyyymc']
qu√© ladilla andar jalando bolas bro,"['ladilla', 'andar', 'jalando', 'bolas', 'bro']"
@Daniel_Branco99 ay ya pues,"['daniel', 'branco', 'ay', 'pues']"
@PatriciaCapuzzi qued√© fue loka,"['patriciacapuzzi', 'qued√©', 'loka']"
@mauroamarinelli AAAAA QUEEE,"['mauroamarinelli', 'aaaaa', 'queee']"
ella es id√©ntica al carajito de modern family,"['id√©ntica', 'carajito', 'modern', 'family']"
hoy s√≠,['hoy']
por qu√© no hay nadie hablando de esto?,"['nadie', 'hablando']"
@marianasucre2 @dmoron99 ü•∫‚ô•Ô∏è,"['marianasucre', 'dmoron', 'ü•∫‚ô•Ô∏è']"
@anana_af procesos ed,"['anana', 'af', 'procesos', 'ed']"
clases los s√°bados? claro que yes,"['clases', 's√°bados', 'claro', 'yes']"
me siento adulta,"['siento', 'adulta']"
@dmoron99 se te van a dar las cosas como t√∫ quieres,"['dmoron', 'van', 'dar', 'cosas', 'quieres']"
llorooo nooo jsjajsjsjdhgsdghhsa,"['llorooo', 'nooo', 'jsjajsjsjdhgsdghhsa']"
que,[]
me encantan las clases que usan ejemplos de breaking bad,"['encantan', 'clases', 'usan', 'ejemplos', 'breaking', 'bad']"
@deidvx qui√©n es tu proff,"['deidvx', 'qui√©n', 'proff']"
comenc√© mi d√≠a escuchando charliepapa,"['comenc√©', 'd√≠a', 'escuchando', 'charliepapa']"
@ruizluisalejan1 se vieneee pues!,"['ruizluisalejan', 'vieneee', 'pues']"
"si no hay prensa libre, no hay democracia","['si', 'prensa', 'libre', 'democracia']"
"quiero publicar una nota que hice sobre el caso de diosdado y el nacional, ser√° que me van a meter presa si lo hago?","['quiero', 'publicar', 'nota', 'hice', 'caso', 'diosdado', 'nacional', 'van', 'meter', 'presa', 'si', 'hago']"
"h√°blenme de los hombres que te invitan a un lugar y creen que est√°s en la obligaci√≥n de ""devolverle el favor"" d√°ndoles un beso o algo parecido  ellos saben qui√©nes son","['h√°blenme', 'hombres', 'invitan', 'lugar', 'creen', 'obligaci√≥n', 'devolverle', 'favor', 'd√°ndoles', 'beso', 'parecido', 'saben', 'qui√©nes']"
@RolandoEnSerio eso lleva a√±os,"['rolandoenserio', 'lleva', 'a√±os']"
@valvallecp ESTIY IGUAL AYUDAA,"['valvallecp', 'estiy', 'igual', 'ayudaa']"
"√∫nanse a la causa, no la critiquen","['√∫nanse', 'causa', 'critiquen']"
Instagram: _ https://t.co/SNR1EW2i5E  Twitter: _ https://t.co/qj2rNgY4aN  *Consejeros Universitarios*,"['instagram', 'twitter', 'consejeros', 'universitarios']"
hacerlo a la Comisi√≥n Disciplinaria. Tambi√©n puedes contactarnos en caso de necesitar asesor√≠a.  *La UCAB declara cero tolerancia a cualquier acto que vulnere los derechos y la integridad de los miembros de su comunidad.*  Protocolo: _ https://t.co/Y1b9vYECaw,"['hacerlo', 'comisi√≥n', 'disciplinaria', 'puedes', 'contactarnos', 'caso', 'necesitar', 'asesor√≠a', 'ucab', 'declara', 'cero', 'tolerancia', 'cualquier', 'acto', 'vulnere', 'derechos', 'integridad', 'miembros', 'comunidad', 'protocolo']"
"El mismo tiene por objeto crear las condiciones para prevenir, atender, proteger, sancionar y erradicar todo tipo de violencia y de conductas de acoso entre los miembros de la comunidad universitaria.  Para formular una denuncia sobre un caso de acoso o violencia sexual deber√°s","['mismo', 'objeto', 'crear', 'condiciones', 'prevenir', 'atender', 'proteger', 'sancionar', 'erradicar', 'tipo', 'violencia', 'conductas', 'acoso', 'miembros', 'comunidad', 'universitaria', 'formular', 'denuncia', 'caso', 'acoso', 'violencia', 'sexual', 'deber√°s']"
üî∞ *@UCABISTAS* Tema: *PROTOCOLO PARA LA PREVENCI√ìN Y ATENCI√ìN EN CASOS DE ACOSO Y VIOLENCIA SEXUAL*  Es importante que como Ucabista conozcas la existencia del Protocolo para la Prevenci√≥n y Atenci√≥n en casos de Acoso y Violencia Sexual que tiene nuestra universidad.,"['ucabistas', 'tema', 'protocolo', 'prevenci√≥n', 'atenci√≥n', 'casos', 'acoso', 'violencia', 'sexual', 'importante', 'ucabista', 'conozcas', 'existencia', 'protocolo', 'prevenci√≥n', 'atenci√≥n', 'casos', 'acoso', 'violencia', 'sexual', 'universidad']"
"nuestro deber como ciudadanos y ucabistas es ayudar a todas estas personas, difundan por todas partes  #YoSiTeCreo #NoEstasSola  https://t.co/1ZFUeYi7zF","['deber', 'ciudadanos', 'ucabistas', 'ayudar', 'todas', 'personas', 'difundan', 'todas', 'partes', 'yositecreo', 'noestassola']"
"lo logr√©, es mi momentos de brillar‚ú®  https://t.co/eDXLYDmF6W","['logr√©', 'momentos', 'brillar‚ú®']"
@migurtcitx this,"['migurtcitx', 'this']"
"@_gabyjimenez se deber√≠a hacer m√°s seguido, whosss next?","['gabyjimenez', 'deber√≠a', 'hacer', 'seguido', 'whosss', 'next']"
@chescojav literal ajjajajajaj,"['chescojav', 'literal', 'ajjajajajaj']"
aprovechando pues,"['aprovechando', 'pues']"
importante!,['importante']
oh  https://t.co/kbn7le5UaQ,['oh']
THIS THIS THIIIIIIIISSSS,"['this', 'this', 'thiiiiiiiissss']"
@Pierocasablanca √©l por ejemplo a ninguna red social,"['pierocasablanca', 'ejemplo', 'ninguna', 'red', 'social']"
espero que despu√©s de esto aprendan a tratar mejor a sus parejas/amig@s/personas con las que salen,"['espero', 'despu√©s', 'aprendan', 'tratar', 'mejor', 'parejas', 'amig', 'personas', 'salen']"
@veronicavga es un mood jakajajajaj,"['veronicavga', 'mood', 'jakajajajaj']"
el socialismo del siglo XXI est√° a punto de robarse uno de los peri√≥dicos m√°s importantes del pa√≠s,"['socialismo', 'siglo', 'xxi', 'punto', 'robarse', 'peri√≥dicos', 'importantes', 'pa√≠s']"
"alguien tiene que cerrarle todas las redes sociales a este tipo  no entiendo de las cosas que dice, una es peor que la anterior","['alguien', 'cerrarle', 'todas', 'redes', 'sociales', 'tipo', 'entiendo', 'cosas', 'dice', 'peor', 'anterior']"
cochinos,['cochinos']
@PintandoToninas jajjajajajajkaakü•∫‚ô•Ô∏è,"['pintandotoninas', 'jajjajajajajkaakü•∫‚ô•Ô∏è']"
"@JasyDelRey jasy, te amo","['jasydelrey', 'jasy', 'amo']"
admiro a todas las personas que tuvieron la valent√≠a de poder contar su historia,"['admiro', 'todas', 'personas', 'valent√≠a', 'poder', 'contar', 'historia']"
"@antichrist_h le√≠ por ah√≠ ""la industria del rock nacional es la culpable de todo lo que est√° pasando""   Mengana, la culpa no es del rock, es de la gente inepta que no sabe controlarse","['antichrist', 'le√≠', 'ah√≠', 'industria', 'rock', 'nacional', 'culpable', 'pasando', 'mengana', 'culpa', 'rock', 'gente', 'inepta', 'sabe', 'controlarse']"
@mariangequinte en mi pistaaa,"['mariangequinte', 'pistaaa']"
@PenelopeAlmeida y estamos aqu√≠ esperando tener la valent√≠a de poder contarlo,"['penelopealmeida', 'aqu√≠', 'esperando', 'tener', 'valent√≠a', 'poder', 'contarlo']"
"el problema no es el rock venezolano, SON LOS HOMBRES ABUSADORES  diosmio","['problema', 'rock', 'venezolano', 'hombres', 'abusadores', 'diosmio']"
para mi clase de periodismo propuse que trabaj√°ramos e investig√°ramos las denuncias de abusos y estupro de los √∫ltimos d√≠as  LA PROFE dijo que SIIII i'm proud,"['clase', 'periodismo', 'propuse', 'trabaj√°ramos', 'investig√°ramos', 'denuncias', 'abusos', 'estupro', '√∫ltimos', 'd√≠as', 'profe', 'dijo', 'siiii', 'proud']"
me duele la espalda como si tuviera 8 embarazos encima y las tetas gigantes  l√≥gicamente no tengo ninguna de las dos,"['duele', 'espalda', 'si', 'embarazos', 'encima', 'tetas', 'gigantes', 'l√≥gicamente', 'ninguna', 'dos']"
repitan conmigo  las v√≠ctimas NO son responsables de lo que hagan los agresores,"['repitan', 'conmigo', 'v√≠ctimas', 'responsables', 'hagan', 'agresores']"
"@oriyorkee verga por fin, ya era hora","['oriyorkee', 'verga', 'fin', 'hora']"
me declaro fan del soundtrack de teen beach movie,"['declaro', 'fan', 'soundtrack', 'teen', 'beach', 'movie']"
"mi amor si te presto algo, devu√©lvemelo por fis","['amor', 'si', 'presto', 'devu√©lvemelo', 'fis']"
"te odio pandemia, te tengo arrechera","['odio', 'pandemia', 'arrechera']"
y de mi mam√°,['mam√°']
estoy amando a mi profe de periodismo,"['amando', 'profe', 'periodismo']"
